trade_id,check_id,check_name,severity,recorded_value,recalculated_value,difference,verdict,blocking,evidence,reviewer,reviewed_at,notes
STOCK_RS_PULLBACK_v1:300925.SZ:2024-09-24:2024-09-25,UNIVERSE_TRADABLE_AT_SIGNAL,Signal-day universe,CRITICAL,"""300925.SZ""",true,,PASS,True,"""signal_date=2024-09-24 00:00:00""",OpenCode (assistant),2026-07-17T10:13:39Z,"Manual review confirmed check logic, source evidence, and applicable recorded/recalculated values."
STOCK_RS_PULLBACK_v1:300925.SZ:2024-09-24:2024-09-25,DATE_ORDER_VALID,Pullback/trigger/entry order,CRITICAL,"[""2024-09-18 00:00:00"", ""2024-09-24 00:00:00"", ""2024-09-25 00:00:00""]",true,,PASS,True,"""strictly increasing dates""",OpenCode (assistant),2026-07-17T10:13:39Z,"Manual review confirmed check logic, source evidence, and applicable recorded/recalculated values."
STOCK_RS_PULLBACK_v1:300925.SZ:2024-09-24:2024-09-25,NO_LOOKAHEAD_IN_INDICATORS,Prefix-only indicator reconstruction,CRITICAL,"{""benchmark_ret20"": 0.007429692924058928, ""high_10d"": 19.85, ""ma20"": 11.565999999999999, ""ma60"": 10.203833333333334, ""ret20"": 0.8858921161825726, ""vol_ma5"": 96595005.4}","{""benchmark_ret20"": 0.007429692924058928, ""high_10d"": 19.85, ""ma20"": 11.566, ""ma60"": 10.203833333333332, ""ret20"": 0.8858921161825726, ""vol_ma5"": 96595005.4}",,PASS,True,"""prefix-only rolling recomputation""",OpenCode (assistant),2026-07-17T10:13:39Z,"Manual review confirmed check logic, source evidence, and applicable recorded/recalculated values."
STOCK_RS_PULLBACK_v1:300925.SZ:2024-09-24:2024-09-25,ENTRY_IS_NEXT_TRADING_DAY_OPEN,Next trading-day open entry,CRITICAL,"[""2024-09-25"", 17.39]","[""2024-09-25 00:00:00"", 17.39]",,PASS,True,"""first stock bar after trigger""",OpenCode (assistant),2026-07-17T10:13:39Z,"Manual review confirmed check logic, source evidence, and applicable recorded/recalculated values."
STOCK_RS_PULLBACK_v1:300925.SZ:2024-09-24:2024-09-25,ENTRY_DAY_EXECUTABLE,Entry-day execution status,CRITICAL,"{""adj_factor"": null, ""adj_type"": ""qfq"", ""close"": 19.06, ""code"": ""300925.SZ"", ""date"": ""2024-09-25 00:00:00"", ""high"": 19.62, ""is_limit_down"": false, ""is_limit_up"": false, ""is_st"": false, ""is_suspended"": false, ""low"": 16.74, ""open"": 17.39, ""source"": ""tongdaxin_export"", ""volume"": 141002223}","{""executable"": true, ""expected_outcome"": ""valid trade requires executable entry""}",,PASS,True,"""suspension and limit-up flags""",OpenCode (assistant),2026-07-17T10:13:39Z,"Manual review confirmed check logic, source evidence, and applicable recorded/recalculated values."
STOCK_RS_PULLBACK_v1:300925.SZ:2024-09-24:2024-09-25,T1_NO_ENTRY_DAY_EXIT,A-share T+1,CRITICAL,"[""2024-09-25 00:00:00"", ""2024-10-09 00:00:00""]",true,,PASS,True,"""exit must follow entry date""",OpenCode (assistant),2026-07-17T10:13:39Z,"Manual review confirmed check logic, source evidence, and applicable recorded/recalculated values."
STOCK_RS_PULLBACK_v1:300925.SZ:2024-09-24:2024-09-25,SAME_DAY_STOP_TARGET_STOP_FIRST,Stop/target intraday priority,CRITICAL,"""target_2r""","""not_triggered""",,PASS,True,"""post-entry daily bars""",OpenCode (assistant),2026-07-17T10:13:39Z,"Manual review confirmed check logic, source evidence, and applicable recorded/recalculated values."
STOCK_RS_PULLBACK_v1:300925.SZ:2024-09-24:2024-09-25,GAP_STOP_USES_EXECUTABLE_PRICE,Gap stop execution,CRITICAL,29.49,,,PASS,True,"""open price when opening below stop""",OpenCode (assistant),2026-07-17T10:13:39Z,"Manual review confirmed check logic, source evidence, and applicable recorded/recalculated values."
STOCK_RS_PULLBACK_v1:300925.SZ:2024-09-24:2024-09-25,D5_EXIT_BOUNDARY,D5 time-stop boundary,CRITICAL,6,5,1.0,PASS,True,"""target_2r""",OpenCode (assistant),2026-07-17T10:13:39Z,"Manual review confirmed check logic, source evidence, and applicable recorded/recalculated values."
STOCK_RS_PULLBACK_v1:300925.SZ:2024-09-24:2024-09-25,D10_EXIT_BOUNDARY,D10 max-holding boundary,CRITICAL,6,10,-4.0,PASS,True,"""target_2r""",OpenCode (assistant),2026-07-17T10:13:39Z,"Manual review confirmed check logic, source evidence, and applicable recorded/recalculated values."
STOCK_RS_PULLBACK_v1:300925.SZ:2024-09-24:2024-09-25,GROSS_RETURN_RECALCULATION,Gross return,CRITICAL,0.6958021851638874,0.6958021851638871,2.220446049250313e-16,PASS,True,"""round_trip_cost=0.002""",OpenCode (assistant),2026-07-17T10:13:39Z,"Manual review confirmed check logic, source evidence, and applicable recorded/recalculated values."
STOCK_RS_PULLBACK_v1:300925.SZ:2024-09-24:2024-09-25,NET_RETURN_AND_COST_RECALCULATION,Net return and one cost deduction,CRITICAL,0.6938021851638874,0.6938021851638871,2.220446049250313e-16,PASS,True,"""round_trip_cost=0.002""",OpenCode (assistant),2026-07-17T10:13:39Z,"Manual review confirmed check logic, source evidence, and applicable recorded/recalculated values."
STOCK_RS_PULLBACK_v1:300925.SZ:2024-09-24:2024-09-25,R_MULTIPLE_RECALCULATION,R multiple,CRITICAL,2.0,1.9999999999999993,6.661338147750939e-16,PASS,True,"""round_trip_cost=0.002""",OpenCode (assistant),2026-07-17T10:13:39Z,"Manual review confirmed check logic, source evidence, and applicable recorded/recalculated values."
STOCK_RS_PULLBACK_v1:300925.SZ:2024-09-24:2024-09-25,PRICE_ADJUSTMENT_CONSISTENCY,Adjustment series consistency,CRITICAL,"[""qfq""]","[""qfq""]",,PASS,True,"""signal/entry/exit adj_type""",OpenCode (assistant),2026-07-17T10:13:39Z,"Manual review confirmed check logic, source evidence, and applicable recorded/recalculated values."
STOCK_RS_PULLBACK_v1:300925.SZ:2024-09-24:2024-09-25,EXECUTION_REALISM,Raw execution-price realism,BLOCKING_DATA,"[""False"", false]",true,,NOT_EVALUABLE_EXECUTION_REALISM,True,"""requires raw prices and adjustment factors""",OpenCode (assistant),2026-07-17T10:13:39Z,Confirmed blocking data limitation: sampled bars are qfq-only; raw execution prices and complete adjustment factors are unavailable.
STOCK_RS_PULLBACK_v1:300925.SZ:2024-09-24:2024-09-25,HISTORICAL_ST_STATUS,Historical ST status,BLOCKING_DATA,,,,NOT_EVALUABLE_MISSING_HISTORICAL_ST,True,"""provider history unavailable""",OpenCode (assistant),2026-07-17T10:13:39Z,Confirmed blocking data limitation: source lacks reliable point-in-time historical ST status.
STOCK_RS_PULLBACK_v1:300925.SZ:2024-09-24:2024-09-25,LIMIT_PRICE_VERIFICATION,Board/date-specific limit price,BLOCKING_DATA,,,,NOT_EVALUABLE_LIMIT_PRICE,True,"""requires historical board/ST/listing-stage rules""",OpenCode (assistant),2026-07-17T10:13:39Z,Confirmed blocking data limitation: exact board/date/listing-stage/ST limit prices cannot be reconstructed from frozen inputs.
STOCK_RS_PULLBACK_v1:601919.SH:2009-07-16:2009-07-17,UNIVERSE_TRADABLE_AT_SIGNAL,Signal-day universe,CRITICAL,"""601919.SH""",true,,PASS,True,"""signal_date=2009-07-16 00:00:00""",OpenCode (assistant),2026-07-17T10:13:39Z,"Manual review confirmed check logic, source evidence, and applicable recorded/recalculated values."
STOCK_RS_PULLBACK_v1:601919.SH:2009-07-16:2009-07-17,DATE_ORDER_VALID,Pullback/trigger/entry order,CRITICAL,"[""2009-07-09 00:00:00"", ""2009-07-16 00:00:00"", ""2009-07-17 00:00:00""]",true,,PASS,True,"""strictly increasing dates""",OpenCode (assistant),2026-07-17T10:13:39Z,"Manual review confirmed check logic, source evidence, and applicable recorded/recalculated values."
STOCK_RS_PULLBACK_v1:601919.SH:2009-07-16:2009-07-17,NO_LOOKAHEAD_IN_INDICATORS,Prefix-only indicator reconstruction,CRITICAL,"{""benchmark_ret20"": 0.1451578613410609, ""high_10d"": 5.35, ""ma20"": 3.19, ""ma60"": 2.4825, ""ret20"": 0.8333333333333333, ""vol_ma5"": 117472998.6}","{""benchmark_ret20"": 0.1451578613410609, ""high_10d"": 5.35, ""ma20"": 3.19, ""ma60"": 2.4825000000000004, ""ret20"": 0.8333333333333333, ""vol_ma5"": 117472998.6}",,PASS,True,"""prefix-only rolling recomputation""",OpenCode (assistant),2026-07-17T10:13:39Z,"Manual review confirmed check logic, source evidence, and applicable recorded/recalculated values."
STOCK_RS_PULLBACK_v1:601919.SH:2009-07-16:2009-07-17,ENTRY_IS_NEXT_TRADING_DAY_OPEN,Next trading-day open entry,CRITICAL,"[""2009-07-17"", 4.6]","[""2009-07-17 00:00:00"", 4.6]",,PASS,True,"""first stock bar after trigger""",OpenCode (assistant),2026-07-17T10:13:39Z,"Manual review confirmed check logic, source evidence, and applicable recorded/recalculated values."
STOCK_RS_PULLBACK_v1:601919.SH:2009-07-16:2009-07-17,ENTRY_DAY_EXECUTABLE,Entry-day execution status,CRITICAL,"{""adj_factor"": null, ""adj_type"": ""qfq"", ""close"": 4.89, ""code"": ""601919.SH"", ""date"": ""2009-07-17 00:00:00"", ""high"": 5.06, ""is_limit_down"": false, ""is_limit_up"": false, ""is_st"": false, ""is_suspended"": false, ""low"": 4.55, ""open"": 4.6, ""source"": ""tongdaxin_export"", ""volume"": 95641309}","{""executable"": true, ""expected_outcome"": ""valid trade requires executable entry""}",,PASS,True,"""suspension and limit-up flags""",OpenCode (assistant),2026-07-17T10:13:39Z,"Manual review confirmed check logic, source evidence, and applicable recorded/recalculated values."
STOCK_RS_PULLBACK_v1:601919.SH:2009-07-16:2009-07-17,T1_NO_ENTRY_DAY_EXIT,A-share T+1,CRITICAL,"[""2009-07-17 00:00:00"", ""2009-07-28 00:00:00""]",true,,PASS,True,"""exit must follow entry date""",OpenCode (assistant),2026-07-17T10:13:39Z,"Manual review confirmed check logic, source evidence, and applicable recorded/recalculated values."
STOCK_RS_PULLBACK_v1:601919.SH:2009-07-16:2009-07-17,SAME_DAY_STOP_TARGET_STOP_FIRST,Stop/target intraday priority,CRITICAL,"""target_2r""","""not_triggered""",,PASS,True,"""post-entry daily bars""",OpenCode (assistant),2026-07-17T10:13:39Z,"Manual review confirmed check logic, source evidence, and applicable recorded/recalculated values."
STOCK_RS_PULLBACK_v1:601919.SH:2009-07-16:2009-07-17,GAP_STOP_USES_EXECUTABLE_PRICE,Gap stop execution,CRITICAL,7.159999999999999,,,PASS,True,"""open price when opening below stop""",OpenCode (assistant),2026-07-17T10:13:39Z,"Manual review confirmed check logic, source evidence, and applicable recorded/recalculated values."
STOCK_RS_PULLBACK_v1:601919.SH:2009-07-16:2009-07-17,D5_EXIT_BOUNDARY,D5 time-stop boundary,CRITICAL,8,5,3.0,PASS,True,"""target_2r""",OpenCode (assistant),2026-07-17T10:13:39Z,"Manual review confirmed check logic, source evidence, and applicable recorded/recalculated values."
STOCK_RS_PULLBACK_v1:601919.SH:2009-07-16:2009-07-17,D10_EXIT_BOUNDARY,D10 max-holding boundary,CRITICAL,8,10,-2.0,PASS,True,"""target_2r""",OpenCode (assistant),2026-07-17T10:13:39Z,"Manual review confirmed check logic, source evidence, and applicable recorded/recalculated values."
STOCK_RS_PULLBACK_v1:601919.SH:2009-07-16:2009-07-17,GROSS_RETURN_RECALCULATION,Gross return,CRITICAL,0.5565217391304347,0.5565217391304347,0.0,PASS,True,"""round_trip_cost=0.002""",OpenCode (assistant),2026-07-17T10:13:39Z,"Manual review confirmed check logic, source evidence, and applicable recorded/recalculated values."
STOCK_RS_PULLBACK_v1:601919.SH:2009-07-16:2009-07-17,NET_RETURN_AND_COST_RECALCULATION,Net return and one cost deduction,CRITICAL,0.5545217391304347,0.5545217391304347,0.0,PASS,True,"""round_trip_cost=0.002""",OpenCode (assistant),2026-07-17T10:13:39Z,"Manual review confirmed check logic, source evidence, and applicable recorded/recalculated values."
STOCK_RS_PULLBACK_v1:601919.SH:2009-07-16:2009-07-17,R_MULTIPLE_RECALCULATION,R multiple,CRITICAL,2.0,2.0,0.0,PASS,True,"""round_trip_cost=0.002""",OpenCode (assistant),2026-07-17T10:13:39Z,"Manual review confirmed check logic, source evidence, and applicable recorded/recalculated values."
STOCK_RS_PULLBACK_v1:601919.SH:2009-07-16:2009-07-17,PRICE_ADJUSTMENT_CONSISTENCY,Adjustment series consistency,CRITICAL,"[""qfq""]","[""qfq""]",,PASS,True,"""signal/entry/exit adj_type""",OpenCode (assistant),2026-07-17T10:13:39Z,"Manual review confirmed check logic, source evidence, and applicable recorded/recalculated values."
STOCK_RS_PULLBACK_v1:601919.SH:2009-07-16:2009-07-17,EXECUTION_REALISM,Raw execution-price realism,BLOCKING_DATA,"[""False"", false]",true,,NOT_EVALUABLE_EXECUTION_REALISM,True,"""requires raw prices and adjustment factors""",OpenCode (assistant),2026-07-17T10:13:39Z,Confirmed blocking data limitation: sampled bars are qfq-only; raw execution prices and complete adjustment factors are unavailable.
STOCK_RS_PULLBACK_v1:601919.SH:2009-07-16:2009-07-17,HISTORICAL_ST_STATUS,Historical ST status,BLOCKING_DATA,,,,NOT_EVALUABLE_MISSING_HISTORICAL_ST,True,"""provider history unavailable""",OpenCode (assistant),2026-07-17T10:13:39Z,Confirmed blocking data limitation: source lacks reliable point-in-time historical ST status.
STOCK_RS_PULLBACK_v1:601919.SH:2009-07-16:2009-07-17,LIMIT_PRICE_VERIFICATION,Board/date-specific limit price,BLOCKING_DATA,,,,NOT_EVALUABLE_LIMIT_PRICE,True,"""requires historical board/ST/listing-stage rules""",OpenCode (assistant),2026-07-17T10:13:39Z,Confirmed blocking data limitation: exact board/date/listing-stage/ST limit prices cannot be reconstructed from frozen inputs.
STOCK_RS_PULLBACK_v1:600295.SH:2021-02-24:2021-02-25,UNIVERSE_TRADABLE_AT_SIGNAL,Signal-day universe,CRITICAL,"""600295.SH""",true,,PASS,True,"""signal_date=2021-02-24 00:00:00""",OpenCode (assistant),2026-07-17T10:13:39Z,"Manual review confirmed check logic, source evidence, and applicable recorded/recalculated values."
STOCK_RS_PULLBACK_v1:600295.SH:2021-02-24:2021-02-25,DATE_ORDER_VALID,Pullback/trigger/entry order,CRITICAL,"[""2021-02-10 00:00:00"", ""2021-02-24 00:00:00"", ""2021-02-25 00:00:00""]",true,,PASS,True,"""strictly increasing dates""",OpenCode (assistant),2026-07-17T10:13:39Z,"Manual review confirmed check logic, source evidence, and applicable recorded/recalculated values."
STOCK_RS_PULLBACK_v1:600295.SH:2021-02-24:2021-02-25,NO_LOOKAHEAD_IN_INDICATORS,Prefix-only indicator reconstruction,CRITICAL,"{""benchmark_ret20"": -0.007095863546142445, ""high_10d"": 5.71, ""ma20"": 2.4855, ""ma60"": 1.651166666666667, ""ret20"": 2.6028368794326244, ""vol_ma5"": 33943398.6}","{""benchmark_ret20"": -0.007095863546142445, ""high_10d"": 5.71, ""ma20"": 2.4855, ""ma60"": 1.651166666666667, ""ret20"": 2.6028368794326244, ""vol_ma5"": 33943398.6}",,PASS,True,"""prefix-only rolling recomputation""",OpenCode (assistant),2026-07-17T10:13:39Z,"Manual review confirmed check logic, source evidence, and applicable recorded/recalculated values."
STOCK_RS_PULLBACK_v1:600295.SH:2021-02-24:2021-02-25,ENTRY_IS_NEXT_TRADING_DAY_OPEN,Next trading-day open entry,CRITICAL,"[""2021-02-25"", 5.4]","[""2021-02-25 00:00:00"", 5.4]",,PASS,True,"""first stock bar after trigger""",OpenCode (assistant),2026-07-17T10:13:39Z,"Manual review confirmed check logic, source evidence, and applicable recorded/recalculated values."
STOCK_RS_PULLBACK_v1:600295.SH:2021-02-24:2021-02-25,ENTRY_DAY_EXECUTABLE,Entry-day execution status,CRITICAL,"{""adj_factor"": null, ""adj_type"": ""qfq"", ""close"": 5.22, ""code"": ""600295.SH"", ""date"": ""2021-02-25 00:00:00"", ""high"": 5.59, ""is_limit_down"": false, ""is_limit_up"": false, ""is_st"": false, ""is_suspended"": false, ""low"": 4.58, ""open"": 5.4, ""source"": ""tongdaxin_export"", ""volume"": 62614568}","{""executable"": true, ""expected_outcome"": ""valid trade requires executable entry""}",,PASS,True,"""suspension and limit-up flags""",OpenCode (assistant),2026-07-17T10:13:39Z,"Manual review confirmed check logic, source evidence, and applicable recorded/recalculated values."
STOCK_RS_PULLBACK_v1:600295.SH:2021-02-24:2021-02-25,T1_NO_ENTRY_DAY_EXIT,A-share T+1,CRITICAL,"[""2021-02-25 00:00:00"", ""2021-03-03 00:00:00""]",true,,PASS,True,"""exit must follow entry date""",OpenCode (assistant),2026-07-17T10:13:39Z,"Manual review confirmed check logic, source evidence, and applicable recorded/recalculated values."
STOCK_RS_PULLBACK_v1:600295.SH:2021-02-24:2021-02-25,SAME_DAY_STOP_TARGET_STOP_FIRST,Stop/target intraday priority,CRITICAL,"""time_stop_no_upside_progress""","""not_triggered""",,PASS,True,"""post-entry daily bars""",OpenCode (assistant),2026-07-17T10:13:39Z,"Manual review confirmed check logic, source evidence, and applicable recorded/recalculated values."
STOCK_RS_PULLBACK_v1:600295.SH:2021-02-24:2021-02-25,GAP_STOP_USES_EXECUTABLE_PRICE,Gap stop execution,CRITICAL,8.23,,,PASS,True,"""open price when opening below stop""",OpenCode (assistant),2026-07-17T10:13:39Z,"Manual review confirmed check logic, source evidence, and applicable recorded/recalculated values."
STOCK_RS_PULLBACK_v1:600295.SH:2021-02-24:2021-02-25,D5_EXIT_BOUNDARY,D5 time-stop boundary,CRITICAL,5,5,0.0,PASS,True,"""time_stop_no_upside_progress""",OpenCode (assistant),2026-07-17T10:13:39Z,"Manual review confirmed check logic, source evidence, and applicable recorded/recalculated values."
STOCK_RS_PULLBACK_v1:600295.SH:2021-02-24:2021-02-25,D10_EXIT_BOUNDARY,D10 max-holding boundary,CRITICAL,5,10,-5.0,PASS,True,"""time_stop_no_upside_progress""",OpenCode (assistant),2026-07-17T10:13:39Z,"Manual review confirmed check logic, source evidence, and applicable recorded/recalculated values."
STOCK_RS_PULLBACK_v1:600295.SH:2021-02-24:2021-02-25,GROSS_RETURN_RECALCULATION,Gross return,CRITICAL,0.5240740740740741,0.5240740740740741,0.0,PASS,True,"""round_trip_cost=0.002""",OpenCode (assistant),2026-07-17T10:13:39Z,"Manual review confirmed check logic, source evidence, and applicable recorded/recalculated values."
STOCK_RS_PULLBACK_v1:600295.SH:2021-02-24:2021-02-25,NET_RETURN_AND_COST_RECALCULATION,Net return and one cost deduction,CRITICAL,0.5220740740740741,0.5220740740740741,0.0,PASS,True,"""round_trip_cost=0.002""",OpenCode (assistant),2026-07-17T10:13:39Z,"Manual review confirmed check logic, source evidence, and applicable recorded/recalculated values."
STOCK_RS_PULLBACK_v1:600295.SH:2021-02-24:2021-02-25,R_MULTIPLE_RECALCULATION,R multiple,CRITICAL,0.8628048780487805,0.8628048780487805,0.0,PASS,True,"""round_trip_cost=0.002""",OpenCode (assistant),2026-07-17T10:13:39Z,"Manual review confirmed check logic, source evidence, and applicable recorded/recalculated values."
STOCK_RS_PULLBACK_v1:600295.SH:2021-02-24:2021-02-25,PRICE_ADJUSTMENT_CONSISTENCY,Adjustment series consistency,CRITICAL,"[""qfq""]","[""qfq""]",,PASS,True,"""signal/entry/exit adj_type""",OpenCode (assistant),2026-07-17T10:13:39Z,"Manual review confirmed check logic, source evidence, and applicable recorded/recalculated values."
STOCK_RS_PULLBACK_v1:600295.SH:2021-02-24:2021-02-25,EXECUTION_REALISM,Raw execution-price realism,BLOCKING_DATA,"[""False"", false]",true,,NOT_EVALUABLE_EXECUTION_REALISM,True,"""requires raw prices and adjustment factors""",OpenCode (assistant),2026-07-17T10:13:39Z,Confirmed blocking data limitation: sampled bars are qfq-only; raw execution prices and complete adjustment factors are unavailable.
STOCK_RS_PULLBACK_v1:600295.SH:2021-02-24:2021-02-25,HISTORICAL_ST_STATUS,Historical ST status,BLOCKING_DATA,,,,NOT_EVALUABLE_MISSING_HISTORICAL_ST,True,"""provider history unavailable""",OpenCode (assistant),2026-07-17T10:13:39Z,Confirmed blocking data limitation: source lacks reliable point-in-time historical ST status.
STOCK_RS_PULLBACK_v1:600295.SH:2021-02-24:2021-02-25,LIMIT_PRICE_VERIFICATION,Board/date-specific limit price,BLOCKING_DATA,,,,NOT_EVALUABLE_LIMIT_PRICE,True,"""requires historical board/ST/listing-stage rules""",OpenCode (assistant),2026-07-17T10:13:39Z,Confirmed blocking data limitation: exact board/date/listing-stage/ST limit prices cannot be reconstructed from frozen inputs.
STOCK_RS_PULLBACK_v1:002601.SZ:2016-02-22:2016-02-23,UNIVERSE_TRADABLE_AT_SIGNAL,Signal-day universe,CRITICAL,"""002601.SZ""",true,,PASS,True,"""signal_date=2016-02-22 00:00:00""",OpenCode (assistant),2026-07-17T10:13:39Z,"Manual review confirmed check logic, source evidence, and applicable recorded/recalculated values."
STOCK_RS_PULLBACK_v1:002601.SZ:2016-02-22:2016-02-23,DATE_ORDER_VALID,Pullback/trigger/entry order,CRITICAL,"[""2016-02-16 00:00:00"", ""2016-02-22 00:00:00"", ""2016-02-23 00:00:00""]",true,,PASS,True,"""strictly increasing dates""",OpenCode (assistant),2026-07-17T10:13:39Z,"Manual review confirmed check logic, source evidence, and applicable recorded/recalculated values."
STOCK_RS_PULLBACK_v1:002601.SZ:2016-02-22:2016-02-23,NO_LOOKAHEAD_IN_INDICATORS,Prefix-only indicator reconstruction,CRITICAL,"{""benchmark_ret20"": -0.00378825385772652, ""high_10d"": 4.59, ""ma20"": 2.1605, ""ma60"": 1.8511666666666668, ""ret20"": 10.54054054054054, ""vol_ma5"": 10964377.6}","{""benchmark_ret20"": -0.00378825385772652, ""high_10d"": 4.59, ""ma20"": 2.1605, ""ma60"": 1.8511666666666666, ""ret20"": 10.54054054054054, ""vol_ma5"": 10964377.6}",,PASS,True,"""prefix-only rolling recomputation""",OpenCode (assistant),2026-07-17T10:13:39Z,"Manual review confirmed check logic, source evidence, and applicable recorded/recalculated values."
STOCK_RS_PULLBACK_v1:002601.SZ:2016-02-22:2016-02-23,ENTRY_IS_NEXT_TRADING_DAY_OPEN,Next trading-day open entry,CRITICAL,"[""2016-02-23"", 4.32]","[""2016-02-23 00:00:00"", 4.32]",,PASS,True,"""first stock bar after trigger""",OpenCode (assistant),2026-07-17T10:13:39Z,"Manual review confirmed check logic, source evidence, and applicable recorded/recalculated values."
STOCK_RS_PULLBACK_v1:002601.SZ:2016-02-22:2016-02-23,ENTRY_DAY_EXECUTABLE,Entry-day execution status,CRITICAL,"{""adj_factor"": null, ""adj_type"": ""qfq"", ""close"": 4.66, ""code"": ""002601.SZ"", ""date"": ""2016-02-23 00:00:00"", ""high"": 4.89, ""is_limit_down"": false, ""is_limit_up"": false, ""is_st"": false, ""is_suspended"": false, ""low"": 4.13, ""open"": 4.32, ""source"": ""tongdaxin_export"", ""volume"": 11269837}","{""executable"": true, ""expected_outcome"": ""valid trade requires executable entry""}",,PASS,True,"""suspension and limit-up flags""",OpenCode (assistant),2026-07-17T10:13:39Z,"Manual review confirmed check logic, source evidence, and applicable recorded/recalculated values."
STOCK_RS_PULLBACK_v1:002601.SZ:2016-02-22:2016-02-23,T1_NO_ENTRY_DAY_EXIT,A-share T+1,CRITICAL,"[""2016-02-23 00:00:00"", ""2016-02-26 00:00:00""]",true,,PASS,True,"""exit must follow entry date""",OpenCode (assistant),2026-07-17T10:13:39Z,"Manual review confirmed check logic, source evidence, and applicable recorded/recalculated values."
STOCK_RS_PULLBACK_v1:002601.SZ:2016-02-22:2016-02-23,SAME_DAY_STOP_TARGET_STOP_FIRST,Stop/target intraday priority,CRITICAL,"""stop_loss""","""not_triggered""",,PASS,True,"""post-entry daily bars""",OpenCode (assistant),2026-07-17T10:13:39Z,"Manual review confirmed check logic, source evidence, and applicable recorded/recalculated values."
STOCK_RS_PULLBACK_v1:002601.SZ:2016-02-22:2016-02-23,GAP_STOP_USES_EXECUTABLE_PRICE,Gap stop execution,CRITICAL,2.49,2.49,0.0,PASS,True,"""open price when opening below stop""",OpenCode (assistant),2026-07-17T10:13:39Z,"Manual review confirmed check logic, source evidence, and applicable recorded/recalculated values."
STOCK_RS_PULLBACK_v1:002601.SZ:2016-02-22:2016-02-23,D5_EXIT_BOUNDARY,D5 time-stop boundary,CRITICAL,4,5,-1.0,PASS,True,"""stop_loss""",OpenCode (assistant),2026-07-17T10:13:39Z,"Manual review confirmed check logic, source evidence, and applicable recorded/recalculated values."
STOCK_RS_PULLBACK_v1:002601.SZ:2016-02-22:2016-02-23,D10_EXIT_BOUNDARY,D10 max-holding boundary,CRITICAL,4,10,-6.0,PASS,True,"""stop_loss""",OpenCode (assistant),2026-07-17T10:13:39Z,"Manual review confirmed check logic, source evidence, and applicable recorded/recalculated values."
STOCK_RS_PULLBACK_v1:002601.SZ:2016-02-22:2016-02-23,GROSS_RETURN_RECALCULATION,Gross return,CRITICAL,-0.423611111111111,-0.42361111111111105,5.551115123125783e-17,PASS,True,"""round_trip_cost=0.002""",OpenCode (assistant),2026-07-17T10:13:39Z,"Manual review confirmed check logic, source evidence, and applicable recorded/recalculated values."
STOCK_RS_PULLBACK_v1:002601.SZ:2016-02-22:2016-02-23,NET_RETURN_AND_COST_RECALCULATION,Net return and one cost deduction,CRITICAL,-0.425611111111111,-0.42561111111111105,5.551115123125783e-17,PASS,True,"""round_trip_cost=0.002""",OpenCode (assistant),2026-07-17T10:13:39Z,"Manual review confirmed check logic, source evidence, and applicable recorded/recalculated values."
STOCK_RS_PULLBACK_v1:002601.SZ:2016-02-22:2016-02-23,R_MULTIPLE_RECALCULATION,R multiple,CRITICAL,-1.0,-1.0,0.0,PASS,True,"""round_trip_cost=0.002""",OpenCode (assistant),2026-07-17T10:13:39Z,"Manual review confirmed check logic, source evidence, and applicable recorded/recalculated values."
STOCK_RS_PULLBACK_v1:002601.SZ:2016-02-22:2016-02-23,PRICE_ADJUSTMENT_CONSISTENCY,Adjustment series consistency,CRITICAL,"[""qfq""]","[""qfq""]",,PASS,True,"""signal/entry/exit adj_type""",OpenCode (assistant),2026-07-17T10:13:39Z,"Manual review confirmed check logic, source evidence, and applicable recorded/recalculated values."
STOCK_RS_PULLBACK_v1:002601.SZ:2016-02-22:2016-02-23,EXECUTION_REALISM,Raw execution-price realism,BLOCKING_DATA,"[""False"", false]",true,,NOT_EVALUABLE_EXECUTION_REALISM,True,"""requires raw prices and adjustment factors""",OpenCode (assistant),2026-07-17T10:13:39Z,Confirmed blocking data limitation: sampled bars are qfq-only; raw execution prices and complete adjustment factors are unavailable.
STOCK_RS_PULLBACK_v1:002601.SZ:2016-02-22:2016-02-23,HISTORICAL_ST_STATUS,Historical ST status,BLOCKING_DATA,,,,NOT_EVALUABLE_MISSING_HISTORICAL_ST,True,"""provider history unavailable""",OpenCode (assistant),2026-07-17T10:13:39Z,Confirmed blocking data limitation: source lacks reliable point-in-time historical ST status.
STOCK_RS_PULLBACK_v1:002601.SZ:2016-02-22:2016-02-23,LIMIT_PRICE_VERIFICATION,Board/date-specific limit price,BLOCKING_DATA,,,,NOT_EVALUABLE_LIMIT_PRICE,True,"""requires historical board/ST/listing-stage rules""",OpenCode (assistant),2026-07-17T10:13:39Z,Confirmed blocking data limitation: exact board/date/listing-stage/ST limit prices cannot be reconstructed from frozen inputs.
STOCK_RS_PULLBACK_v1:688353.SH:2025-11-17:2025-11-18,UNIVERSE_TRADABLE_AT_SIGNAL,Signal-day universe,CRITICAL,"""688353.SH""",true,,PASS,True,"""signal_date=2025-11-17 00:00:00""",OpenCode (assistant),2026-07-17T10:13:39Z,"Manual review confirmed check logic, source evidence, and applicable recorded/recalculated values."
STOCK_RS_PULLBACK_v1:688353.SH:2025-11-17:2025-11-18,DATE_ORDER_VALID,Pullback/trigger/entry order,CRITICAL,"[""2025-11-12 00:00:00"", ""2025-11-17 00:00:00"", ""2025-11-18 00:00:00""]",true,,PASS,True,"""strictly increasing dates""",OpenCode (assistant),2026-07-17T10:13:39Z,"Manual review confirmed check logic, source evidence, and applicable recorded/recalculated values."
STOCK_RS_PULLBACK_v1:688353.SH:2025-11-17:2025-11-18,NO_LOOKAHEAD_IN_INDICATORS,Prefix-only indicator reconstruction,CRITICAL,"{""benchmark_ret20"": 0.013183582990687892, ""high_10d"": 155.0, ""ma20"": 68.8165, ""ma60"": 50.3195, ""ret20"": 1.8484911550468266, ""vol_ma5"": 17550253.4}","{""benchmark_ret20"": 0.013183582990687892, ""high_10d"": 155.0, ""ma20"": 68.81649999999999, ""ma60"": 50.31949999999999, ""ret20"": 1.8484911550468266, ""vol_ma5"": 17550253.4}",,PASS,True,"""prefix-only rolling recomputation""",OpenCode (assistant),2026-07-17T10:13:39Z,"Manual review confirmed check logic, source evidence, and applicable recorded/recalculated values."
STOCK_RS_PULLBACK_v1:688353.SH:2025-11-17:2025-11-18,ENTRY_IS_NEXT_TRADING_DAY_OPEN,Next trading-day open entry,CRITICAL,"[""2025-11-18"", 130.0]","[""2025-11-18 00:00:00"", 130.0]",,PASS,True,"""first stock bar after trigger""",OpenCode (assistant),2026-07-17T10:13:39Z,"Manual review confirmed check logic, source evidence, and applicable recorded/recalculated values."
STOCK_RS_PULLBACK_v1:688353.SH:2025-11-17:2025-11-18,ENTRY_DAY_EXECUTABLE,Entry-day execution status,CRITICAL,"{""adj_factor"": null, ""adj_type"": ""qfq"", ""close"": 113.0, ""code"": ""688353.SH"", ""date"": ""2025-11-18 00:00:00"", ""high"": 132.0, ""is_limit_down"": true, ""is_limit_up"": false, ""is_st"": false, ""is_suspended"": false, ""low"": 112.23, ""open"": 130.0, ""source"": ""tongdaxin_export"", ""volume"": 20289195}","{""executable"": true, ""expected_outcome"": ""valid trade requires executable entry""}",,PASS,True,"""suspension and limit-up flags""",OpenCode (assistant),2026-07-17T10:13:39Z,"Manual review confirmed check logic, source evidence, and applicable recorded/recalculated values."
STOCK_RS_PULLBACK_v1:688353.SH:2025-11-17:2025-11-18,T1_NO_ENTRY_DAY_EXIT,A-share T+1,CRITICAL,"[""2025-11-18 00:00:00"", ""2025-11-24 00:00:00""]",true,,PASS,True,"""exit must follow entry date""",OpenCode (assistant),2026-07-17T10:13:39Z,"Manual review confirmed check logic, source evidence, and applicable recorded/recalculated values."
STOCK_RS_PULLBACK_v1:688353.SH:2025-11-17:2025-11-18,SAME_DAY_STOP_TARGET_STOP_FIRST,Stop/target intraday priority,CRITICAL,"""time_stop_no_upside_progress""","""not_triggered""",,PASS,True,"""post-entry daily bars""",OpenCode (assistant),2026-07-17T10:13:39Z,"Manual review confirmed check logic, source evidence, and applicable recorded/recalculated values."
STOCK_RS_PULLBACK_v1:688353.SH:2025-11-17:2025-11-18,GAP_STOP_USES_EXECUTABLE_PRICE,Gap stop execution,CRITICAL,93.4,,,PASS,True,"""open price when opening below stop""",OpenCode (assistant),2026-07-17T10:13:39Z,"Manual review confirmed check logic, source evidence, and applicable recorded/recalculated values."
STOCK_RS_PULLBACK_v1:688353.SH:2025-11-17:2025-11-18,D5_EXIT_BOUNDARY,D5 time-stop boundary,CRITICAL,5,5,0.0,PASS,True,"""time_stop_no_upside_progress""",OpenCode (assistant),2026-07-17T10:13:39Z,"Manual review confirmed check logic, source evidence, and applicable recorded/recalculated values."
STOCK_RS_PULLBACK_v1:688353.SH:2025-11-17:2025-11-18,D10_EXIT_BOUNDARY,D10 max-holding boundary,CRITICAL,5,10,-5.0,PASS,True,"""time_stop_no_upside_progress""",OpenCode (assistant),2026-07-17T10:13:39Z,"Manual review confirmed check logic, source evidence, and applicable recorded/recalculated values."
STOCK_RS_PULLBACK_v1:688353.SH:2025-11-17:2025-11-18,GROSS_RETURN_RECALCULATION,Gross return,CRITICAL,-0.2815384615384615,-0.2815384615384615,0.0,PASS,True,"""round_trip_cost=0.002""",OpenCode (assistant),2026-07-17T10:13:39Z,"Manual review confirmed check logic, source evidence, and applicable recorded/recalculated values."
STOCK_RS_PULLBACK_v1:688353.SH:2025-11-17:2025-11-18,NET_RETURN_AND_COST_RECALCULATION,Net return and one cost deduction,CRITICAL,-0.2835384615384615,-0.2835384615384615,0.0,PASS,True,"""round_trip_cost=0.002""",OpenCode (assistant),2026-07-17T10:13:39Z,"Manual review confirmed check logic, source evidence, and applicable recorded/recalculated values."
STOCK_RS_PULLBACK_v1:688353.SH:2025-11-17:2025-11-18,R_MULTIPLE_RECALCULATION,R multiple,CRITICAL,-0.8929007074896316,-0.8929007074896316,0.0,PASS,True,"""round_trip_cost=0.002""",OpenCode (assistant),2026-07-17T10:13:39Z,"Manual review confirmed check logic, source evidence, and applicable recorded/recalculated values."
STOCK_RS_PULLBACK_v1:688353.SH:2025-11-17:2025-11-18,PRICE_ADJUSTMENT_CONSISTENCY,Adjustment series consistency,CRITICAL,"[""qfq""]","[""qfq""]",,PASS,True,"""signal/entry/exit adj_type""",OpenCode (assistant),2026-07-17T10:13:39Z,"Manual review confirmed check logic, source evidence, and applicable recorded/recalculated values."
STOCK_RS_PULLBACK_v1:688353.SH:2025-11-17:2025-11-18,EXECUTION_REALISM,Raw execution-price realism,BLOCKING_DATA,"[""False"", false]",true,,NOT_EVALUABLE_EXECUTION_REALISM,True,"""requires raw prices and adjustment factors""",OpenCode (assistant),2026-07-17T10:13:39Z,Confirmed blocking data limitation: sampled bars are qfq-only; raw execution prices and complete adjustment factors are unavailable.
STOCK_RS_PULLBACK_v1:688353.SH:2025-11-17:2025-11-18,HISTORICAL_ST_STATUS,Historical ST status,BLOCKING_DATA,,,,NOT_EVALUABLE_MISSING_HISTORICAL_ST,True,"""provider history unavailable""",OpenCode (assistant),2026-07-17T10:13:39Z,Confirmed blocking data limitation: source lacks reliable point-in-time historical ST status.
STOCK_RS_PULLBACK_v1:688353.SH:2025-11-17:2025-11-18,LIMIT_PRICE_VERIFICATION,Board/date-specific limit price,BLOCKING_DATA,,,,NOT_EVALUABLE_LIMIT_PRICE,True,"""requires historical board/ST/listing-stage rules""",OpenCode (assistant),2026-07-17T10:13:39Z,Confirmed blocking data limitation: exact board/date/listing-stage/ST limit prices cannot be reconstructed from frozen inputs.
STOCK_RS_PULLBACK_v1:000960.SZ:2010-01-11:2010-01-12,UNIVERSE_TRADABLE_AT_SIGNAL,Signal-day universe,CRITICAL,"""000960.SZ""",true,,PASS,True,"""signal_date=2010-01-11 00:00:00""",OpenCode (assistant),2026-07-17T10:13:39Z,"Manual review confirmed check logic, source evidence, and applicable recorded/recalculated values."
STOCK_RS_PULLBACK_v1:000960.SZ:2010-01-11:2010-01-12,DATE_ORDER_VALID,Pullback/trigger/entry order,CRITICAL,"[""2010-01-08 00:00:00"", ""2010-01-11 00:00:00"", ""2010-01-12 00:00:00""]",true,,PASS,True,"""strictly increasing dates""",OpenCode (assistant),2026-07-17T10:13:39Z,"Manual review confirmed check logic, source evidence, and applicable recorded/recalculated values."
STOCK_RS_PULLBACK_v1:000960.SZ:2010-01-11:2010-01-12,NO_LOOKAHEAD_IN_INDICATORS,Prefix-only indicator reconstruction,CRITICAL,"{""benchmark_ret20"": -0.026005448920565444, ""high_10d"": 26.72, ""ma20"": 22.860999999999997, ""ma60"": 22.163999999999998, ""ret20"": 0.1689457432730479, ""vol_ma5"": 25502410.2}","{""benchmark_ret20"": -0.026005448920565444, ""high_10d"": 26.72, ""ma20"": 22.860999999999997, ""ma60"": 22.163999999999998, ""ret20"": 0.1689457432730479, ""vol_ma5"": 25502410.2}",,PASS,True,"""prefix-only rolling recomputation""",OpenCode (assistant),2026-07-17T10:13:39Z,"Manual review confirmed check logic, source evidence, and applicable recorded/recalculated values."
STOCK_RS_PULLBACK_v1:000960.SZ:2010-01-11:2010-01-12,ENTRY_IS_NEXT_TRADING_DAY_OPEN,Next trading-day open entry,CRITICAL,"[""2010-01-12"", 26.57]","[""2010-01-12 00:00:00"", 26.57]",,PASS,True,"""first stock bar after trigger""",OpenCode (assistant),2026-07-17T10:13:39Z,"Manual review confirmed check logic, source evidence, and applicable recorded/recalculated values."
STOCK_RS_PULLBACK_v1:000960.SZ:2010-01-11:2010-01-12,ENTRY_DAY_EXECUTABLE,Entry-day execution status,CRITICAL,"{""adj_factor"": null, ""adj_type"": ""qfq"", ""close"": 25.84, ""code"": ""000960.SZ"", ""date"": ""2010-01-12 00:00:00"", ""high"": 26.57, ""is_limit_down"": false, ""is_limit_up"": false, ""is_st"": false, ""is_suspended"": false, ""low"": 25.39, ""open"": 26.57, ""source"": ""tongdaxin_export"", ""volume"": 15196800}","{""executable"": true, ""expected_outcome"": ""valid trade requires executable entry""}",,PASS,True,"""suspension and limit-up flags""",OpenCode (assistant),2026-07-17T10:13:39Z,"Manual review confirmed check logic, source evidence, and applicable recorded/recalculated values."
STOCK_RS_PULLBACK_v1:000960.SZ:2010-01-11:2010-01-12,T1_NO_ENTRY_DAY_EXIT,A-share T+1,CRITICAL,"[""2010-01-12 00:00:00"", ""2010-01-13 00:00:00""]",true,,PASS,True,"""exit must follow entry date""",OpenCode (assistant),2026-07-17T10:13:39Z,"Manual review confirmed check logic, source evidence, and applicable recorded/recalculated values."
STOCK_RS_PULLBACK_v1:000960.SZ:2010-01-11:2010-01-12,SAME_DAY_STOP_TARGET_STOP_FIRST,Stop/target intraday priority,CRITICAL,"""stop_loss""","""not_triggered""",,PASS,True,"""post-entry daily bars""",OpenCode (assistant),2026-07-17T10:13:39Z,"Manual review confirmed check logic, source evidence, and applicable recorded/recalculated values."
STOCK_RS_PULLBACK_v1:000960.SZ:2010-01-11:2010-01-12,GAP_STOP_USES_EXECUTABLE_PRICE,Gap stop execution,CRITICAL,24.31,24.31,0.0,PASS,True,"""open price when opening below stop""",OpenCode (assistant),2026-07-17T10:13:39Z,"Manual review confirmed check logic, source evidence, and applicable recorded/recalculated values."
STOCK_RS_PULLBACK_v1:000960.SZ:2010-01-11:2010-01-12,D5_EXIT_BOUNDARY,D5 time-stop boundary,CRITICAL,2,5,-3.0,PASS,True,"""stop_loss""",OpenCode (assistant),2026-07-17T10:13:39Z,"Manual review confirmed check logic, source evidence, and applicable recorded/recalculated values."
STOCK_RS_PULLBACK_v1:000960.SZ:2010-01-11:2010-01-12,D10_EXIT_BOUNDARY,D10 max-holding boundary,CRITICAL,2,10,-8.0,PASS,True,"""stop_loss""",OpenCode (assistant),2026-07-17T10:13:39Z,"Manual review confirmed check logic, source evidence, and applicable recorded/recalculated values."
STOCK_RS_PULLBACK_v1:000960.SZ:2010-01-11:2010-01-12,GROSS_RETURN_RECALCULATION,Gross return,CRITICAL,-0.0850583364697027,-0.08505833646970273,2.775557561562892e-17,PASS,True,"""round_trip_cost=0.002""",OpenCode (assistant),2026-07-17T10:13:39Z,"Manual review confirmed check logic, source evidence, and applicable recorded/recalculated values."
STOCK_RS_PULLBACK_v1:000960.SZ:2010-01-11:2010-01-12,NET_RETURN_AND_COST_RECALCULATION,Net return and one cost deduction,CRITICAL,-0.0870583364697027,-0.08705833646970274,4.163336342344337e-17,PASS,True,"""round_trip_cost=0.002""",OpenCode (assistant),2026-07-17T10:13:39Z,"Manual review confirmed check logic, source evidence, and applicable recorded/recalculated values."
STOCK_RS_PULLBACK_v1:000960.SZ:2010-01-11:2010-01-12,R_MULTIPLE_RECALCULATION,R multiple,CRITICAL,-1.0,-1.0,0.0,PASS,True,"""round_trip_cost=0.002""",OpenCode (assistant),2026-07-17T10:13:39Z,"Manual review confirmed check logic, source evidence, and applicable recorded/recalculated values."
STOCK_RS_PULLBACK_v1:000960.SZ:2010-01-11:2010-01-12,PRICE_ADJUSTMENT_CONSISTENCY,Adjustment series consistency,CRITICAL,"[""qfq""]","[""qfq""]",,PASS,True,"""signal/entry/exit adj_type""",OpenCode (assistant),2026-07-17T10:13:39Z,"Manual review confirmed check logic, source evidence, and applicable recorded/recalculated values."
STOCK_RS_PULLBACK_v1:000960.SZ:2010-01-11:2010-01-12,EXECUTION_REALISM,Raw execution-price realism,BLOCKING_DATA,"[""False"", false]",true,,NOT_EVALUABLE_EXECUTION_REALISM,True,"""requires raw prices and adjustment factors""",OpenCode (assistant),2026-07-17T10:13:39Z,Confirmed blocking data limitation: sampled bars are qfq-only; raw execution prices and complete adjustment factors are unavailable.
STOCK_RS_PULLBACK_v1:000960.SZ:2010-01-11:2010-01-12,HISTORICAL_ST_STATUS,Historical ST status,BLOCKING_DATA,,,,NOT_EVALUABLE_MISSING_HISTORICAL_ST,True,"""provider history unavailable""",OpenCode (assistant),2026-07-17T10:13:39Z,Confirmed blocking data limitation: source lacks reliable point-in-time historical ST status.
STOCK_RS_PULLBACK_v1:000960.SZ:2010-01-11:2010-01-12,LIMIT_PRICE_VERIFICATION,Board/date-specific limit price,BLOCKING_DATA,,,,NOT_EVALUABLE_LIMIT_PRICE,True,"""requires historical board/ST/listing-stage rules""",OpenCode (assistant),2026-07-17T10:13:39Z,Confirmed blocking data limitation: exact board/date/listing-stage/ST limit prices cannot be reconstructed from frozen inputs.
STOCK_RS_PULLBACK_v1:600699.SH:2020-11-12:2020-11-13,UNIVERSE_TRADABLE_AT_SIGNAL,Signal-day universe,CRITICAL,"""600699.SH""",true,,PASS,True,"""signal_date=2020-11-12 00:00:00""",OpenCode (assistant),2026-07-17T10:13:39Z,"Manual review confirmed check logic, source evidence, and applicable recorded/recalculated values."
STOCK_RS_PULLBACK_v1:600699.SH:2020-11-12:2020-11-13,DATE_ORDER_VALID,Pullback/trigger/entry order,CRITICAL,"[""2020-11-11 00:00:00"", ""2020-11-12 00:00:00"", ""2020-11-13 00:00:00""]",true,,PASS,True,"""strictly increasing dates""",OpenCode (assistant),2026-07-17T10:13:39Z,"Manual review confirmed check logic, source evidence, and applicable recorded/recalculated values."
STOCK_RS_PULLBACK_v1:600699.SH:2020-11-12:2020-11-13,NO_LOOKAHEAD_IN_INDICATORS,Prefix-only indicator reconstruction,CRITICAL,"{""benchmark_ret20"": 0.022864335221328913, ""high_10d"": 26.02, ""ma20"": 22.798, ""ma60"": 22.441333333333333, ""ret20"": 0.1503386004514673, ""vol_ma5"": 35339324.8}","{""benchmark_ret20"": 0.022864335221328913, ""high_10d"": 26.02, ""ma20"": 22.798000000000002, ""ma60"": 22.441333333333333, ""ret20"": 0.1503386004514673, ""vol_ma5"": 35339324.8}",,PASS,True,"""prefix-only rolling recomputation""",OpenCode (assistant),2026-07-17T10:13:39Z,"Manual review confirmed check logic, source evidence, and applicable recorded/recalculated values."
STOCK_RS_PULLBACK_v1:600699.SH:2020-11-12:2020-11-13,ENTRY_IS_NEXT_TRADING_DAY_OPEN,Next trading-day open entry,CRITICAL,"[""2020-11-13"", 25.91]","[""2020-11-13 00:00:00"", 25.91]",,PASS,True,"""first stock bar after trigger""",OpenCode (assistant),2026-07-17T10:13:39Z,"Manual review confirmed check logic, source evidence, and applicable recorded/recalculated values."
STOCK_RS_PULLBACK_v1:600699.SH:2020-11-12:2020-11-13,ENTRY_DAY_EXECUTABLE,Entry-day execution status,CRITICAL,"{""adj_factor"": null, ""adj_type"": ""qfq"", ""close"": 25.05, ""code"": ""600699.SH"", ""date"": ""2020-11-13 00:00:00"", ""high"": 25.91, ""is_limit_down"": false, ""is_limit_up"": false, ""is_st"": false, ""is_suspended"": false, ""low"": 24.79, ""open"": 25.91, ""source"": ""tongdaxin_export"", ""volume"": 31933048}","{""executable"": true, ""expected_outcome"": ""valid trade requires executable entry""}",,PASS,True,"""suspension and limit-up flags""",OpenCode (assistant),2026-07-17T10:13:39Z,"Manual review confirmed check logic, source evidence, and applicable recorded/recalculated values."
STOCK_RS_PULLBACK_v1:600699.SH:2020-11-12:2020-11-13,T1_NO_ENTRY_DAY_EXIT,A-share T+1,CRITICAL,"[""2020-11-13 00:00:00"", ""2020-11-16 00:00:00""]",true,,PASS,True,"""exit must follow entry date""",OpenCode (assistant),2026-07-17T10:13:39Z,"Manual review confirmed check logic, source evidence, and applicable recorded/recalculated values."
STOCK_RS_PULLBACK_v1:600699.SH:2020-11-12:2020-11-13,SAME_DAY_STOP_TARGET_STOP_FIRST,Stop/target intraday priority,CRITICAL,"""stop_loss""","""not_triggered""",,PASS,True,"""post-entry daily bars""",OpenCode (assistant),2026-07-17T10:13:39Z,"Manual review confirmed check logic, source evidence, and applicable recorded/recalculated values."
STOCK_RS_PULLBACK_v1:600699.SH:2020-11-12:2020-11-13,GAP_STOP_USES_EXECUTABLE_PRICE,Gap stop execution,CRITICAL,24.25,24.25,0.0,PASS,True,"""open price when opening below stop""",OpenCode (assistant),2026-07-17T10:13:39Z,"Manual review confirmed check logic, source evidence, and applicable recorded/recalculated values."
STOCK_RS_PULLBACK_v1:600699.SH:2020-11-12:2020-11-13,D5_EXIT_BOUNDARY,D5 time-stop boundary,CRITICAL,2,5,-3.0,PASS,True,"""stop_loss""",OpenCode (assistant),2026-07-17T10:13:39Z,"Manual review confirmed check logic, source evidence, and applicable recorded/recalculated values."
STOCK_RS_PULLBACK_v1:600699.SH:2020-11-12:2020-11-13,D10_EXIT_BOUNDARY,D10 max-holding boundary,CRITICAL,2,10,-8.0,PASS,True,"""stop_loss""",OpenCode (assistant),2026-07-17T10:13:39Z,"Manual review confirmed check logic, source evidence, and applicable recorded/recalculated values."
STOCK_RS_PULLBACK_v1:600699.SH:2020-11-12:2020-11-13,GROSS_RETURN_RECALCULATION,Gross return,CRITICAL,-0.0640679274411424,-0.06406792744114242,2.775557561562892e-17,PASS,True,"""round_trip_cost=0.002""",OpenCode (assistant),2026-07-17T10:13:39Z,"Manual review confirmed check logic, source evidence, and applicable recorded/recalculated values."
STOCK_RS_PULLBACK_v1:600699.SH:2020-11-12:2020-11-13,NET_RETURN_AND_COST_RECALCULATION,Net return and one cost deduction,CRITICAL,-0.0660679274411424,-0.06606792744114243,2.775557561562892e-17,PASS,True,"""round_trip_cost=0.002""",OpenCode (assistant),2026-07-17T10:13:39Z,"Manual review confirmed check logic, source evidence, and applicable recorded/recalculated values."
STOCK_RS_PULLBACK_v1:600699.SH:2020-11-12:2020-11-13,R_MULTIPLE_RECALCULATION,R multiple,CRITICAL,-1.0,-1.0,0.0,PASS,True,"""round_trip_cost=0.002""",OpenCode (assistant),2026-07-17T10:13:39Z,"Manual review confirmed check logic, source evidence, and applicable recorded/recalculated values."
STOCK_RS_PULLBACK_v1:600699.SH:2020-11-12:2020-11-13,PRICE_ADJUSTMENT_CONSISTENCY,Adjustment series consistency,CRITICAL,"[""qfq""]","[""qfq""]",,PASS,True,"""signal/entry/exit adj_type""",OpenCode (assistant),2026-07-17T10:13:39Z,"Manual review confirmed check logic, source evidence, and applicable recorded/recalculated values."
STOCK_RS_PULLBACK_v1:600699.SH:2020-11-12:2020-11-13,EXECUTION_REALISM,Raw execution-price realism,BLOCKING_DATA,"[""False"", false]",true,,NOT_EVALUABLE_EXECUTION_REALISM,True,"""requires raw prices and adjustment factors""",OpenCode (assistant),2026-07-17T10:13:39Z,Confirmed blocking data limitation: sampled bars are qfq-only; raw execution prices and complete adjustment factors are unavailable.
STOCK_RS_PULLBACK_v1:600699.SH:2020-11-12:2020-11-13,HISTORICAL_ST_STATUS,Historical ST status,BLOCKING_DATA,,,,NOT_EVALUABLE_MISSING_HISTORICAL_ST,True,"""provider history unavailable""",OpenCode (assistant),2026-07-17T10:13:39Z,Confirmed blocking data limitation: source lacks reliable point-in-time historical ST status.
STOCK_RS_PULLBACK_v1:600699.SH:2020-11-12:2020-11-13,LIMIT_PRICE_VERIFICATION,Board/date-specific limit price,BLOCKING_DATA,,,,NOT_EVALUABLE_LIMIT_PRICE,True,"""requires historical board/ST/listing-stage rules""",OpenCode (assistant),2026-07-17T10:13:39Z,Confirmed blocking data limitation: exact board/date/listing-stage/ST limit prices cannot be reconstructed from frozen inputs.
STOCK_RS_PULLBACK_v1:300285.SZ:2021-06-10:2021-06-11,UNIVERSE_TRADABLE_AT_SIGNAL,Signal-day universe,CRITICAL,"""300285.SZ""",true,,PASS,True,"""signal_date=2021-06-10 00:00:00""",OpenCode (assistant),2026-07-17T10:13:39Z,"Manual review confirmed check logic, source evidence, and applicable recorded/recalculated values."
STOCK_RS_PULLBACK_v1:300285.SZ:2021-06-10:2021-06-11,DATE_ORDER_VALID,Pullback/trigger/entry order,CRITICAL,"[""2021-06-09 00:00:00"", ""2021-06-10 00:00:00"", ""2021-06-11 00:00:00""]",true,,PASS,True,"""strictly increasing dates""",OpenCode (assistant),2026-07-17T10:13:39Z,"Manual review confirmed check logic, source evidence, and applicable recorded/recalculated values."
STOCK_RS_PULLBACK_v1:300285.SZ:2021-06-10:2021-06-11,NO_LOOKAHEAD_IN_INDICATORS,Prefix-only indicator reconstruction,CRITICAL,"{""benchmark_ret20"": 0.055778424464797416, ""high_10d"": 52.75, ""ma20"": 49.633500000000005, ""ma60"": 45.88516666666667, ""ret20"": 0.11235230934479068, ""vol_ma5"": 6377995.4}","{""benchmark_ret20"": 0.055778424464797416, ""high_10d"": 52.75, ""ma20"": 49.633500000000005, ""ma60"": 45.88516666666667, ""ret20"": 0.11235230934479068, ""vol_ma5"": 6377995.4}",,PASS,True,"""prefix-only rolling recomputation""",OpenCode (assistant),2026-07-17T10:13:39Z,"Manual review confirmed check logic, source evidence, and applicable recorded/recalculated values."
STOCK_RS_PULLBACK_v1:300285.SZ:2021-06-10:2021-06-11,ENTRY_IS_NEXT_TRADING_DAY_OPEN,Next trading-day open entry,CRITICAL,"[""2021-06-11"", 51.89]","[""2021-06-11 00:00:00"", 51.89]",,PASS,True,"""first stock bar after trigger""",OpenCode (assistant),2026-07-17T10:13:39Z,"Manual review confirmed check logic, source evidence, and applicable recorded/recalculated values."
STOCK_RS_PULLBACK_v1:300285.SZ:2021-06-10:2021-06-11,ENTRY_DAY_EXECUTABLE,Entry-day execution status,CRITICAL,"{""adj_factor"": null, ""adj_type"": ""qfq"", ""close"": 50.89, ""code"": ""300285.SZ"", ""date"": ""2021-06-11 00:00:00"", ""high"": 51.89, ""is_limit_down"": false, ""is_limit_up"": false, ""is_st"": false, ""is_suspended"": false, ""low"": 50.54, ""open"": 51.89, ""source"": ""tongdaxin_export"", ""volume"": 6034197}","{""executable"": true, ""expected_outcome"": ""valid trade requires executable entry""}",,PASS,True,"""suspension and limit-up flags""",OpenCode (assistant),2026-07-17T10:13:39Z,"Manual review confirmed check logic, source evidence, and applicable recorded/recalculated values."
STOCK_RS_PULLBACK_v1:300285.SZ:2021-06-10:2021-06-11,T1_NO_ENTRY_DAY_EXIT,A-share T+1,CRITICAL,"[""2021-06-11 00:00:00"", ""2021-06-15 00:00:00""]",true,,PASS,True,"""exit must follow entry date""",OpenCode (assistant),2026-07-17T10:13:39Z,"Manual review confirmed check logic, source evidence, and applicable recorded/recalculated values."
STOCK_RS_PULLBACK_v1:300285.SZ:2021-06-10:2021-06-11,SAME_DAY_STOP_TARGET_STOP_FIRST,Stop/target intraday priority,CRITICAL,"""stop_loss""","""not_triggered""",,PASS,True,"""post-entry daily bars""",OpenCode (assistant),2026-07-17T10:13:39Z,"Manual review confirmed check logic, source evidence, and applicable recorded/recalculated values."
STOCK_RS_PULLBACK_v1:300285.SZ:2021-06-10:2021-06-11,GAP_STOP_USES_EXECUTABLE_PRICE,Gap stop execution,CRITICAL,49.6,49.6,0.0,PASS,True,"""open price when opening below stop""",OpenCode (assistant),2026-07-17T10:13:39Z,"Manual review confirmed check logic, source evidence, and applicable recorded/recalculated values."
STOCK_RS_PULLBACK_v1:300285.SZ:2021-06-10:2021-06-11,D5_EXIT_BOUNDARY,D5 time-stop boundary,CRITICAL,2,5,-3.0,PASS,True,"""stop_loss""",OpenCode (assistant),2026-07-17T10:13:39Z,"Manual review confirmed check logic, source evidence, and applicable recorded/recalculated values."
STOCK_RS_PULLBACK_v1:300285.SZ:2021-06-10:2021-06-11,D10_EXIT_BOUNDARY,D10 max-holding boundary,CRITICAL,2,10,-8.0,PASS,True,"""stop_loss""",OpenCode (assistant),2026-07-17T10:13:39Z,"Manual review confirmed check logic, source evidence, and applicable recorded/recalculated values."
STOCK_RS_PULLBACK_v1:300285.SZ:2021-06-10:2021-06-11,GROSS_RETURN_RECALCULATION,Gross return,CRITICAL,-0.0441318173058392,-0.04413181730583926,6.245004513516506e-17,PASS,True,"""round_trip_cost=0.002""",OpenCode (assistant),2026-07-17T10:13:39Z,"Manual review confirmed check logic, source evidence, and applicable recorded/recalculated values."
STOCK_RS_PULLBACK_v1:300285.SZ:2021-06-10:2021-06-11,NET_RETURN_AND_COST_RECALCULATION,Net return and one cost deduction,CRITICAL,-0.0461318173058392,-0.04613181730583926,6.245004513516506e-17,PASS,True,"""round_trip_cost=0.002""",OpenCode (assistant),2026-07-17T10:13:39Z,"Manual review confirmed check logic, source evidence, and applicable recorded/recalculated values."
STOCK_RS_PULLBACK_v1:300285.SZ:2021-06-10:2021-06-11,R_MULTIPLE_RECALCULATION,R multiple,CRITICAL,-1.0,-1.0,0.0,PASS,True,"""round_trip_cost=0.002""",OpenCode (assistant),2026-07-17T10:13:39Z,"Manual review confirmed check logic, source evidence, and applicable recorded/recalculated values."
STOCK_RS_PULLBACK_v1:300285.SZ:2021-06-10:2021-06-11,PRICE_ADJUSTMENT_CONSISTENCY,Adjustment series consistency,CRITICAL,"[""qfq""]","[""qfq""]",,PASS,True,"""signal/entry/exit adj_type""",OpenCode (assistant),2026-07-17T10:13:39Z,"Manual review confirmed check logic, source evidence, and applicable recorded/recalculated values."
STOCK_RS_PULLBACK_v1:300285.SZ:2021-06-10:2021-06-11,EXECUTION_REALISM,Raw execution-price realism,BLOCKING_DATA,"[""False"", false]",true,,NOT_EVALUABLE_EXECUTION_REALISM,True,"""requires raw prices and adjustment factors""",OpenCode (assistant),2026-07-17T10:13:39Z,Confirmed blocking data limitation: sampled bars are qfq-only; raw execution prices and complete adjustment factors are unavailable.
STOCK_RS_PULLBACK_v1:300285.SZ:2021-06-10:2021-06-11,HISTORICAL_ST_STATUS,Historical ST status,BLOCKING_DATA,,,,NOT_EVALUABLE_MISSING_HISTORICAL_ST,True,"""provider history unavailable""",OpenCode (assistant),2026-07-17T10:13:39Z,Confirmed blocking data limitation: source lacks reliable point-in-time historical ST status.
STOCK_RS_PULLBACK_v1:300285.SZ:2021-06-10:2021-06-11,LIMIT_PRICE_VERIFICATION,Board/date-specific limit price,BLOCKING_DATA,,,,NOT_EVALUABLE_LIMIT_PRICE,True,"""requires historical board/ST/listing-stage rules""",OpenCode (assistant),2026-07-17T10:13:39Z,Confirmed blocking data limitation: exact board/date/listing-stage/ST limit prices cannot be reconstructed from frozen inputs.
STOCK_RS_PULLBACK_v1:600717.SH:2017-08-17:2017-08-18,UNIVERSE_TRADABLE_AT_SIGNAL,Signal-day universe,CRITICAL,"""600717.SH""",true,,PASS,True,"""signal_date=2017-08-17 00:00:00""",OpenCode (assistant),2026-07-17T10:13:39Z,"Manual review confirmed check logic, source evidence, and applicable recorded/recalculated values."
STOCK_RS_PULLBACK_v1:600717.SH:2017-08-17:2017-08-18,DATE_ORDER_VALID,Pullback/trigger/entry order,CRITICAL,"[""2017-08-16 00:00:00"", ""2017-08-17 00:00:00"", ""2017-08-18 00:00:00""]",true,,PASS,True,"""strictly increasing dates""",OpenCode (assistant),2026-07-17T10:13:39Z,"Manual review confirmed check logic, source evidence, and applicable recorded/recalculated values."
STOCK_RS_PULLBACK_v1:600717.SH:2017-08-17:2017-08-18,NO_LOOKAHEAD_IN_INDICATORS,Prefix-only indicator reconstruction,CRITICAL,"{""benchmark_ret20"": -0.007097345699435431, ""high_10d"": 7.24, ""ma20"": 6.569500000000001, ""ma60"": 6.537999999999999, ""ret20"": 0.07790143084260737, ""vol_ma5"": 20817493.0}","{""benchmark_ret20"": -0.007097345699435431, ""high_10d"": 7.24, ""ma20"": 6.5695, ""ma60"": 6.537999999999999, ""ret20"": 0.07790143084260737, ""vol_ma5"": 20817493.0}",,PASS,True,"""prefix-only rolling recomputation""",OpenCode (assistant),2026-07-17T10:13:39Z,"Manual review confirmed check logic, source evidence, and applicable recorded/recalculated values."
STOCK_RS_PULLBACK_v1:600717.SH:2017-08-17:2017-08-18,ENTRY_IS_NEXT_TRADING_DAY_OPEN,Next trading-day open entry,CRITICAL,"[""2017-08-18"", 6.76]","[""2017-08-18 00:00:00"", 6.76]",,PASS,True,"""first stock bar after trigger""",OpenCode (assistant),2026-07-17T10:13:39Z,"Manual review confirmed check logic, source evidence, and applicable recorded/recalculated values."
STOCK_RS_PULLBACK_v1:600717.SH:2017-08-17:2017-08-18,ENTRY_DAY_EXECUTABLE,Entry-day execution status,CRITICAL,"{""adj_factor"": null, ""adj_type"": ""qfq"", ""close"": 6.85, ""code"": ""600717.SH"", ""date"": ""2017-08-18 00:00:00"", ""high"": 6.91, ""is_limit_down"": false, ""is_limit_up"": false, ""is_st"": false, ""is_suspended"": false, ""low"": 6.72, ""open"": 6.76, ""source"": ""tongdaxin_export"", ""volume"": 29178752}","{""executable"": true, ""expected_outcome"": ""valid trade requires executable entry""}",,PASS,True,"""suspension and limit-up flags""",OpenCode (assistant),2026-07-17T10:13:39Z,"Manual review confirmed check logic, source evidence, and applicable recorded/recalculated values."
STOCK_RS_PULLBACK_v1:600717.SH:2017-08-17:2017-08-18,T1_NO_ENTRY_DAY_EXIT,A-share T+1,CRITICAL,"[""2017-08-18 00:00:00"", ""2017-08-23 00:00:00""]",true,,PASS,True,"""exit must follow entry date""",OpenCode (assistant),2026-07-17T10:13:39Z,"Manual review confirmed check logic, source evidence, and applicable recorded/recalculated values."
STOCK_RS_PULLBACK_v1:600717.SH:2017-08-17:2017-08-18,SAME_DAY_STOP_TARGET_STOP_FIRST,Stop/target intraday priority,CRITICAL,"""stop_loss""","""not_triggered""",,PASS,True,"""post-entry daily bars""",OpenCode (assistant),2026-07-17T10:13:39Z,"Manual review confirmed check logic, source evidence, and applicable recorded/recalculated values."
STOCK_RS_PULLBACK_v1:600717.SH:2017-08-17:2017-08-18,GAP_STOP_USES_EXECUTABLE_PRICE,Gap stop execution,CRITICAL,6.6,6.6,0.0,PASS,True,"""open price when opening below stop""",OpenCode (assistant),2026-07-17T10:13:39Z,"Manual review confirmed check logic, source evidence, and applicable recorded/recalculated values."
STOCK_RS_PULLBACK_v1:600717.SH:2017-08-17:2017-08-18,D5_EXIT_BOUNDARY,D5 time-stop boundary,CRITICAL,4,5,-1.0,PASS,True,"""stop_loss""",OpenCode (assistant),2026-07-17T10:13:39Z,"Manual review confirmed check logic, source evidence, and applicable recorded/recalculated values."
STOCK_RS_PULLBACK_v1:600717.SH:2017-08-17:2017-08-18,D10_EXIT_BOUNDARY,D10 max-holding boundary,CRITICAL,4,10,-6.0,PASS,True,"""stop_loss""",OpenCode (assistant),2026-07-17T10:13:39Z,"Manual review confirmed check logic, source evidence, and applicable recorded/recalculated values."
STOCK_RS_PULLBACK_v1:600717.SH:2017-08-17:2017-08-18,GROSS_RETURN_RECALCULATION,Gross return,CRITICAL,-0.0236686390532544,-0.023668639053254448,4.857225732735061e-17,PASS,True,"""round_trip_cost=0.002""",OpenCode (assistant),2026-07-17T10:13:39Z,"Manual review confirmed check logic, source evidence, and applicable recorded/recalculated values."
STOCK_RS_PULLBACK_v1:600717.SH:2017-08-17:2017-08-18,NET_RETURN_AND_COST_RECALCULATION,Net return and one cost deduction,CRITICAL,-0.0256686390532544,-0.02566863905325445,4.857225732735061e-17,PASS,True,"""round_trip_cost=0.002""",OpenCode (assistant),2026-07-17T10:13:39Z,"Manual review confirmed check logic, source evidence, and applicable recorded/recalculated values."
STOCK_RS_PULLBACK_v1:600717.SH:2017-08-17:2017-08-18,R_MULTIPLE_RECALCULATION,R multiple,CRITICAL,-1.0,-1.0,0.0,PASS,True,"""round_trip_cost=0.002""",OpenCode (assistant),2026-07-17T10:13:39Z,"Manual review confirmed check logic, source evidence, and applicable recorded/recalculated values."
STOCK_RS_PULLBACK_v1:600717.SH:2017-08-17:2017-08-18,PRICE_ADJUSTMENT_CONSISTENCY,Adjustment series consistency,CRITICAL,"[""qfq""]","[""qfq""]",,PASS,True,"""signal/entry/exit adj_type""",OpenCode (assistant),2026-07-17T10:13:39Z,"Manual review confirmed check logic, source evidence, and applicable recorded/recalculated values."
STOCK_RS_PULLBACK_v1:600717.SH:2017-08-17:2017-08-18,EXECUTION_REALISM,Raw execution-price realism,BLOCKING_DATA,"[""False"", false]",true,,NOT_EVALUABLE_EXECUTION_REALISM,True,"""requires raw prices and adjustment factors""",OpenCode (assistant),2026-07-17T10:13:39Z,Confirmed blocking data limitation: sampled bars are qfq-only; raw execution prices and complete adjustment factors are unavailable.
STOCK_RS_PULLBACK_v1:600717.SH:2017-08-17:2017-08-18,HISTORICAL_ST_STATUS,Historical ST status,BLOCKING_DATA,,,,NOT_EVALUABLE_MISSING_HISTORICAL_ST,True,"""provider history unavailable""",OpenCode (assistant),2026-07-17T10:13:39Z,Confirmed blocking data limitation: source lacks reliable point-in-time historical ST status.
STOCK_RS_PULLBACK_v1:600717.SH:2017-08-17:2017-08-18,LIMIT_PRICE_VERIFICATION,Board/date-specific limit price,BLOCKING_DATA,,,,NOT_EVALUABLE_LIMIT_PRICE,True,"""requires historical board/ST/listing-stage rules""",OpenCode (assistant),2026-07-17T10:13:39Z,Confirmed blocking data limitation: exact board/date/listing-stage/ST limit prices cannot be reconstructed from frozen inputs.
STOCK_RS_PULLBACK_v1:600621.SH:2019-03-06:2019-03-07,UNIVERSE_TRADABLE_AT_SIGNAL,Signal-day universe,CRITICAL,"""600621.SH""",true,,PASS,True,"""signal_date=2019-03-06 00:00:00""",OpenCode (assistant),2026-07-17T10:13:39Z,"Manual review confirmed check logic, source evidence, and applicable recorded/recalculated values."
STOCK_RS_PULLBACK_v1:600621.SH:2019-03-06:2019-03-07,DATE_ORDER_VALID,Pullback/trigger/entry order,CRITICAL,"[""2019-03-05 00:00:00"", ""2019-03-06 00:00:00"", ""2019-03-07 00:00:00""]",true,,PASS,True,"""strictly increasing dates""",OpenCode (assistant),2026-07-17T10:13:39Z,"Manual review confirmed check logic, source evidence, and applicable recorded/recalculated values."
STOCK_RS_PULLBACK_v1:600621.SH:2019-03-06:2019-03-07,NO_LOOKAHEAD_IN_INDICATORS,Prefix-only indicator reconstruction,CRITICAL,"{""benchmark_ret20"": 0.2144908599707116, ""high_10d"": 13.32, ""ma20"": 9.9755, ""ma60"": 9.102833333333333, ""ret20"": 0.6781170483460559, ""vol_ma5"": 57661771.4}","{""benchmark_ret20"": 0.2144908599707116, ""high_10d"": 13.32, ""ma20"": 9.9755, ""ma60"": 9.102833333333335, ""ret20"": 0.6781170483460559, ""vol_ma5"": 57661771.4}",,PASS,True,"""prefix-only rolling recomputation""",OpenCode (assistant),2026-07-17T10:13:39Z,"Manual review confirmed check logic, source evidence, and applicable recorded/recalculated values."
STOCK_RS_PULLBACK_v1:600621.SH:2019-03-06:2019-03-07,ENTRY_IS_NEXT_TRADING_DAY_OPEN,Next trading-day open entry,CRITICAL,"[""2019-03-07"", 12.87]","[""2019-03-07 00:00:00"", 12.87]",,PASS,True,"""first stock bar after trigger""",OpenCode (assistant),2026-07-17T10:13:39Z,"Manual review confirmed check logic, source evidence, and applicable recorded/recalculated values."
STOCK_RS_PULLBACK_v1:600621.SH:2019-03-06:2019-03-07,ENTRY_DAY_EXECUTABLE,Entry-day execution status,CRITICAL,"{""adj_factor"": null, ""adj_type"": ""qfq"", ""close"": 13.46, ""code"": ""600621.SH"", ""date"": ""2019-03-07 00:00:00"", ""high"": 14.14, ""is_limit_down"": false, ""is_limit_up"": false, ""is_st"": false, ""is_suspended"": false, ""low"": 12.69, ""open"": 12.87, ""source"": ""tongdaxin_export"", ""volume"": 78069471}","{""executable"": true, ""expected_outcome"": ""valid trade requires executable entry""}",,PASS,True,"""suspension and limit-up flags""",OpenCode (assistant),2026-07-17T10:13:39Z,"Manual review confirmed check logic, source evidence, and applicable recorded/recalculated values."
STOCK_RS_PULLBACK_v1:600621.SH:2019-03-06:2019-03-07,T1_NO_ENTRY_DAY_EXIT,A-share T+1,CRITICAL,"[""2019-03-07 00:00:00"", ""2019-03-11 00:00:00""]",true,,PASS,True,"""exit must follow entry date""",OpenCode (assistant),2026-07-17T10:13:39Z,"Manual review confirmed check logic, source evidence, and applicable recorded/recalculated values."
STOCK_RS_PULLBACK_v1:600621.SH:2019-03-06:2019-03-07,SAME_DAY_STOP_TARGET_STOP_FIRST,Stop/target intraday priority,CRITICAL,"""stop_loss""","""not_triggered""",,PASS,True,"""post-entry daily bars""",OpenCode (assistant),2026-07-17T10:13:39Z,"Manual review confirmed check logic, source evidence, and applicable recorded/recalculated values."
STOCK_RS_PULLBACK_v1:600621.SH:2019-03-06:2019-03-07,GAP_STOP_USES_EXECUTABLE_PRICE,Gap stop execution,CRITICAL,11.69,11.69,0.0,PASS,True,"""open price when opening below stop""",OpenCode (assistant),2026-07-17T10:13:39Z,"Manual review confirmed check logic, source evidence, and applicable recorded/recalculated values."
STOCK_RS_PULLBACK_v1:600621.SH:2019-03-06:2019-03-07,D5_EXIT_BOUNDARY,D5 time-stop boundary,CRITICAL,3,5,-2.0,PASS,True,"""stop_loss""",OpenCode (assistant),2026-07-17T10:13:39Z,"Manual review confirmed check logic, source evidence, and applicable recorded/recalculated values."
STOCK_RS_PULLBACK_v1:600621.SH:2019-03-06:2019-03-07,D10_EXIT_BOUNDARY,D10 max-holding boundary,CRITICAL,3,10,-7.0,PASS,True,"""stop_loss""",OpenCode (assistant),2026-07-17T10:13:39Z,"Manual review confirmed check logic, source evidence, and applicable recorded/recalculated values."
STOCK_RS_PULLBACK_v1:600621.SH:2019-03-06:2019-03-07,GROSS_RETURN_RECALCULATION,Gross return,CRITICAL,-0.0916860916860916,-0.09168609168609165,5.551115123125783e-17,PASS,True,"""round_trip_cost=0.002""",OpenCode (assistant),2026-07-17T10:13:39Z,"Manual review confirmed check logic, source evidence, and applicable recorded/recalculated values."
STOCK_RS_PULLBACK_v1:600621.SH:2019-03-06:2019-03-07,NET_RETURN_AND_COST_RECALCULATION,Net return and one cost deduction,CRITICAL,-0.0936860916860916,-0.09368609168609165,5.551115123125783e-17,PASS,True,"""round_trip_cost=0.002""",OpenCode (assistant),2026-07-17T10:13:39Z,"Manual review confirmed check logic, source evidence, and applicable recorded/recalculated values."
STOCK_RS_PULLBACK_v1:600621.SH:2019-03-06:2019-03-07,R_MULTIPLE_RECALCULATION,R multiple,CRITICAL,-1.0,-1.0,0.0,PASS,True,"""round_trip_cost=0.002""",OpenCode (assistant),2026-07-17T10:13:39Z,"Manual review confirmed check logic, source evidence, and applicable recorded/recalculated values."
STOCK_RS_PULLBACK_v1:600621.SH:2019-03-06:2019-03-07,PRICE_ADJUSTMENT_CONSISTENCY,Adjustment series consistency,CRITICAL,"[""qfq""]","[""qfq""]",,PASS,True,"""signal/entry/exit adj_type""",OpenCode (assistant),2026-07-17T10:13:39Z,"Manual review confirmed check logic, source evidence, and applicable recorded/recalculated values."
STOCK_RS_PULLBACK_v1:600621.SH:2019-03-06:2019-03-07,EXECUTION_REALISM,Raw execution-price realism,BLOCKING_DATA,"[""False"", false]",true,,NOT_EVALUABLE_EXECUTION_REALISM,True,"""requires raw prices and adjustment factors""",OpenCode (assistant),2026-07-17T10:13:39Z,Confirmed blocking data limitation: sampled bars are qfq-only; raw execution prices and complete adjustment factors are unavailable.
STOCK_RS_PULLBACK_v1:600621.SH:2019-03-06:2019-03-07,HISTORICAL_ST_STATUS,Historical ST status,BLOCKING_DATA,,,,NOT_EVALUABLE_MISSING_HISTORICAL_ST,True,"""provider history unavailable""",OpenCode (assistant),2026-07-17T10:13:39Z,Confirmed blocking data limitation: source lacks reliable point-in-time historical ST status.
STOCK_RS_PULLBACK_v1:600621.SH:2019-03-06:2019-03-07,LIMIT_PRICE_VERIFICATION,Board/date-specific limit price,BLOCKING_DATA,,,,NOT_EVALUABLE_LIMIT_PRICE,True,"""requires historical board/ST/listing-stage rules""",OpenCode (assistant),2026-07-17T10:13:39Z,Confirmed blocking data limitation: exact board/date/listing-stage/ST limit prices cannot be reconstructed from frozen inputs.
STOCK_RS_PULLBACK_v1:000723.SZ:2020-01-14:2020-01-15,UNIVERSE_TRADABLE_AT_SIGNAL,Signal-day universe,CRITICAL,"""000723.SZ""",true,,PASS,True,"""signal_date=2020-01-14 00:00:00""",OpenCode (assistant),2026-07-17T10:13:39Z,"Manual review confirmed check logic, source evidence, and applicable recorded/recalculated values."
STOCK_RS_PULLBACK_v1:000723.SZ:2020-01-14:2020-01-15,DATE_ORDER_VALID,Pullback/trigger/entry order,CRITICAL,"[""2020-01-13 00:00:00"", ""2020-01-14 00:00:00"", ""2020-01-15 00:00:00""]",true,,PASS,True,"""strictly increasing dates""",OpenCode (assistant),2026-07-17T10:13:39Z,"Manual review confirmed check logic, source evidence, and applicable recorded/recalculated values."
STOCK_RS_PULLBACK_v1:000723.SZ:2020-01-14:2020-01-15,NO_LOOKAHEAD_IN_INDICATORS,Prefix-only indicator reconstruction,CRITICAL,"{""benchmark_ret20"": 0.05074293739263469, ""high_10d"": 9.66, ""ma20"": 9.101500000000001, ""ma60"": 8.399666666666667, ""ret20"": 0.11338962605548875, ""vol_ma5"": 65177631.2}","{""benchmark_ret20"": 0.05074293739263469, ""high_10d"": 9.66, ""ma20"": 9.101499999999998, ""ma60"": 8.399666666666667, ""ret20"": 0.11338962605548875, ""vol_ma5"": 65177631.2}",,PASS,True,"""prefix-only rolling recomputation""",OpenCode (assistant),2026-07-17T10:13:39Z,"Manual review confirmed check logic, source evidence, and applicable recorded/recalculated values."
STOCK_RS_PULLBACK_v1:000723.SZ:2020-01-14:2020-01-15,ENTRY_IS_NEXT_TRADING_DAY_OPEN,Next trading-day open entry,CRITICAL,"[""2020-01-15"", 9.19]","[""2020-01-15 00:00:00"", 9.19]",,PASS,True,"""first stock bar after trigger""",OpenCode (assistant),2026-07-17T10:13:39Z,"Manual review confirmed check logic, source evidence, and applicable recorded/recalculated values."
STOCK_RS_PULLBACK_v1:000723.SZ:2020-01-14:2020-01-15,ENTRY_DAY_EXECUTABLE,Entry-day execution status,CRITICAL,"{""adj_factor"": null, ""adj_type"": ""qfq"", ""close"": 8.94, ""code"": ""000723.SZ"", ""date"": ""2020-01-15 00:00:00"", ""high"": 9.19, ""is_limit_down"": false, ""is_limit_up"": false, ""is_st"": false, ""is_suspended"": false, ""low"": 8.89, ""open"": 9.19, ""source"": ""tongdaxin_export"", ""volume"": 64311570}","{""executable"": true, ""expected_outcome"": ""valid trade requires executable entry""}",,PASS,True,"""suspension and limit-up flags""",OpenCode (assistant),2026-07-17T10:13:39Z,"Manual review confirmed check logic, source evidence, and applicable recorded/recalculated values."
STOCK_RS_PULLBACK_v1:000723.SZ:2020-01-14:2020-01-15,T1_NO_ENTRY_DAY_EXIT,A-share T+1,CRITICAL,"[""2020-01-15 00:00:00"", ""2020-01-16 00:00:00""]",true,,PASS,True,"""exit must follow entry date""",OpenCode (assistant),2026-07-17T10:13:39Z,"Manual review confirmed check logic, source evidence, and applicable recorded/recalculated values."
STOCK_RS_PULLBACK_v1:000723.SZ:2020-01-14:2020-01-15,SAME_DAY_STOP_TARGET_STOP_FIRST,Stop/target intraday priority,CRITICAL,"""stop_loss""","""not_triggered""",,PASS,True,"""post-entry daily bars""",OpenCode (assistant),2026-07-17T10:13:39Z,"Manual review confirmed check logic, source evidence, and applicable recorded/recalculated values."
STOCK_RS_PULLBACK_v1:000723.SZ:2020-01-14:2020-01-15,GAP_STOP_USES_EXECUTABLE_PRICE,Gap stop execution,CRITICAL,8.95,8.95,0.0,PASS,True,"""open price when opening below stop""",OpenCode (assistant),2026-07-17T10:13:39Z,"Manual review confirmed check logic, source evidence, and applicable recorded/recalculated values."
STOCK_RS_PULLBACK_v1:000723.SZ:2020-01-14:2020-01-15,D5_EXIT_BOUNDARY,D5 time-stop boundary,CRITICAL,2,5,-3.0,PASS,True,"""stop_loss""",OpenCode (assistant),2026-07-17T10:13:39Z,"Manual review confirmed check logic, source evidence, and applicable recorded/recalculated values."
STOCK_RS_PULLBACK_v1:000723.SZ:2020-01-14:2020-01-15,D10_EXIT_BOUNDARY,D10 max-holding boundary,CRITICAL,2,10,-8.0,PASS,True,"""stop_loss""",OpenCode (assistant),2026-07-17T10:13:39Z,"Manual review confirmed check logic, source evidence, and applicable recorded/recalculated values."
STOCK_RS_PULLBACK_v1:000723.SZ:2020-01-14:2020-01-15,GROSS_RETURN_RECALCULATION,Gross return,CRITICAL,-0.0261153427638738,-0.02611534276387384,3.8163916471489756e-17,PASS,True,"""round_trip_cost=0.002""",OpenCode (assistant),2026-07-17T10:13:39Z,"Manual review confirmed check logic, source evidence, and applicable recorded/recalculated values."
STOCK_RS_PULLBACK_v1:000723.SZ:2020-01-14:2020-01-15,NET_RETURN_AND_COST_RECALCULATION,Net return and one cost deduction,CRITICAL,-0.0281153427638738,-0.02811534276387384,4.163336342344337e-17,PASS,True,"""round_trip_cost=0.002""",OpenCode (assistant),2026-07-17T10:13:39Z,"Manual review confirmed check logic, source evidence, and applicable recorded/recalculated values."
STOCK_RS_PULLBACK_v1:000723.SZ:2020-01-14:2020-01-15,R_MULTIPLE_RECALCULATION,R multiple,CRITICAL,-1.2631578947368465,-1.2631578947368465,0.0,PASS,True,"""round_trip_cost=0.002""",OpenCode (assistant),2026-07-17T10:13:39Z,"Manual review confirmed check logic, source evidence, and applicable recorded/recalculated values."
STOCK_RS_PULLBACK_v1:000723.SZ:2020-01-14:2020-01-15,PRICE_ADJUSTMENT_CONSISTENCY,Adjustment series consistency,CRITICAL,"[""qfq""]","[""qfq""]",,PASS,True,"""signal/entry/exit adj_type""",OpenCode (assistant),2026-07-17T10:13:39Z,"Manual review confirmed check logic, source evidence, and applicable recorded/recalculated values."
STOCK_RS_PULLBACK_v1:000723.SZ:2020-01-14:2020-01-15,EXECUTION_REALISM,Raw execution-price realism,BLOCKING_DATA,"[""False"", false]",true,,NOT_EVALUABLE_EXECUTION_REALISM,True,"""requires raw prices and adjustment factors""",OpenCode (assistant),2026-07-17T10:13:39Z,Confirmed blocking data limitation: sampled bars are qfq-only; raw execution prices and complete adjustment factors are unavailable.
STOCK_RS_PULLBACK_v1:000723.SZ:2020-01-14:2020-01-15,HISTORICAL_ST_STATUS,Historical ST status,BLOCKING_DATA,,,,NOT_EVALUABLE_MISSING_HISTORICAL_ST,True,"""provider history unavailable""",OpenCode (assistant),2026-07-17T10:13:39Z,Confirmed blocking data limitation: source lacks reliable point-in-time historical ST status.
STOCK_RS_PULLBACK_v1:000723.SZ:2020-01-14:2020-01-15,LIMIT_PRICE_VERIFICATION,Board/date-specific limit price,BLOCKING_DATA,,,,NOT_EVALUABLE_LIMIT_PRICE,True,"""requires historical board/ST/listing-stage rules""",OpenCode (assistant),2026-07-17T10:13:39Z,Confirmed blocking data limitation: exact board/date/listing-stage/ST limit prices cannot be reconstructed from frozen inputs.
STOCK_RS_PULLBACK_v1:002153.SZ:2017-11-28:2017-11-29,UNIVERSE_TRADABLE_AT_SIGNAL,Signal-day universe,CRITICAL,"""002153.SZ""",true,,PASS,True,"""signal_date=2017-11-28 00:00:00""",OpenCode (assistant),2026-07-17T10:13:39Z,"Manual review confirmed check logic, source evidence, and applicable recorded/recalculated values."
STOCK_RS_PULLBACK_v1:002153.SZ:2017-11-28:2017-11-29,DATE_ORDER_VALID,Pullback/trigger/entry order,CRITICAL,"[""2017-11-27 00:00:00"", ""2017-11-28 00:00:00"", ""2017-11-29 00:00:00""]",true,,PASS,True,"""strictly increasing dates""",OpenCode (assistant),2026-07-17T10:13:39Z,"Manual review confirmed check logic, source evidence, and applicable recorded/recalculated values."
STOCK_RS_PULLBACK_v1:002153.SZ:2017-11-28:2017-11-29,NO_LOOKAHEAD_IN_INDICATORS,Prefix-only indicator reconstruction,CRITICAL,"{""benchmark_ret20"": 0.012254412586854224, ""high_10d"": 11.81, ""ma20"": 10.2655, ""ma60"": 9.529166666666667, ""ret20"": 0.2906077348066296, ""vol_ma5"": 16915015.6}","{""benchmark_ret20"": 0.012254412586854224, ""high_10d"": 11.81, ""ma20"": 10.2655, ""ma60"": 9.529166666666665, ""ret20"": 0.2906077348066296, ""vol_ma5"": 16915015.6}",,PASS,True,"""prefix-only rolling recomputation""",OpenCode (assistant),2026-07-17T10:13:39Z,"Manual review confirmed check logic, source evidence, and applicable recorded/recalculated values."
STOCK_RS_PULLBACK_v1:002153.SZ:2017-11-28:2017-11-29,ENTRY_IS_NEXT_TRADING_DAY_OPEN,Next trading-day open entry,CRITICAL,"[""2017-11-29"", 11.57]","[""2017-11-29 00:00:00"", 11.57]",,PASS,True,"""first stock bar after trigger""",OpenCode (assistant),2026-07-17T10:13:39Z,"Manual review confirmed check logic, source evidence, and applicable recorded/recalculated values."
STOCK_RS_PULLBACK_v1:002153.SZ:2017-11-28:2017-11-29,ENTRY_DAY_EXECUTABLE,Entry-day execution status,CRITICAL,"{""adj_factor"": null, ""adj_type"": ""qfq"", ""close"": 11.53, ""code"": ""002153.SZ"", ""date"": ""2017-11-29 00:00:00"", ""high"": 11.67, ""is_limit_down"": false, ""is_limit_up"": false, ""is_st"": false, ""is_suspended"": false, ""low"": 11.27, ""open"": 11.57, ""source"": ""tongdaxin_export"", ""volume"": 14762697}","{""executable"": true, ""expected_outcome"": ""valid trade requires executable entry""}",,PASS,True,"""suspension and limit-up flags""",OpenCode (assistant),2026-07-17T10:13:39Z,"Manual review confirmed check logic, source evidence, and applicable recorded/recalculated values."
STOCK_RS_PULLBACK_v1:002153.SZ:2017-11-28:2017-11-29,T1_NO_ENTRY_DAY_EXIT,A-share T+1,CRITICAL,"[""2017-11-29 00:00:00"", ""2017-12-05 00:00:00""]",true,,PASS,True,"""exit must follow entry date""",OpenCode (assistant),2026-07-17T10:13:39Z,"Manual review confirmed check logic, source evidence, and applicable recorded/recalculated values."
STOCK_RS_PULLBACK_v1:002153.SZ:2017-11-28:2017-11-29,SAME_DAY_STOP_TARGET_STOP_FIRST,Stop/target intraday priority,CRITICAL,"""stop_loss""","""not_triggered""",,PASS,True,"""post-entry daily bars""",OpenCode (assistant),2026-07-17T10:13:39Z,"Manual review confirmed check logic, source evidence, and applicable recorded/recalculated values."
STOCK_RS_PULLBACK_v1:002153.SZ:2017-11-28:2017-11-29,GAP_STOP_USES_EXECUTABLE_PRICE,Gap stop execution,CRITICAL,10.49,10.49,0.0,PASS,True,"""open price when opening below stop""",OpenCode (assistant),2026-07-17T10:13:39Z,"Manual review confirmed check logic, source evidence, and applicable recorded/recalculated values."
STOCK_RS_PULLBACK_v1:002153.SZ:2017-11-28:2017-11-29,D5_EXIT_BOUNDARY,D5 time-stop boundary,CRITICAL,5,5,0.0,PASS,True,"""stop_loss""",OpenCode (assistant),2026-07-17T10:13:39Z,"Manual review confirmed check logic, source evidence, and applicable recorded/recalculated values."
STOCK_RS_PULLBACK_v1:002153.SZ:2017-11-28:2017-11-29,D10_EXIT_BOUNDARY,D10 max-holding boundary,CRITICAL,5,10,-5.0,PASS,True,"""stop_loss""",OpenCode (assistant),2026-07-17T10:13:39Z,"Manual review confirmed check logic, source evidence, and applicable recorded/recalculated values."
STOCK_RS_PULLBACK_v1:002153.SZ:2017-11-28:2017-11-29,GROSS_RETURN_RECALCULATION,Gross return,CRITICAL,-0.0933448573898012,-0.09334485738980125,5.551115123125783e-17,PASS,True,"""round_trip_cost=0.002""",OpenCode (assistant),2026-07-17T10:13:39Z,"Manual review confirmed check logic, source evidence, and applicable recorded/recalculated values."
STOCK_RS_PULLBACK_v1:002153.SZ:2017-11-28:2017-11-29,NET_RETURN_AND_COST_RECALCULATION,Net return and one cost deduction,CRITICAL,-0.0953448573898012,-0.09534485738980125,5.551115123125783e-17,PASS,True,"""round_trip_cost=0.002""",OpenCode (assistant),2026-07-17T10:13:39Z,"Manual review confirmed check logic, source evidence, and applicable recorded/recalculated values."
STOCK_RS_PULLBACK_v1:002153.SZ:2017-11-28:2017-11-29,R_MULTIPLE_RECALCULATION,R multiple,CRITICAL,-1.0,-1.0,0.0,PASS,True,"""round_trip_cost=0.002""",OpenCode (assistant),2026-07-17T10:13:39Z,"Manual review confirmed check logic, source evidence, and applicable recorded/recalculated values."
STOCK_RS_PULLBACK_v1:002153.SZ:2017-11-28:2017-11-29,PRICE_ADJUSTMENT_CONSISTENCY,Adjustment series consistency,CRITICAL,"[""qfq""]","[""qfq""]",,PASS,True,"""signal/entry/exit adj_type""",OpenCode (assistant),2026-07-17T10:13:39Z,"Manual review confirmed check logic, source evidence, and applicable recorded/recalculated values."
STOCK_RS_PULLBACK_v1:002153.SZ:2017-11-28:2017-11-29,EXECUTION_REALISM,Raw execution-price realism,BLOCKING_DATA,"[""False"", false]",true,,NOT_EVALUABLE_EXECUTION_REALISM,True,"""requires raw prices and adjustment factors""",OpenCode (assistant),2026-07-17T10:13:39Z,Confirmed blocking data limitation: sampled bars are qfq-only; raw execution prices and complete adjustment factors are unavailable.
STOCK_RS_PULLBACK_v1:002153.SZ:2017-11-28:2017-11-29,HISTORICAL_ST_STATUS,Historical ST status,BLOCKING_DATA,,,,NOT_EVALUABLE_MISSING_HISTORICAL_ST,True,"""provider history unavailable""",OpenCode (assistant),2026-07-17T10:13:39Z,Confirmed blocking data limitation: source lacks reliable point-in-time historical ST status.
STOCK_RS_PULLBACK_v1:002153.SZ:2017-11-28:2017-11-29,LIMIT_PRICE_VERIFICATION,Board/date-specific limit price,BLOCKING_DATA,,,,NOT_EVALUABLE_LIMIT_PRICE,True,"""requires historical board/ST/listing-stage rules""",OpenCode (assistant),2026-07-17T10:13:39Z,Confirmed blocking data limitation: exact board/date/listing-stage/ST limit prices cannot be reconstructed from frozen inputs.
STOCK_RS_PULLBACK_v1:300331.SZ:2026-01-12:2026-01-13,UNIVERSE_TRADABLE_AT_SIGNAL,Signal-day universe,CRITICAL,"""300331.SZ""",true,,PASS,True,"""signal_date=2026-01-12 00:00:00""",OpenCode (assistant),2026-07-17T10:13:39Z,"Manual review confirmed check logic, source evidence, and applicable recorded/recalculated values."
STOCK_RS_PULLBACK_v1:300331.SZ:2026-01-12:2026-01-13,DATE_ORDER_VALID,Pullback/trigger/entry order,CRITICAL,"[""2026-01-09 00:00:00"", ""2026-01-12 00:00:00"", ""2026-01-13 00:00:00""]",true,,PASS,True,"""strictly increasing dates""",OpenCode (assistant),2026-07-17T10:13:39Z,"Manual review confirmed check logic, source evidence, and applicable recorded/recalculated values."
STOCK_RS_PULLBACK_v1:300331.SZ:2026-01-12:2026-01-13,NO_LOOKAHEAD_IN_INDICATORS,Prefix-only indicator reconstruction,CRITICAL,"{""benchmark_ret20"": 0.052225527110087766, ""high_10d"": 43.83, ""ma20"": 33.708999999999996, ""ma60"": 32.821999999999996, ""ret20"": 0.4445184938353881, ""vol_ma5"": 50672887.6}","{""benchmark_ret20"": 0.052225527110087766, ""high_10d"": 43.83, ""ma20"": 33.709, ""ma60"": 32.821999999999996, ""ret20"": 0.4445184938353881, ""vol_ma5"": 50672887.6}",,PASS,True,"""prefix-only rolling recomputation""",OpenCode (assistant),2026-07-17T10:13:39Z,"Manual review confirmed check logic, source evidence, and applicable recorded/recalculated values."
STOCK_RS_PULLBACK_v1:300331.SZ:2026-01-12:2026-01-13,ENTRY_IS_NEXT_TRADING_DAY_OPEN,Next trading-day open entry,CRITICAL,"[""2026-01-13"", 43.0]","[""2026-01-13 00:00:00"", 43.0]",,PASS,True,"""first stock bar after trigger""",OpenCode (assistant),2026-07-17T10:13:39Z,"Manual review confirmed check logic, source evidence, and applicable recorded/recalculated values."
STOCK_RS_PULLBACK_v1:300331.SZ:2026-01-12:2026-01-13,ENTRY_DAY_EXECUTABLE,Entry-day execution status,CRITICAL,"{""adj_factor"": null, ""adj_type"": ""qfq"", ""close"": 41.66, ""code"": ""300331.SZ"", ""date"": ""2026-01-13 00:00:00"", ""high"": 43.0, ""is_limit_down"": false, ""is_limit_up"": false, ""is_st"": false, ""is_suspended"": false, ""low"": 41.02, ""open"": 43.0, ""source"": ""tongdaxin_export"", ""volume"": 25667294}","{""executable"": true, ""expected_outcome"": ""valid trade requires executable entry""}",,PASS,True,"""suspension and limit-up flags""",OpenCode (assistant),2026-07-17T10:13:39Z,"Manual review confirmed check logic, source evidence, and applicable recorded/recalculated values."
STOCK_RS_PULLBACK_v1:300331.SZ:2026-01-12:2026-01-13,T1_NO_ENTRY_DAY_EXIT,A-share T+1,CRITICAL,"[""2026-01-13 00:00:00"", ""2026-01-14 00:00:00""]",true,,PASS,True,"""exit must follow entry date""",OpenCode (assistant),2026-07-17T10:13:39Z,"Manual review confirmed check logic, source evidence, and applicable recorded/recalculated values."
STOCK_RS_PULLBACK_v1:300331.SZ:2026-01-12:2026-01-13,SAME_DAY_STOP_TARGET_STOP_FIRST,Stop/target intraday priority,CRITICAL,"""stop_loss""","""not_triggered""",,PASS,True,"""post-entry daily bars""",OpenCode (assistant),2026-07-17T10:13:39Z,"Manual review confirmed check logic, source evidence, and applicable recorded/recalculated values."
STOCK_RS_PULLBACK_v1:300331.SZ:2026-01-12:2026-01-13,GAP_STOP_USES_EXECUTABLE_PRICE,Gap stop execution,CRITICAL,40.21,40.21,0.0,PASS,True,"""open price when opening below stop""",OpenCode (assistant),2026-07-17T10:13:39Z,"Manual review confirmed check logic, source evidence, and applicable recorded/recalculated values."
STOCK_RS_PULLBACK_v1:300331.SZ:2026-01-12:2026-01-13,D5_EXIT_BOUNDARY,D5 time-stop boundary,CRITICAL,2,5,-3.0,PASS,True,"""stop_loss""",OpenCode (assistant),2026-07-17T10:13:39Z,"Manual review confirmed check logic, source evidence, and applicable recorded/recalculated values."
STOCK_RS_PULLBACK_v1:300331.SZ:2026-01-12:2026-01-13,D10_EXIT_BOUNDARY,D10 max-holding boundary,CRITICAL,2,10,-8.0,PASS,True,"""stop_loss""",OpenCode (assistant),2026-07-17T10:13:39Z,"Manual review confirmed check logic, source evidence, and applicable recorded/recalculated values."
STOCK_RS_PULLBACK_v1:300331.SZ:2026-01-12:2026-01-13,GROSS_RETURN_RECALCULATION,Gross return,CRITICAL,-0.0648837209302325,-0.06488372093023254,4.163336342344337e-17,PASS,True,"""round_trip_cost=0.002""",OpenCode (assistant),2026-07-17T10:13:39Z,"Manual review confirmed check logic, source evidence, and applicable recorded/recalculated values."
STOCK_RS_PULLBACK_v1:300331.SZ:2026-01-12:2026-01-13,NET_RETURN_AND_COST_RECALCULATION,Net return and one cost deduction,CRITICAL,-0.0668837209302325,-0.06688372093023254,4.163336342344337e-17,PASS,True,"""round_trip_cost=0.002""",OpenCode (assistant),2026-07-17T10:13:39Z,"Manual review confirmed check logic, source evidence, and applicable recorded/recalculated values."
STOCK_RS_PULLBACK_v1:300331.SZ:2026-01-12:2026-01-13,R_MULTIPLE_RECALCULATION,R multiple,CRITICAL,-1.0,-1.0,0.0,PASS,True,"""round_trip_cost=0.002""",OpenCode (assistant),2026-07-17T10:13:39Z,"Manual review confirmed check logic, source evidence, and applicable recorded/recalculated values."
STOCK_RS_PULLBACK_v1:300331.SZ:2026-01-12:2026-01-13,PRICE_ADJUSTMENT_CONSISTENCY,Adjustment series consistency,CRITICAL,"[""qfq""]","[""qfq""]",,PASS,True,"""signal/entry/exit adj_type""",OpenCode (assistant),2026-07-17T10:13:39Z,"Manual review confirmed check logic, source evidence, and applicable recorded/recalculated values."
STOCK_RS_PULLBACK_v1:300331.SZ:2026-01-12:2026-01-13,EXECUTION_REALISM,Raw execution-price realism,BLOCKING_DATA,"[""False"", false]",true,,NOT_EVALUABLE_EXECUTION_REALISM,True,"""requires raw prices and adjustment factors""",OpenCode (assistant),2026-07-17T10:13:39Z,Confirmed blocking data limitation: sampled bars are qfq-only; raw execution prices and complete adjustment factors are unavailable.
STOCK_RS_PULLBACK_v1:300331.SZ:2026-01-12:2026-01-13,HISTORICAL_ST_STATUS,Historical ST status,BLOCKING_DATA,,,,NOT_EVALUABLE_MISSING_HISTORICAL_ST,True,"""provider history unavailable""",OpenCode (assistant),2026-07-17T10:13:39Z,Confirmed blocking data limitation: source lacks reliable point-in-time historical ST status.
STOCK_RS_PULLBACK_v1:300331.SZ:2026-01-12:2026-01-13,LIMIT_PRICE_VERIFICATION,Board/date-specific limit price,BLOCKING_DATA,,,,NOT_EVALUABLE_LIMIT_PRICE,True,"""requires historical board/ST/listing-stage rules""",OpenCode (assistant),2026-07-17T10:13:39Z,Confirmed blocking data limitation: exact board/date/listing-stage/ST limit prices cannot be reconstructed from frozen inputs.
STOCK_RS_PULLBACK_v1:601668.SH:2023-03-13:2023-03-14,UNIVERSE_TRADABLE_AT_SIGNAL,Signal-day universe,CRITICAL,"""601668.SH""",true,,PASS,True,"""signal_date=2023-03-13 00:00:00""",OpenCode (assistant),2026-07-17T10:13:39Z,"Manual review confirmed check logic, source evidence, and applicable recorded/recalculated values."
STOCK_RS_PULLBACK_v1:601668.SH:2023-03-13:2023-03-14,DATE_ORDER_VALID,Pullback/trigger/entry order,CRITICAL,"[""2023-03-08 00:00:00"", ""2023-03-13 00:00:00"", ""2023-03-14 00:00:00""]",true,,PASS,True,"""strictly increasing dates""",OpenCode (assistant),2026-07-17T10:13:39Z,"Manual review confirmed check logic, source evidence, and applicable recorded/recalculated values."
STOCK_RS_PULLBACK_v1:601668.SH:2023-03-13:2023-03-14,NO_LOOKAHEAD_IN_INDICATORS,Prefix-only indicator reconstruction,CRITICAL,"{""benchmark_ret20"": -0.03255164025224622, ""high_10d"": 5.21, ""ma20"": 4.685499999999999, ""ma60"": 4.5085, ""ret20"": 0.1480637813211847, ""vol_ma5"": 333252759.0}","{""benchmark_ret20"": -0.03255164025224622, ""high_10d"": 5.21, ""ma20"": 4.685499999999999, ""ma60"": 4.5085, ""ret20"": 0.1480637813211847, ""vol_ma5"": 333252759.0}",,PASS,True,"""prefix-only rolling recomputation""",OpenCode (assistant),2026-07-17T10:13:39Z,"Manual review confirmed check logic, source evidence, and applicable recorded/recalculated values."
STOCK_RS_PULLBACK_v1:601668.SH:2023-03-13:2023-03-14,ENTRY_IS_NEXT_TRADING_DAY_OPEN,Next trading-day open entry,CRITICAL,"[""2023-03-14"", 5.0]","[""2023-03-14 00:00:00"", 5.0]",,PASS,True,"""first stock bar after trigger""",OpenCode (assistant),2026-07-17T10:13:39Z,"Manual review confirmed check logic, source evidence, and applicable recorded/recalculated values."
STOCK_RS_PULLBACK_v1:601668.SH:2023-03-13:2023-03-14,ENTRY_DAY_EXECUTABLE,Entry-day execution status,CRITICAL,"{""adj_factor"": null, ""adj_type"": ""qfq"", ""close"": 4.92, ""code"": ""601668.SH"", ""date"": ""2023-03-14 00:00:00"", ""high"": 5.09, ""is_limit_down"": false, ""is_limit_up"": false, ""is_st"": false, ""is_suspended"": false, ""low"": 4.9, ""open"": 5.0, ""source"": ""tongdaxin_export"", ""volume"": 321729332}","{""executable"": true, ""expected_outcome"": ""valid trade requires executable entry""}",,PASS,True,"""suspension and limit-up flags""",OpenCode (assistant),2026-07-17T10:13:39Z,"Manual review confirmed check logic, source evidence, and applicable recorded/recalculated values."
STOCK_RS_PULLBACK_v1:601668.SH:2023-03-13:2023-03-14,T1_NO_ENTRY_DAY_EXIT,A-share T+1,CRITICAL,"[""2023-03-14 00:00:00"", ""2023-03-15 00:00:00""]",true,,PASS,True,"""exit must follow entry date""",OpenCode (assistant),2026-07-17T10:13:39Z,"Manual review confirmed check logic, source evidence, and applicable recorded/recalculated values."
STOCK_RS_PULLBACK_v1:601668.SH:2023-03-13:2023-03-14,SAME_DAY_STOP_TARGET_STOP_FIRST,Stop/target intraday priority,CRITICAL,"""stop_loss""","""not_triggered""",,PASS,True,"""post-entry daily bars""",OpenCode (assistant),2026-07-17T10:13:39Z,"Manual review confirmed check logic, source evidence, and applicable recorded/recalculated values."
STOCK_RS_PULLBACK_v1:601668.SH:2023-03-13:2023-03-14,GAP_STOP_USES_EXECUTABLE_PRICE,Gap stop execution,CRITICAL,4.87,4.87,0.0,PASS,True,"""open price when opening below stop""",OpenCode (assistant),2026-07-17T10:13:39Z,"Manual review confirmed check logic, source evidence, and applicable recorded/recalculated values."
STOCK_RS_PULLBACK_v1:601668.SH:2023-03-13:2023-03-14,D5_EXIT_BOUNDARY,D5 time-stop boundary,CRITICAL,2,5,-3.0,PASS,True,"""stop_loss""",OpenCode (assistant),2026-07-17T10:13:39Z,"Manual review confirmed check logic, source evidence, and applicable recorded/recalculated values."
STOCK_RS_PULLBACK_v1:601668.SH:2023-03-13:2023-03-14,D10_EXIT_BOUNDARY,D10 max-holding boundary,CRITICAL,2,10,-8.0,PASS,True,"""stop_loss""",OpenCode (assistant),2026-07-17T10:13:39Z,"Manual review confirmed check logic, source evidence, and applicable recorded/recalculated values."
STOCK_RS_PULLBACK_v1:601668.SH:2023-03-13:2023-03-14,GROSS_RETURN_RECALCULATION,Gross return,CRITICAL,-0.026,-0.026000000000000023,2.4286128663675305e-17,PASS,True,"""round_trip_cost=0.002""",OpenCode (assistant),2026-07-17T10:13:39Z,"Manual review confirmed check logic, source evidence, and applicable recorded/recalculated values."
STOCK_RS_PULLBACK_v1:601668.SH:2023-03-13:2023-03-14,NET_RETURN_AND_COST_RECALCULATION,Net return and one cost deduction,CRITICAL,-0.028,-0.028000000000000025,2.4286128663675305e-17,PASS,True,"""round_trip_cost=0.002""",OpenCode (assistant),2026-07-17T10:13:39Z,"Manual review confirmed check logic, source evidence, and applicable recorded/recalculated values."
STOCK_RS_PULLBACK_v1:601668.SH:2023-03-13:2023-03-14,R_MULTIPLE_RECALCULATION,R multiple,CRITICAL,-1.0,-1.0,0.0,PASS,True,"""round_trip_cost=0.002""",OpenCode (assistant),2026-07-17T10:13:39Z,"Manual review confirmed check logic, source evidence, and applicable recorded/recalculated values."
STOCK_RS_PULLBACK_v1:601668.SH:2023-03-13:2023-03-14,PRICE_ADJUSTMENT_CONSISTENCY,Adjustment series consistency,CRITICAL,"[""qfq""]","[""qfq""]",,PASS,True,"""signal/entry/exit adj_type""",OpenCode (assistant),2026-07-17T10:13:39Z,"Manual review confirmed check logic, source evidence, and applicable recorded/recalculated values."
STOCK_RS_PULLBACK_v1:601668.SH:2023-03-13:2023-03-14,EXECUTION_REALISM,Raw execution-price realism,BLOCKING_DATA,"[""False"", false]",true,,NOT_EVALUABLE_EXECUTION_REALISM,True,"""requires raw prices and adjustment factors""",OpenCode (assistant),2026-07-17T10:13:39Z,Confirmed blocking data limitation: sampled bars are qfq-only; raw execution prices and complete adjustment factors are unavailable.
STOCK_RS_PULLBACK_v1:601668.SH:2023-03-13:2023-03-14,HISTORICAL_ST_STATUS,Historical ST status,BLOCKING_DATA,,,,NOT_EVALUABLE_MISSING_HISTORICAL_ST,True,"""provider history unavailable""",OpenCode (assistant),2026-07-17T10:13:39Z,Confirmed blocking data limitation: source lacks reliable point-in-time historical ST status.
STOCK_RS_PULLBACK_v1:601668.SH:2023-03-13:2023-03-14,LIMIT_PRICE_VERIFICATION,Board/date-specific limit price,BLOCKING_DATA,,,,NOT_EVALUABLE_LIMIT_PRICE,True,"""requires historical board/ST/listing-stage rules""",OpenCode (assistant),2026-07-17T10:13:39Z,Confirmed blocking data limitation: exact board/date/listing-stage/ST limit prices cannot be reconstructed from frozen inputs.
STOCK_RS_PULLBACK_v1:002142.SZ:2025-01-23:2025-01-24,UNIVERSE_TRADABLE_AT_SIGNAL,Signal-day universe,CRITICAL,"""002142.SZ""",true,,PASS,True,"""signal_date=2025-01-23 00:00:00""",OpenCode (assistant),2026-07-17T10:13:39Z,"Manual review confirmed check logic, source evidence, and applicable recorded/recalculated values."
STOCK_RS_PULLBACK_v1:002142.SZ:2025-01-23:2025-01-24,DATE_ORDER_VALID,Pullback/trigger/entry order,CRITICAL,"[""2025-01-22 00:00:00"", ""2025-01-23 00:00:00"", ""2025-01-24 00:00:00""]",true,,PASS,True,"""strictly increasing dates""",OpenCode (assistant),2026-07-17T10:13:39Z,"Manual review confirmed check logic, source evidence, and applicable recorded/recalculated values."
STOCK_RS_PULLBACK_v1:002142.SZ:2025-01-23:2025-01-24,NO_LOOKAHEAD_IN_INDICATORS,Prefix-only indicator reconstruction,CRITICAL,"{""benchmark_ret20"": -0.045636448942827146, ""high_10d"": 24.18, ""ma20"": 22.842, ""ma60"": 22.772499999999997, ""ret20"": 0.06155218554861719, ""vol_ma5"": 18548902.6}","{""benchmark_ret20"": -0.045636448942827146, ""high_10d"": 24.18, ""ma20"": 22.842000000000002, ""ma60"": 22.7725, ""ret20"": 0.06155218554861719, ""vol_ma5"": 18548902.6}",,PASS,True,"""prefix-only rolling recomputation""",OpenCode (assistant),2026-07-17T10:13:39Z,"Manual review confirmed check logic, source evidence, and applicable recorded/recalculated values."
STOCK_RS_PULLBACK_v1:002142.SZ:2025-01-23:2025-01-24,ENTRY_IS_NEXT_TRADING_DAY_OPEN,Next trading-day open entry,CRITICAL,"[""2025-01-24"", 23.7]","[""2025-01-24 00:00:00"", 23.7]",,PASS,True,"""first stock bar after trigger""",OpenCode (assistant),2026-07-17T10:13:39Z,"Manual review confirmed check logic, source evidence, and applicable recorded/recalculated values."
STOCK_RS_PULLBACK_v1:002142.SZ:2025-01-23:2025-01-24,ENTRY_DAY_EXECUTABLE,Entry-day execution status,CRITICAL,"{""adj_factor"": null, ""adj_type"": ""qfq"", ""close"": 23.78, ""code"": ""002142.SZ"", ""date"": ""2025-01-24 00:00:00"", ""high"": 23.81, ""is_limit_down"": false, ""is_limit_up"": false, ""is_st"": false, ""is_suspended"": false, ""low"": 23.34, ""open"": 23.7, ""source"": ""tongdaxin_export"", ""volume"": 21216170}","{""executable"": true, ""expected_outcome"": ""valid trade requires executable entry""}",,PASS,True,"""suspension and limit-up flags""",OpenCode (assistant),2026-07-17T10:13:39Z,"Manual review confirmed check logic, source evidence, and applicable recorded/recalculated values."
STOCK_RS_PULLBACK_v1:002142.SZ:2025-01-23:2025-01-24,T1_NO_ENTRY_DAY_EXIT,A-share T+1,CRITICAL,"[""2025-01-24 00:00:00"", ""2025-02-06 00:00:00""]",true,,PASS,True,"""exit must follow entry date""",OpenCode (assistant),2026-07-17T10:13:39Z,"Manual review confirmed check logic, source evidence, and applicable recorded/recalculated values."
STOCK_RS_PULLBACK_v1:002142.SZ:2025-01-23:2025-01-24,SAME_DAY_STOP_TARGET_STOP_FIRST,Stop/target intraday priority,CRITICAL,"""stop_loss""","""not_triggered""",,PASS,True,"""post-entry daily bars""",OpenCode (assistant),2026-07-17T10:13:39Z,"Manual review confirmed check logic, source evidence, and applicable recorded/recalculated values."
STOCK_RS_PULLBACK_v1:002142.SZ:2025-01-23:2025-01-24,GAP_STOP_USES_EXECUTABLE_PRICE,Gap stop execution,CRITICAL,23.21,23.21,0.0,PASS,True,"""open price when opening below stop""",OpenCode (assistant),2026-07-17T10:13:39Z,"Manual review confirmed check logic, source evidence, and applicable recorded/recalculated values."
STOCK_RS_PULLBACK_v1:002142.SZ:2025-01-23:2025-01-24,D5_EXIT_BOUNDARY,D5 time-stop boundary,CRITICAL,4,5,-1.0,PASS,True,"""stop_loss""",OpenCode (assistant),2026-07-17T10:13:39Z,"Manual review confirmed check logic, source evidence, and applicable recorded/recalculated values."
STOCK_RS_PULLBACK_v1:002142.SZ:2025-01-23:2025-01-24,D10_EXIT_BOUNDARY,D10 max-holding boundary,CRITICAL,4,10,-6.0,PASS,True,"""stop_loss""",OpenCode (assistant),2026-07-17T10:13:39Z,"Manual review confirmed check logic, source evidence, and applicable recorded/recalculated values."
STOCK_RS_PULLBACK_v1:002142.SZ:2025-01-23:2025-01-24,GROSS_RETURN_RECALCULATION,Gross return,CRITICAL,-0.0206751054852319,-0.020675105485231993,9.367506770274756e-17,PASS,True,"""round_trip_cost=0.002""",OpenCode (assistant),2026-07-17T10:13:39Z,"Manual review confirmed check logic, source evidence, and applicable recorded/recalculated values."
STOCK_RS_PULLBACK_v1:002142.SZ:2025-01-23:2025-01-24,NET_RETURN_AND_COST_RECALCULATION,Net return and one cost deduction,CRITICAL,-0.0226751054852319,-0.022675105485231994,9.367506770274756e-17,PASS,True,"""round_trip_cost=0.002""",OpenCode (assistant),2026-07-17T10:13:39Z,"Manual review confirmed check logic, source evidence, and applicable recorded/recalculated values."
STOCK_RS_PULLBACK_v1:002142.SZ:2025-01-23:2025-01-24,R_MULTIPLE_RECALCULATION,R multiple,CRITICAL,-1.0,-1.0,0.0,PASS,True,"""round_trip_cost=0.002""",OpenCode (assistant),2026-07-17T10:13:39Z,"Manual review confirmed check logic, source evidence, and applicable recorded/recalculated values."
STOCK_RS_PULLBACK_v1:002142.SZ:2025-01-23:2025-01-24,PRICE_ADJUSTMENT_CONSISTENCY,Adjustment series consistency,CRITICAL,"[""qfq""]","[""qfq""]",,PASS,True,"""signal/entry/exit adj_type""",OpenCode (assistant),2026-07-17T10:13:39Z,"Manual review confirmed check logic, source evidence, and applicable recorded/recalculated values."
STOCK_RS_PULLBACK_v1:002142.SZ:2025-01-23:2025-01-24,EXECUTION_REALISM,Raw execution-price realism,BLOCKING_DATA,"[""False"", false]",true,,NOT_EVALUABLE_EXECUTION_REALISM,True,"""requires raw prices and adjustment factors""",OpenCode (assistant),2026-07-17T10:13:39Z,Confirmed blocking data limitation: sampled bars are qfq-only; raw execution prices and complete adjustment factors are unavailable.
STOCK_RS_PULLBACK_v1:002142.SZ:2025-01-23:2025-01-24,HISTORICAL_ST_STATUS,Historical ST status,BLOCKING_DATA,,,,NOT_EVALUABLE_MISSING_HISTORICAL_ST,True,"""provider history unavailable""",OpenCode (assistant),2026-07-17T10:13:39Z,Confirmed blocking data limitation: source lacks reliable point-in-time historical ST status.
STOCK_RS_PULLBACK_v1:002142.SZ:2025-01-23:2025-01-24,LIMIT_PRICE_VERIFICATION,Board/date-specific limit price,BLOCKING_DATA,,,,NOT_EVALUABLE_LIMIT_PRICE,True,"""requires historical board/ST/listing-stage rules""",OpenCode (assistant),2026-07-17T10:13:39Z,Confirmed blocking data limitation: exact board/date/listing-stage/ST limit prices cannot be reconstructed from frozen inputs.
STOCK_RS_PULLBACK_v1:000528.SZ:2024-06-12:2024-06-13,UNIVERSE_TRADABLE_AT_SIGNAL,Signal-day universe,CRITICAL,"""000528.SZ""",true,,PASS,True,"""signal_date=2024-06-12 00:00:00""",OpenCode (assistant),2026-07-17T10:13:39Z,"Manual review confirmed check logic, source evidence, and applicable recorded/recalculated values."
STOCK_RS_PULLBACK_v1:000528.SZ:2024-06-12:2024-06-13,DATE_ORDER_VALID,Pullback/trigger/entry order,CRITICAL,"[""2024-06-11 00:00:00"", ""2024-06-12 00:00:00"", ""2024-06-13 00:00:00""]",true,,PASS,True,"""strictly increasing dates""",OpenCode (assistant),2026-07-17T10:13:39Z,"Manual review confirmed check logic, source evidence, and applicable recorded/recalculated values."
STOCK_RS_PULLBACK_v1:000528.SZ:2024-06-12:2024-06-13,NO_LOOKAHEAD_IN_INDICATORS,Prefix-only indicator reconstruction,CRITICAL,"{""benchmark_ret20"": -0.030880080939555188, ""high_10d"": 11.05, ""ma20"": 9.914, ""ma60"": 9.208499999999999, ""ret20"": 0.06048780487804861, ""vol_ma5"": 58210058.0}","{""benchmark_ret20"": -0.030880080939555188, ""high_10d"": 11.05, ""ma20"": 9.914, ""ma60"": 9.208500000000003, ""ret20"": 0.06048780487804861, ""vol_ma5"": 58210058.0}",,PASS,True,"""prefix-only rolling recomputation""",OpenCode (assistant),2026-07-17T10:13:39Z,"Manual review confirmed check logic, source evidence, and applicable recorded/recalculated values."
STOCK_RS_PULLBACK_v1:000528.SZ:2024-06-12:2024-06-13,ENTRY_IS_NEXT_TRADING_DAY_OPEN,Next trading-day open entry,CRITICAL,"[""2024-06-13"", 10.64]","[""2024-06-13 00:00:00"", 10.64]",,PASS,True,"""first stock bar after trigger""",OpenCode (assistant),2026-07-17T10:13:39Z,"Manual review confirmed check logic, source evidence, and applicable recorded/recalculated values."
STOCK_RS_PULLBACK_v1:000528.SZ:2024-06-12:2024-06-13,ENTRY_DAY_EXECUTABLE,Entry-day execution status,CRITICAL,"{""adj_factor"": null, ""adj_type"": ""qfq"", ""close"": 10.6, ""code"": ""000528.SZ"", ""date"": ""2024-06-13 00:00:00"", ""high"": 10.89, ""is_limit_down"": false, ""is_limit_up"": false, ""is_st"": false, ""is_suspended"": false, ""low"": 10.47, ""open"": 10.64, ""source"": ""tongdaxin_export"", ""volume"": 36432434}","{""executable"": true, ""expected_outcome"": ""valid trade requires executable entry""}",,PASS,True,"""suspension and limit-up flags""",OpenCode (assistant),2026-07-17T10:13:39Z,"Manual review confirmed check logic, source evidence, and applicable recorded/recalculated values."
STOCK_RS_PULLBACK_v1:000528.SZ:2024-06-12:2024-06-13,T1_NO_ENTRY_DAY_EXIT,A-share T+1,CRITICAL,"[""2024-06-13 00:00:00"", ""2024-06-18 00:00:00""]",true,,PASS,True,"""exit must follow entry date""",OpenCode (assistant),2026-07-17T10:13:39Z,"Manual review confirmed check logic, source evidence, and applicable recorded/recalculated values."
STOCK_RS_PULLBACK_v1:000528.SZ:2024-06-12:2024-06-13,SAME_DAY_STOP_TARGET_STOP_FIRST,Stop/target intraday priority,CRITICAL,"""stop_loss""","""not_triggered""",,PASS,True,"""post-entry daily bars""",OpenCode (assistant),2026-07-17T10:13:39Z,"Manual review confirmed check logic, source evidence, and applicable recorded/recalculated values."
STOCK_RS_PULLBACK_v1:000528.SZ:2024-06-12:2024-06-13,GAP_STOP_USES_EXECUTABLE_PRICE,Gap stop execution,CRITICAL,10.13,10.13,0.0,PASS,True,"""open price when opening below stop""",OpenCode (assistant),2026-07-17T10:13:39Z,"Manual review confirmed check logic, source evidence, and applicable recorded/recalculated values."
STOCK_RS_PULLBACK_v1:000528.SZ:2024-06-12:2024-06-13,D5_EXIT_BOUNDARY,D5 time-stop boundary,CRITICAL,4,5,-1.0,PASS,True,"""stop_loss""",OpenCode (assistant),2026-07-17T10:13:39Z,"Manual review confirmed check logic, source evidence, and applicable recorded/recalculated values."
STOCK_RS_PULLBACK_v1:000528.SZ:2024-06-12:2024-06-13,D10_EXIT_BOUNDARY,D10 max-holding boundary,CRITICAL,4,10,-6.0,PASS,True,"""stop_loss""",OpenCode (assistant),2026-07-17T10:13:39Z,"Manual review confirmed check logic, source evidence, and applicable recorded/recalculated values."
STOCK_RS_PULLBACK_v1:000528.SZ:2024-06-12:2024-06-13,GROSS_RETURN_RECALCULATION,Gross return,CRITICAL,-0.0479323308270676,-0.047932330827067604,6.938893903907228e-18,PASS,True,"""round_trip_cost=0.002""",OpenCode (assistant),2026-07-17T10:13:39Z,"Manual review confirmed check logic, source evidence, and applicable recorded/recalculated values."
STOCK_RS_PULLBACK_v1:000528.SZ:2024-06-12:2024-06-13,NET_RETURN_AND_COST_RECALCULATION,Net return and one cost deduction,CRITICAL,-0.0499323308270676,-0.049932330827067606,6.938893903907228e-18,PASS,True,"""round_trip_cost=0.002""",OpenCode (assistant),2026-07-17T10:13:39Z,"Manual review confirmed check logic, source evidence, and applicable recorded/recalculated values."
STOCK_RS_PULLBACK_v1:000528.SZ:2024-06-12:2024-06-13,R_MULTIPLE_RECALCULATION,R multiple,CRITICAL,-1.0,-1.0,0.0,PASS,True,"""round_trip_cost=0.002""",OpenCode (assistant),2026-07-17T10:13:39Z,"Manual review confirmed check logic, source evidence, and applicable recorded/recalculated values."
STOCK_RS_PULLBACK_v1:000528.SZ:2024-06-12:2024-06-13,PRICE_ADJUSTMENT_CONSISTENCY,Adjustment series consistency,CRITICAL,"[""qfq""]","[""qfq""]",,PASS,True,"""signal/entry/exit adj_type""",OpenCode (assistant),2026-07-17T10:13:39Z,"Manual review confirmed check logic, source evidence, and applicable recorded/recalculated values."
STOCK_RS_PULLBACK_v1:000528.SZ:2024-06-12:2024-06-13,EXECUTION_REALISM,Raw execution-price realism,BLOCKING_DATA,"[""False"", false]",true,,NOT_EVALUABLE_EXECUTION_REALISM,True,"""requires raw prices and adjustment factors""",OpenCode (assistant),2026-07-17T10:13:39Z,Confirmed blocking data limitation: sampled bars are qfq-only; raw execution prices and complete adjustment factors are unavailable.
STOCK_RS_PULLBACK_v1:000528.SZ:2024-06-12:2024-06-13,HISTORICAL_ST_STATUS,Historical ST status,BLOCKING_DATA,,,,NOT_EVALUABLE_MISSING_HISTORICAL_ST,True,"""provider history unavailable""",OpenCode (assistant),2026-07-17T10:13:39Z,Confirmed blocking data limitation: source lacks reliable point-in-time historical ST status.
STOCK_RS_PULLBACK_v1:000528.SZ:2024-06-12:2024-06-13,LIMIT_PRICE_VERIFICATION,Board/date-specific limit price,BLOCKING_DATA,,,,NOT_EVALUABLE_LIMIT_PRICE,True,"""requires historical board/ST/listing-stage rules""",OpenCode (assistant),2026-07-17T10:13:39Z,Confirmed blocking data limitation: exact board/date/listing-stage/ST limit prices cannot be reconstructed from frozen inputs.
STOCK_RS_PULLBACK_v1:600216.SH:2016-02-16:2016-02-17,UNIVERSE_TRADABLE_AT_SIGNAL,Signal-day universe,CRITICAL,"""600216.SH""",true,,PASS,True,"""signal_date=2016-02-16 00:00:00""",OpenCode (assistant),2026-07-17T10:13:39Z,"Manual review confirmed check logic, source evidence, and applicable recorded/recalculated values."
STOCK_RS_PULLBACK_v1:600216.SH:2016-02-16:2016-02-17,DATE_ORDER_VALID,Pullback/trigger/entry order,CRITICAL,"[""2016-02-05 00:00:00"", ""2016-02-16 00:00:00"", ""2016-02-17 00:00:00""]",true,,PASS,True,"""strictly increasing dates""",OpenCode (assistant),2026-07-17T10:13:39Z,"Manual review confirmed check logic, source evidence, and applicable recorded/recalculated values."
STOCK_RS_PULLBACK_v1:600216.SH:2016-02-16:2016-02-17,NO_LOOKAHEAD_IN_INDICATORS,Prefix-only indicator reconstruction,CRITICAL,"{""benchmark_ret20"": -0.05556160225891016, ""high_10d"": 9.9, ""ma20"": 8.734, ""ma60"": 8.286333333333333, ""ret20"": 0.25806451612903225, ""vol_ma5"": 31932430.2}","{""benchmark_ret20"": -0.05556160225891016, ""high_10d"": 9.9, ""ma20"": 8.734, ""ma60"": 8.286333333333333, ""ret20"": 0.25806451612903225, ""vol_ma5"": 31932430.2}",,PASS,True,"""prefix-only rolling recomputation""",OpenCode (assistant),2026-07-17T10:13:39Z,"Manual review confirmed check logic, source evidence, and applicable recorded/recalculated values."
STOCK_RS_PULLBACK_v1:600216.SH:2016-02-16:2016-02-17,ENTRY_IS_NEXT_TRADING_DAY_OPEN,Next trading-day open entry,CRITICAL,"[""2016-02-17"", 9.64]","[""2016-02-17 00:00:00"", 9.64]",,PASS,True,"""first stock bar after trigger""",OpenCode (assistant),2026-07-17T10:13:39Z,"Manual review confirmed check logic, source evidence, and applicable recorded/recalculated values."
STOCK_RS_PULLBACK_v1:600216.SH:2016-02-16:2016-02-17,ENTRY_DAY_EXECUTABLE,Entry-day execution status,CRITICAL,"{""adj_factor"": null, ""adj_type"": ""qfq"", ""close"": 9.86, ""code"": ""600216.SH"", ""date"": ""2016-02-17 00:00:00"", ""high"": 9.95, ""is_limit_down"": false, ""is_limit_up"": false, ""is_st"": false, ""is_suspended"": false, ""low"": 9.5, ""open"": 9.64, ""source"": ""tongdaxin_export"", ""volume"": 38393811}","{""executable"": true, ""expected_outcome"": ""valid trade requires executable entry""}",,PASS,True,"""suspension and limit-up flags""",OpenCode (assistant),2026-07-17T10:13:39Z,"Manual review confirmed check logic, source evidence, and applicable recorded/recalculated values."
STOCK_RS_PULLBACK_v1:600216.SH:2016-02-16:2016-02-17,T1_NO_ENTRY_DAY_EXIT,A-share T+1,CRITICAL,"[""2016-02-17 00:00:00"", ""2016-02-29 00:00:00""]",true,,PASS,True,"""exit must follow entry date""",OpenCode (assistant),2026-07-17T10:13:39Z,"Manual review confirmed check logic, source evidence, and applicable recorded/recalculated values."
STOCK_RS_PULLBACK_v1:600216.SH:2016-02-16:2016-02-17,SAME_DAY_STOP_TARGET_STOP_FIRST,Stop/target intraday priority,CRITICAL,"""stop_loss""","""not_triggered""",,PASS,True,"""post-entry daily bars""",OpenCode (assistant),2026-07-17T10:13:39Z,"Manual review confirmed check logic, source evidence, and applicable recorded/recalculated values."
STOCK_RS_PULLBACK_v1:600216.SH:2016-02-16:2016-02-17,GAP_STOP_USES_EXECUTABLE_PRICE,Gap stop execution,CRITICAL,9.0,9.0,0.0,PASS,True,"""open price when opening below stop""",OpenCode (assistant),2026-07-17T10:13:39Z,"Manual review confirmed check logic, source evidence, and applicable recorded/recalculated values."
STOCK_RS_PULLBACK_v1:600216.SH:2016-02-16:2016-02-17,D5_EXIT_BOUNDARY,D5 time-stop boundary,CRITICAL,9,5,4.0,PASS,True,"""stop_loss""",OpenCode (assistant),2026-07-17T10:13:39Z,"Manual review confirmed check logic, source evidence, and applicable recorded/recalculated values."
STOCK_RS_PULLBACK_v1:600216.SH:2016-02-16:2016-02-17,D10_EXIT_BOUNDARY,D10 max-holding boundary,CRITICAL,9,10,-1.0,PASS,True,"""stop_loss""",OpenCode (assistant),2026-07-17T10:13:39Z,"Manual review confirmed check logic, source evidence, and applicable recorded/recalculated values."
STOCK_RS_PULLBACK_v1:600216.SH:2016-02-16:2016-02-17,GROSS_RETURN_RECALCULATION,Gross return,CRITICAL,-0.066390041493776,-0.06639004149377603,2.775557561562892e-17,PASS,True,"""round_trip_cost=0.002""",OpenCode (assistant),2026-07-17T10:13:39Z,"Manual review confirmed check logic, source evidence, and applicable recorded/recalculated values."
STOCK_RS_PULLBACK_v1:600216.SH:2016-02-16:2016-02-17,NET_RETURN_AND_COST_RECALCULATION,Net return and one cost deduction,CRITICAL,-0.068390041493776,-0.06839004149377603,2.775557561562892e-17,PASS,True,"""round_trip_cost=0.002""",OpenCode (assistant),2026-07-17T10:13:39Z,"Manual review confirmed check logic, source evidence, and applicable recorded/recalculated values."
STOCK_RS_PULLBACK_v1:600216.SH:2016-02-16:2016-02-17,R_MULTIPLE_RECALCULATION,R multiple,CRITICAL,-1.0,-1.0,0.0,PASS,True,"""round_trip_cost=0.002""",OpenCode (assistant),2026-07-17T10:13:39Z,"Manual review confirmed check logic, source evidence, and applicable recorded/recalculated values."
STOCK_RS_PULLBACK_v1:600216.SH:2016-02-16:2016-02-17,PRICE_ADJUSTMENT_CONSISTENCY,Adjustment series consistency,CRITICAL,"[""qfq""]","[""qfq""]",,PASS,True,"""signal/entry/exit adj_type""",OpenCode (assistant),2026-07-17T10:13:39Z,"Manual review confirmed check logic, source evidence, and applicable recorded/recalculated values."
STOCK_RS_PULLBACK_v1:600216.SH:2016-02-16:2016-02-17,EXECUTION_REALISM,Raw execution-price realism,BLOCKING_DATA,"[""False"", false]",true,,NOT_EVALUABLE_EXECUTION_REALISM,True,"""requires raw prices and adjustment factors""",OpenCode (assistant),2026-07-17T10:13:39Z,Confirmed blocking data limitation: sampled bars are qfq-only; raw execution prices and complete adjustment factors are unavailable.
STOCK_RS_PULLBACK_v1:600216.SH:2016-02-16:2016-02-17,HISTORICAL_ST_STATUS,Historical ST status,BLOCKING_DATA,,,,NOT_EVALUABLE_MISSING_HISTORICAL_ST,True,"""provider history unavailable""",OpenCode (assistant),2026-07-17T10:13:39Z,Confirmed blocking data limitation: source lacks reliable point-in-time historical ST status.
STOCK_RS_PULLBACK_v1:600216.SH:2016-02-16:2016-02-17,LIMIT_PRICE_VERIFICATION,Board/date-specific limit price,BLOCKING_DATA,,,,NOT_EVALUABLE_LIMIT_PRICE,True,"""requires historical board/ST/listing-stage rules""",OpenCode (assistant),2026-07-17T10:13:39Z,Confirmed blocking data limitation: exact board/date/listing-stage/ST limit prices cannot be reconstructed from frozen inputs.
STOCK_RS_PULLBACK_v1:600640.SH:2016-09-20:2016-09-21,UNIVERSE_TRADABLE_AT_SIGNAL,Signal-day universe,CRITICAL,"""600640.SH""",true,,PASS,True,"""signal_date=2016-09-20 00:00:00""",OpenCode (assistant),2026-07-17T10:13:39Z,"Manual review confirmed check logic, source evidence, and applicable recorded/recalculated values."
STOCK_RS_PULLBACK_v1:600640.SH:2016-09-20:2016-09-21,DATE_ORDER_VALID,Pullback/trigger/entry order,CRITICAL,"[""2016-09-19 00:00:00"", ""2016-09-20 00:00:00"", ""2016-09-21 00:00:00""]",true,,PASS,True,"""strictly increasing dates""",OpenCode (assistant),2026-07-17T10:13:39Z,"Manual review confirmed check logic, source evidence, and applicable recorded/recalculated values."
STOCK_RS_PULLBACK_v1:600640.SH:2016-09-20:2016-09-21,NO_LOOKAHEAD_IN_INDICATORS,Prefix-only indicator reconstruction,CRITICAL,"{""benchmark_ret20"": -0.031981979304729236, ""high_10d"": 21.65, ""ma20"": 20.203, ""ma60"": 17.075833333333332, ""ret20"": 0.24439053972104308, ""vol_ma5"": 13597992.4}","{""benchmark_ret20"": -0.031981979304729236, ""high_10d"": 21.65, ""ma20"": 20.203000000000003, ""ma60"": 17.075833333333332, ""ret20"": 0.24439053972104308, ""vol_ma5"": 13597992.4}",,PASS,True,"""prefix-only rolling recomputation""",OpenCode (assistant),2026-07-17T10:13:39Z,"Manual review confirmed check logic, source evidence, and applicable recorded/recalculated values."
STOCK_RS_PULLBACK_v1:600640.SH:2016-09-20:2016-09-21,ENTRY_IS_NEXT_TRADING_DAY_OPEN,Next trading-day open entry,CRITICAL,"[""2016-09-21"", 20.4]","[""2016-09-21 00:00:00"", 20.4]",,PASS,True,"""first stock bar after trigger""",OpenCode (assistant),2026-07-17T10:13:39Z,"Manual review confirmed check logic, source evidence, and applicable recorded/recalculated values."
STOCK_RS_PULLBACK_v1:600640.SH:2016-09-20:2016-09-21,ENTRY_DAY_EXECUTABLE,Entry-day execution status,CRITICAL,"{""adj_factor"": null, ""adj_type"": ""qfq"", ""close"": 20.29, ""code"": ""600640.SH"", ""date"": ""2016-09-21 00:00:00"", ""high"": 20.75, ""is_limit_down"": false, ""is_limit_up"": false, ""is_st"": false, ""is_suspended"": false, ""low"": 20.22, ""open"": 20.4, ""source"": ""tongdaxin_export"", ""volume"": 5598059}","{""executable"": true, ""expected_outcome"": ""valid trade requires executable entry""}",,PASS,True,"""suspension and limit-up flags""",OpenCode (assistant),2026-07-17T10:13:39Z,"Manual review confirmed check logic, source evidence, and applicable recorded/recalculated values."
STOCK_RS_PULLBACK_v1:600640.SH:2016-09-20:2016-09-21,T1_NO_ENTRY_DAY_EXIT,A-share T+1,CRITICAL,"[""2016-09-21 00:00:00"", ""2016-09-23 00:00:00""]",true,,PASS,True,"""exit must follow entry date""",OpenCode (assistant),2026-07-17T10:13:39Z,"Manual review confirmed check logic, source evidence, and applicable recorded/recalculated values."
STOCK_RS_PULLBACK_v1:600640.SH:2016-09-20:2016-09-21,SAME_DAY_STOP_TARGET_STOP_FIRST,Stop/target intraday priority,CRITICAL,"""target_2r""","""not_triggered""",,PASS,True,"""post-entry daily bars""",OpenCode (assistant),2026-07-17T10:13:39Z,"Manual review confirmed check logic, source evidence, and applicable recorded/recalculated values."
STOCK_RS_PULLBACK_v1:600640.SH:2016-09-20:2016-09-21,GAP_STOP_USES_EXECUTABLE_PRICE,Gap stop execution,CRITICAL,22.12,,,PASS,True,"""open price when opening below stop""",OpenCode (assistant),2026-07-17T10:13:39Z,"Manual review confirmed check logic, source evidence, and applicable recorded/recalculated values."
STOCK_RS_PULLBACK_v1:600640.SH:2016-09-20:2016-09-21,D5_EXIT_BOUNDARY,D5 time-stop boundary,CRITICAL,3,5,-2.0,PASS,True,"""target_2r""",OpenCode (assistant),2026-07-17T10:13:39Z,"Manual review confirmed check logic, source evidence, and applicable recorded/recalculated values."
STOCK_RS_PULLBACK_v1:600640.SH:2016-09-20:2016-09-21,D10_EXIT_BOUNDARY,D10 max-holding boundary,CRITICAL,3,10,-7.0,PASS,True,"""target_2r""",OpenCode (assistant),2026-07-17T10:13:39Z,"Manual review confirmed check logic, source evidence, and applicable recorded/recalculated values."
STOCK_RS_PULLBACK_v1:600640.SH:2016-09-20:2016-09-21,GROSS_RETURN_RECALCULATION,Gross return,CRITICAL,0.084313725490196,0.08431372549019622,-2.220446049250313e-16,PASS,True,"""round_trip_cost=0.002""",OpenCode (assistant),2026-07-17T10:13:39Z,"Manual review confirmed check logic, source evidence, and applicable recorded/recalculated values."
STOCK_RS_PULLBACK_v1:600640.SH:2016-09-20:2016-09-21,NET_RETURN_AND_COST_RECALCULATION,Net return and one cost deduction,CRITICAL,0.082313725490196,0.08231372549019622,-2.220446049250313e-16,PASS,True,"""round_trip_cost=0.002""",OpenCode (assistant),2026-07-17T10:13:39Z,"Manual review confirmed check logic, source evidence, and applicable recorded/recalculated values."
STOCK_RS_PULLBACK_v1:600640.SH:2016-09-20:2016-09-21,R_MULTIPLE_RECALCULATION,R multiple,CRITICAL,2.0,2.000000000000004,-3.9968028886505635e-15,PASS,True,"""round_trip_cost=0.002""",OpenCode (assistant),2026-07-17T10:13:39Z,"Manual review confirmed check logic, source evidence, and applicable recorded/recalculated values."
STOCK_RS_PULLBACK_v1:600640.SH:2016-09-20:2016-09-21,PRICE_ADJUSTMENT_CONSISTENCY,Adjustment series consistency,CRITICAL,"[""qfq""]","[""qfq""]",,PASS,True,"""signal/entry/exit adj_type""",OpenCode (assistant),2026-07-17T10:13:39Z,"Manual review confirmed check logic, source evidence, and applicable recorded/recalculated values."
STOCK_RS_PULLBACK_v1:600640.SH:2016-09-20:2016-09-21,EXECUTION_REALISM,Raw execution-price realism,BLOCKING_DATA,"[""False"", false]",true,,NOT_EVALUABLE_EXECUTION_REALISM,True,"""requires raw prices and adjustment factors""",OpenCode (assistant),2026-07-17T10:13:39Z,Confirmed blocking data limitation: sampled bars are qfq-only; raw execution prices and complete adjustment factors are unavailable.
STOCK_RS_PULLBACK_v1:600640.SH:2016-09-20:2016-09-21,HISTORICAL_ST_STATUS,Historical ST status,BLOCKING_DATA,,,,NOT_EVALUABLE_MISSING_HISTORICAL_ST,True,"""provider history unavailable""",OpenCode (assistant),2026-07-17T10:13:39Z,Confirmed blocking data limitation: source lacks reliable point-in-time historical ST status.
STOCK_RS_PULLBACK_v1:600640.SH:2016-09-20:2016-09-21,LIMIT_PRICE_VERIFICATION,Board/date-specific limit price,BLOCKING_DATA,,,,NOT_EVALUABLE_LIMIT_PRICE,True,"""requires historical board/ST/listing-stage rules""",OpenCode (assistant),2026-07-17T10:13:39Z,Confirmed blocking data limitation: exact board/date/listing-stage/ST limit prices cannot be reconstructed from frozen inputs.
STOCK_RS_PULLBACK_v1:600406.SH:2015-03-16:2015-03-17,UNIVERSE_TRADABLE_AT_SIGNAL,Signal-day universe,CRITICAL,"""600406.SH""",true,,PASS,True,"""signal_date=2015-03-16 00:00:00""",OpenCode (assistant),2026-07-17T10:13:39Z,"Manual review confirmed check logic, source evidence, and applicable recorded/recalculated values."
STOCK_RS_PULLBACK_v1:600406.SH:2015-03-16:2015-03-17,DATE_ORDER_VALID,Pullback/trigger/entry order,CRITICAL,"[""2015-03-12 00:00:00"", ""2015-03-16 00:00:00"", ""2015-03-17 00:00:00""]",true,,PASS,True,"""strictly increasing dates""",OpenCode (assistant),2026-07-17T10:13:39Z,"Manual review confirmed check logic, source evidence, and applicable recorded/recalculated values."
STOCK_RS_PULLBACK_v1:600406.SH:2015-03-16:2015-03-17,NO_LOOKAHEAD_IN_INDICATORS,Prefix-only indicator reconstruction,CRITICAL,"{""benchmark_ret20"": 0.10751900822494265, ""high_10d"": 6.29, ""ma20"": 5.7155000000000005, ""ma60"": 5.5840000000000005, ""ret20"": 0.20939334637964757, ""vol_ma5"": 51485276.6}","{""benchmark_ret20"": 0.10751900822494265, ""high_10d"": 6.29, ""ma20"": 5.7155000000000005, ""ma60"": 5.584, ""ret20"": 0.20939334637964757, ""vol_ma5"": 51485276.6}",,PASS,True,"""prefix-only rolling recomputation""",OpenCode (assistant),2026-07-17T10:13:39Z,"Manual review confirmed check logic, source evidence, and applicable recorded/recalculated values."
STOCK_RS_PULLBACK_v1:600406.SH:2015-03-16:2015-03-17,ENTRY_IS_NEXT_TRADING_DAY_OPEN,Next trading-day open entry,CRITICAL,"[""2015-03-17"", 6.18]","[""2015-03-17 00:00:00"", 6.18]",,PASS,True,"""first stock bar after trigger""",OpenCode (assistant),2026-07-17T10:13:39Z,"Manual review confirmed check logic, source evidence, and applicable recorded/recalculated values."
STOCK_RS_PULLBACK_v1:600406.SH:2015-03-16:2015-03-17,ENTRY_DAY_EXECUTABLE,Entry-day execution status,CRITICAL,"{""adj_factor"": null, ""adj_type"": ""qfq"", ""close"": 6.3, ""code"": ""600406.SH"", ""date"": ""2015-03-17 00:00:00"", ""high"": 6.46, ""is_limit_down"": false, ""is_limit_up"": false, ""is_st"": false, ""is_suspended"": false, ""low"": 6.13, ""open"": 6.18, ""source"": ""tongdaxin_export"", ""volume"": 80146950}","{""executable"": true, ""expected_outcome"": ""valid trade requires executable entry""}",,PASS,True,"""suspension and limit-up flags""",OpenCode (assistant),2026-07-17T10:13:39Z,"Manual review confirmed check logic, source evidence, and applicable recorded/recalculated values."
STOCK_RS_PULLBACK_v1:600406.SH:2015-03-16:2015-03-17,T1_NO_ENTRY_DAY_EXIT,A-share T+1,CRITICAL,"[""2015-03-17 00:00:00"", ""2015-03-20 00:00:00""]",true,,PASS,True,"""exit must follow entry date""",OpenCode (assistant),2026-07-17T10:13:39Z,"Manual review confirmed check logic, source evidence, and applicable recorded/recalculated values."
STOCK_RS_PULLBACK_v1:600406.SH:2015-03-16:2015-03-17,SAME_DAY_STOP_TARGET_STOP_FIRST,Stop/target intraday priority,CRITICAL,"""target_2r""","""not_triggered""",,PASS,True,"""post-entry daily bars""",OpenCode (assistant),2026-07-17T10:13:39Z,"Manual review confirmed check logic, source evidence, and applicable recorded/recalculated values."
STOCK_RS_PULLBACK_v1:600406.SH:2015-03-16:2015-03-17,GAP_STOP_USES_EXECUTABLE_PRICE,Gap stop execution,CRITICAL,6.859999999999999,,,PASS,True,"""open price when opening below stop""",OpenCode (assistant),2026-07-17T10:13:39Z,"Manual review confirmed check logic, source evidence, and applicable recorded/recalculated values."
STOCK_RS_PULLBACK_v1:600406.SH:2015-03-16:2015-03-17,D5_EXIT_BOUNDARY,D5 time-stop boundary,CRITICAL,4,5,-1.0,PASS,True,"""target_2r""",OpenCode (assistant),2026-07-17T10:13:39Z,"Manual review confirmed check logic, source evidence, and applicable recorded/recalculated values."
STOCK_RS_PULLBACK_v1:600406.SH:2015-03-16:2015-03-17,D10_EXIT_BOUNDARY,D10 max-holding boundary,CRITICAL,4,10,-6.0,PASS,True,"""target_2r""",OpenCode (assistant),2026-07-17T10:13:39Z,"Manual review confirmed check logic, source evidence, and applicable recorded/recalculated values."
STOCK_RS_PULLBACK_v1:600406.SH:2015-03-16:2015-03-17,GROSS_RETURN_RECALCULATION,Gross return,CRITICAL,0.1100323624595469,0.11003236245954695,-5.551115123125783e-17,PASS,True,"""round_trip_cost=0.002""",OpenCode (assistant),2026-07-17T10:13:39Z,"Manual review confirmed check logic, source evidence, and applicable recorded/recalculated values."
STOCK_RS_PULLBACK_v1:600406.SH:2015-03-16:2015-03-17,NET_RETURN_AND_COST_RECALCULATION,Net return and one cost deduction,CRITICAL,0.1080323624595469,0.10803236245954695,-5.551115123125783e-17,PASS,True,"""round_trip_cost=0.002""",OpenCode (assistant),2026-07-17T10:13:39Z,"Manual review confirmed check logic, source evidence, and applicable recorded/recalculated values."
STOCK_RS_PULLBACK_v1:600406.SH:2015-03-16:2015-03-17,R_MULTIPLE_RECALCULATION,R multiple,CRITICAL,2.0,2.0,0.0,PASS,True,"""round_trip_cost=0.002""",OpenCode (assistant),2026-07-17T10:13:39Z,"Manual review confirmed check logic, source evidence, and applicable recorded/recalculated values."
STOCK_RS_PULLBACK_v1:600406.SH:2015-03-16:2015-03-17,PRICE_ADJUSTMENT_CONSISTENCY,Adjustment series consistency,CRITICAL,"[""qfq""]","[""qfq""]",,PASS,True,"""signal/entry/exit adj_type""",OpenCode (assistant),2026-07-17T10:13:39Z,"Manual review confirmed check logic, source evidence, and applicable recorded/recalculated values."
STOCK_RS_PULLBACK_v1:600406.SH:2015-03-16:2015-03-17,EXECUTION_REALISM,Raw execution-price realism,BLOCKING_DATA,"[""False"", false]",true,,NOT_EVALUABLE_EXECUTION_REALISM,True,"""requires raw prices and adjustment factors""",OpenCode (assistant),2026-07-17T10:13:39Z,Confirmed blocking data limitation: sampled bars are qfq-only; raw execution prices and complete adjustment factors are unavailable.
STOCK_RS_PULLBACK_v1:600406.SH:2015-03-16:2015-03-17,HISTORICAL_ST_STATUS,Historical ST status,BLOCKING_DATA,,,,NOT_EVALUABLE_MISSING_HISTORICAL_ST,True,"""provider history unavailable""",OpenCode (assistant),2026-07-17T10:13:39Z,Confirmed blocking data limitation: source lacks reliable point-in-time historical ST status.
STOCK_RS_PULLBACK_v1:600406.SH:2015-03-16:2015-03-17,LIMIT_PRICE_VERIFICATION,Board/date-specific limit price,BLOCKING_DATA,,,,NOT_EVALUABLE_LIMIT_PRICE,True,"""requires historical board/ST/listing-stage rules""",OpenCode (assistant),2026-07-17T10:13:39Z,Confirmed blocking data limitation: exact board/date/listing-stage/ST limit prices cannot be reconstructed from frozen inputs.
STOCK_RS_PULLBACK_v1:002407.SZ:2020-12-18:2020-12-21,UNIVERSE_TRADABLE_AT_SIGNAL,Signal-day universe,CRITICAL,"""002407.SZ""",true,,PASS,True,"""signal_date=2020-12-18 00:00:00""",OpenCode (assistant),2026-07-17T10:13:39Z,"Manual review confirmed check logic, source evidence, and applicable recorded/recalculated values."
STOCK_RS_PULLBACK_v1:002407.SZ:2020-12-18:2020-12-21,DATE_ORDER_VALID,Pullback/trigger/entry order,CRITICAL,"[""2020-12-17 00:00:00"", ""2020-12-18 00:00:00"", ""2020-12-21 00:00:00""]",true,,PASS,True,"""strictly increasing dates""",OpenCode (assistant),2026-07-17T10:13:39Z,"Manual review confirmed check logic, source evidence, and applicable recorded/recalculated values."
STOCK_RS_PULLBACK_v1:002407.SZ:2020-12-18:2020-12-21,NO_LOOKAHEAD_IN_INDICATORS,Prefix-only indicator reconstruction,CRITICAL,"{""benchmark_ret20"": 0.011466047915457134, ""high_10d"": 11.15, ""ma20"": 10.2185, ""ma60"": 9.465499999999999, ""ret20"": 0.21029082774049224, ""vol_ma5"": 58957299.0}","{""benchmark_ret20"": 0.011466047915457134, ""high_10d"": 11.15, ""ma20"": 10.2185, ""ma60"": 9.465499999999999, ""ret20"": 0.21029082774049224, ""vol_ma5"": 58957299.0}",,PASS,True,"""prefix-only rolling recomputation""",OpenCode (assistant),2026-07-17T10:13:39Z,"Manual review confirmed check logic, source evidence, and applicable recorded/recalculated values."
STOCK_RS_PULLBACK_v1:002407.SZ:2020-12-18:2020-12-21,ENTRY_IS_NEXT_TRADING_DAY_OPEN,Next trading-day open entry,CRITICAL,"[""2020-12-21"", 10.8]","[""2020-12-21 00:00:00"", 10.8]",,PASS,True,"""first stock bar after trigger""",OpenCode (assistant),2026-07-17T10:13:39Z,"Manual review confirmed check logic, source evidence, and applicable recorded/recalculated values."
STOCK_RS_PULLBACK_v1:002407.SZ:2020-12-18:2020-12-21,ENTRY_DAY_EXECUTABLE,Entry-day execution status,CRITICAL,"{""adj_factor"": null, ""adj_type"": ""qfq"", ""close"": 11.66, ""code"": ""002407.SZ"", ""date"": ""2020-12-21 00:00:00"", ""high"": 12.04, ""is_limit_down"": false, ""is_limit_up"": false, ""is_st"": false, ""is_suspended"": false, ""low"": 10.7, ""open"": 10.8, ""source"": ""tongdaxin_export"", ""volume"": 105463746}","{""executable"": true, ""expected_outcome"": ""valid trade requires executable entry""}",,PASS,True,"""suspension and limit-up flags""",OpenCode (assistant),2026-07-17T10:13:39Z,"Manual review confirmed check logic, source evidence, and applicable recorded/recalculated values."
STOCK_RS_PULLBACK_v1:002407.SZ:2020-12-18:2020-12-21,T1_NO_ENTRY_DAY_EXIT,A-share T+1,CRITICAL,"[""2020-12-21 00:00:00"", ""2020-12-22 00:00:00""]",true,,PASS,True,"""exit must follow entry date""",OpenCode (assistant),2026-07-17T10:13:39Z,"Manual review confirmed check logic, source evidence, and applicable recorded/recalculated values."
STOCK_RS_PULLBACK_v1:002407.SZ:2020-12-18:2020-12-21,SAME_DAY_STOP_TARGET_STOP_FIRST,Stop/target intraday priority,CRITICAL,"""target_2r""","""not_triggered""",,PASS,True,"""post-entry daily bars""",OpenCode (assistant),2026-07-17T10:13:39Z,"Manual review confirmed check logic, source evidence, and applicable recorded/recalculated values."
STOCK_RS_PULLBACK_v1:002407.SZ:2020-12-18:2020-12-21,GAP_STOP_USES_EXECUTABLE_PRICE,Gap stop execution,CRITICAL,12.520000000000003,,,PASS,True,"""open price when opening below stop""",OpenCode (assistant),2026-07-17T10:13:39Z,"Manual review confirmed check logic, source evidence, and applicable recorded/recalculated values."
STOCK_RS_PULLBACK_v1:002407.SZ:2020-12-18:2020-12-21,D5_EXIT_BOUNDARY,D5 time-stop boundary,CRITICAL,2,5,-3.0,PASS,True,"""target_2r""",OpenCode (assistant),2026-07-17T10:13:39Z,"Manual review confirmed check logic, source evidence, and applicable recorded/recalculated values."
STOCK_RS_PULLBACK_v1:002407.SZ:2020-12-18:2020-12-21,D10_EXIT_BOUNDARY,D10 max-holding boundary,CRITICAL,2,10,-8.0,PASS,True,"""target_2r""",OpenCode (assistant),2026-07-17T10:13:39Z,"Manual review confirmed check logic, source evidence, and applicable recorded/recalculated values."
STOCK_RS_PULLBACK_v1:002407.SZ:2020-12-18:2020-12-21,GROSS_RETURN_RECALCULATION,Gross return,CRITICAL,0.1592592592592594,0.15925925925925943,-2.775557561562892e-17,PASS,True,"""round_trip_cost=0.002""",OpenCode (assistant),2026-07-17T10:13:39Z,"Manual review confirmed check logic, source evidence, and applicable recorded/recalculated values."
STOCK_RS_PULLBACK_v1:002407.SZ:2020-12-18:2020-12-21,NET_RETURN_AND_COST_RECALCULATION,Net return and one cost deduction,CRITICAL,0.1572592592592594,0.15725925925925943,-2.775557561562892e-17,PASS,True,"""round_trip_cost=0.002""",OpenCode (assistant),2026-07-17T10:13:39Z,"Manual review confirmed check logic, source evidence, and applicable recorded/recalculated values."
STOCK_RS_PULLBACK_v1:002407.SZ:2020-12-18:2020-12-21,R_MULTIPLE_RECALCULATION,R multiple,CRITICAL,2.0,2.0,0.0,PASS,True,"""round_trip_cost=0.002""",OpenCode (assistant),2026-07-17T10:13:39Z,"Manual review confirmed check logic, source evidence, and applicable recorded/recalculated values."
STOCK_RS_PULLBACK_v1:002407.SZ:2020-12-18:2020-12-21,PRICE_ADJUSTMENT_CONSISTENCY,Adjustment series consistency,CRITICAL,"[""qfq""]","[""qfq""]",,PASS,True,"""signal/entry/exit adj_type""",OpenCode (assistant),2026-07-17T10:13:39Z,"Manual review confirmed check logic, source evidence, and applicable recorded/recalculated values."
STOCK_RS_PULLBACK_v1:002407.SZ:2020-12-18:2020-12-21,EXECUTION_REALISM,Raw execution-price realism,BLOCKING_DATA,"[""False"", false]",true,,NOT_EVALUABLE_EXECUTION_REALISM,True,"""requires raw prices and adjustment factors""",OpenCode (assistant),2026-07-17T10:13:39Z,Confirmed blocking data limitation: sampled bars are qfq-only; raw execution prices and complete adjustment factors are unavailable.
STOCK_RS_PULLBACK_v1:002407.SZ:2020-12-18:2020-12-21,HISTORICAL_ST_STATUS,Historical ST status,BLOCKING_DATA,,,,NOT_EVALUABLE_MISSING_HISTORICAL_ST,True,"""provider history unavailable""",OpenCode (assistant),2026-07-17T10:13:39Z,Confirmed blocking data limitation: source lacks reliable point-in-time historical ST status.
STOCK_RS_PULLBACK_v1:002407.SZ:2020-12-18:2020-12-21,LIMIT_PRICE_VERIFICATION,Board/date-specific limit price,BLOCKING_DATA,,,,NOT_EVALUABLE_LIMIT_PRICE,True,"""requires historical board/ST/listing-stage rules""",OpenCode (assistant),2026-07-17T10:13:39Z,Confirmed blocking data limitation: exact board/date/listing-stage/ST limit prices cannot be reconstructed from frozen inputs.
STOCK_RS_PULLBACK_v1:002821.SZ:2020-02-12:2020-02-13,UNIVERSE_TRADABLE_AT_SIGNAL,Signal-day universe,CRITICAL,"""002821.SZ""",true,,PASS,True,"""signal_date=2020-02-12 00:00:00""",OpenCode (assistant),2026-07-17T10:13:39Z,"Manual review confirmed check logic, source evidence, and applicable recorded/recalculated values."
STOCK_RS_PULLBACK_v1:002821.SZ:2020-02-12:2020-02-13,DATE_ORDER_VALID,Pullback/trigger/entry order,CRITICAL,"[""2020-02-11 00:00:00"", ""2020-02-12 00:00:00"", ""2020-02-13 00:00:00""]",true,,PASS,True,"""strictly increasing dates""",OpenCode (assistant),2026-07-17T10:13:39Z,"Manual review confirmed check logic, source evidence, and applicable recorded/recalculated values."
STOCK_RS_PULLBACK_v1:002821.SZ:2020-02-12:2020-02-13,NO_LOOKAHEAD_IN_INDICATORS,Prefix-only indicator reconstruction,CRITICAL,"{""benchmark_ret20"": -0.04225727904466814, ""high_10d"": 115.0, ""ma20"": 100.7345, ""ma60"": 90.42166666666667, ""ret20"": 0.29118953026408034, ""vol_ma5"": 2895819.0}","{""benchmark_ret20"": -0.04225727904466814, ""high_10d"": 115.0, ""ma20"": 100.7345, ""ma60"": 90.42166666666665, ""ret20"": 0.29118953026408034, ""vol_ma5"": 2895819.0}",,PASS,True,"""prefix-only rolling recomputation""",OpenCode (assistant),2026-07-17T10:13:39Z,"Manual review confirmed check logic, source evidence, and applicable recorded/recalculated values."
STOCK_RS_PULLBACK_v1:002821.SZ:2020-02-12:2020-02-13,ENTRY_IS_NEXT_TRADING_DAY_OPEN,Next trading-day open entry,CRITICAL,"[""2020-02-13"", 110.5]","[""2020-02-13 00:00:00"", 110.5]",,PASS,True,"""first stock bar after trigger""",OpenCode (assistant),2026-07-17T10:13:39Z,"Manual review confirmed check logic, source evidence, and applicable recorded/recalculated values."
STOCK_RS_PULLBACK_v1:002821.SZ:2020-02-12:2020-02-13,ENTRY_DAY_EXECUTABLE,Entry-day execution status,CRITICAL,"{""adj_factor"": null, ""adj_type"": ""qfq"", ""close"": 107.54, ""code"": ""002821.SZ"", ""date"": ""2020-02-13 00:00:00"", ""high"": 111.15, ""is_limit_down"": false, ""is_limit_up"": false, ""is_st"": false, ""is_suspended"": false, ""low"": 106.93, ""open"": 110.5, ""source"": ""tongdaxin_export"", ""volume"": 1799101}","{""executable"": true, ""expected_outcome"": ""valid trade requires executable entry""}",,PASS,True,"""suspension and limit-up flags""",OpenCode (assistant),2026-07-17T10:13:39Z,"Manual review confirmed check logic, source evidence, and applicable recorded/recalculated values."
STOCK_RS_PULLBACK_v1:002821.SZ:2020-02-12:2020-02-13,T1_NO_ENTRY_DAY_EXIT,A-share T+1,CRITICAL,"[""2020-02-13 00:00:00"", ""2020-02-18 00:00:00""]",true,,PASS,True,"""exit must follow entry date""",OpenCode (assistant),2026-07-17T10:13:39Z,"Manual review confirmed check logic, source evidence, and applicable recorded/recalculated values."
STOCK_RS_PULLBACK_v1:002821.SZ:2020-02-12:2020-02-13,SAME_DAY_STOP_TARGET_STOP_FIRST,Stop/target intraday priority,CRITICAL,"""target_2r""","""not_triggered""",,PASS,True,"""post-entry daily bars""",OpenCode (assistant),2026-07-17T10:13:39Z,"Manual review confirmed check logic, source evidence, and applicable recorded/recalculated values."
STOCK_RS_PULLBACK_v1:002821.SZ:2020-02-12:2020-02-13,GAP_STOP_USES_EXECUTABLE_PRICE,Gap stop execution,CRITICAL,123.36,,,PASS,True,"""open price when opening below stop""",OpenCode (assistant),2026-07-17T10:13:39Z,"Manual review confirmed check logic, source evidence, and applicable recorded/recalculated values."
STOCK_RS_PULLBACK_v1:002821.SZ:2020-02-12:2020-02-13,D5_EXIT_BOUNDARY,D5 time-stop boundary,CRITICAL,4,5,-1.0,PASS,True,"""target_2r""",OpenCode (assistant),2026-07-17T10:13:39Z,"Manual review confirmed check logic, source evidence, and applicable recorded/recalculated values."
STOCK_RS_PULLBACK_v1:002821.SZ:2020-02-12:2020-02-13,D10_EXIT_BOUNDARY,D10 max-holding boundary,CRITICAL,4,10,-6.0,PASS,True,"""target_2r""",OpenCode (assistant),2026-07-17T10:13:39Z,"Manual review confirmed check logic, source evidence, and applicable recorded/recalculated values."
STOCK_RS_PULLBACK_v1:002821.SZ:2020-02-12:2020-02-13,GROSS_RETURN_RECALCULATION,Gross return,CRITICAL,0.1163800904977376,0.11638009049773745,1.52655665885959e-16,PASS,True,"""round_trip_cost=0.002""",OpenCode (assistant),2026-07-17T10:13:39Z,"Manual review confirmed check logic, source evidence, and applicable recorded/recalculated values."
STOCK_RS_PULLBACK_v1:002821.SZ:2020-02-12:2020-02-13,NET_RETURN_AND_COST_RECALCULATION,Net return and one cost deduction,CRITICAL,0.1143800904977376,0.11438009049773745,1.52655665885959e-16,PASS,True,"""round_trip_cost=0.002""",OpenCode (assistant),2026-07-17T10:13:39Z,"Manual review confirmed check logic, source evidence, and applicable recorded/recalculated values."
STOCK_RS_PULLBACK_v1:002821.SZ:2020-02-12:2020-02-13,R_MULTIPLE_RECALCULATION,R multiple,CRITICAL,2.0,1.9999999999999978,2.220446049250313e-15,PASS,True,"""round_trip_cost=0.002""",OpenCode (assistant),2026-07-17T10:13:39Z,"Manual review confirmed check logic, source evidence, and applicable recorded/recalculated values."
STOCK_RS_PULLBACK_v1:002821.SZ:2020-02-12:2020-02-13,PRICE_ADJUSTMENT_CONSISTENCY,Adjustment series consistency,CRITICAL,"[""qfq""]","[""qfq""]",,PASS,True,"""signal/entry/exit adj_type""",OpenCode (assistant),2026-07-17T10:13:39Z,"Manual review confirmed check logic, source evidence, and applicable recorded/recalculated values."
STOCK_RS_PULLBACK_v1:002821.SZ:2020-02-12:2020-02-13,EXECUTION_REALISM,Raw execution-price realism,BLOCKING_DATA,"[""False"", false]",true,,NOT_EVALUABLE_EXECUTION_REALISM,True,"""requires raw prices and adjustment factors""",OpenCode (assistant),2026-07-17T10:13:39Z,Confirmed blocking data limitation: sampled bars are qfq-only; raw execution prices and complete adjustment factors are unavailable.
STOCK_RS_PULLBACK_v1:002821.SZ:2020-02-12:2020-02-13,HISTORICAL_ST_STATUS,Historical ST status,BLOCKING_DATA,,,,NOT_EVALUABLE_MISSING_HISTORICAL_ST,True,"""provider history unavailable""",OpenCode (assistant),2026-07-17T10:13:39Z,Confirmed blocking data limitation: source lacks reliable point-in-time historical ST status.
STOCK_RS_PULLBACK_v1:002821.SZ:2020-02-12:2020-02-13,LIMIT_PRICE_VERIFICATION,Board/date-specific limit price,BLOCKING_DATA,,,,NOT_EVALUABLE_LIMIT_PRICE,True,"""requires historical board/ST/listing-stage rules""",OpenCode (assistant),2026-07-17T10:13:39Z,Confirmed blocking data limitation: exact board/date/listing-stage/ST limit prices cannot be reconstructed from frozen inputs.
STOCK_RS_PULLBACK_v1:300655.SZ:2025-09-23:2025-09-24,UNIVERSE_TRADABLE_AT_SIGNAL,Signal-day universe,CRITICAL,"""300655.SZ""",true,,PASS,True,"""signal_date=2025-09-23 00:00:00""",OpenCode (assistant),2026-07-17T10:13:39Z,"Manual review confirmed check logic, source evidence, and applicable recorded/recalculated values."
STOCK_RS_PULLBACK_v1:300655.SZ:2025-09-23:2025-09-24,DATE_ORDER_VALID,Pullback/trigger/entry order,CRITICAL,"[""2025-09-22 00:00:00"", ""2025-09-23 00:00:00"", ""2025-09-24 00:00:00""]",true,,PASS,True,"""strictly increasing dates""",OpenCode (assistant),2026-07-17T10:13:39Z,"Manual review confirmed check logic, source evidence, and applicable recorded/recalculated values."
STOCK_RS_PULLBACK_v1:300655.SZ:2025-09-23:2025-09-24,NO_LOOKAHEAD_IN_INDICATORS,Prefix-only indicator reconstruction,CRITICAL,"{""benchmark_ret20"": 0.015090093630897972, ""high_10d"": 13.65, ""ma20"": 12.4055, ""ma60"": 10.821666666666665, ""ret20"": 0.23306233062330617, ""vol_ma5"": 110761776.0}","{""benchmark_ret20"": 0.015090093630897972, ""high_10d"": 13.65, ""ma20"": 12.4055, ""ma60"": 10.821666666666665, ""ret20"": 0.23306233062330617, ""vol_ma5"": 110761776.0}",,PASS,True,"""prefix-only rolling recomputation""",OpenCode (assistant),2026-07-17T10:13:39Z,"Manual review confirmed check logic, source evidence, and applicable recorded/recalculated values."
STOCK_RS_PULLBACK_v1:300655.SZ:2025-09-23:2025-09-24,ENTRY_IS_NEXT_TRADING_DAY_OPEN,Next trading-day open entry,CRITICAL,"[""2025-09-24"", 13.65]","[""2025-09-24 00:00:00"", 13.65]",,PASS,True,"""first stock bar after trigger""",OpenCode (assistant),2026-07-17T10:13:39Z,"Manual review confirmed check logic, source evidence, and applicable recorded/recalculated values."
STOCK_RS_PULLBACK_v1:300655.SZ:2025-09-23:2025-09-24,ENTRY_DAY_EXECUTABLE,Entry-day execution status,CRITICAL,"{""adj_factor"": null, ""adj_type"": ""qfq"", ""close"": 14.42, ""code"": ""300655.SZ"", ""date"": ""2025-09-24 00:00:00"", ""high"": 15.16, ""is_limit_down"": false, ""is_limit_up"": false, ""is_st"": false, ""is_suspended"": false, ""low"": 13.43, ""open"": 13.65, ""source"": ""tongdaxin_export"", ""volume"": 200773239}","{""executable"": true, ""expected_outcome"": ""valid trade requires executable entry""}",,PASS,True,"""suspension and limit-up flags""",OpenCode (assistant),2026-07-17T10:13:39Z,"Manual review confirmed check logic, source evidence, and applicable recorded/recalculated values."
STOCK_RS_PULLBACK_v1:300655.SZ:2025-09-23:2025-09-24,T1_NO_ENTRY_DAY_EXIT,A-share T+1,CRITICAL,"[""2025-09-24 00:00:00"", ""2025-10-13 00:00:00""]",true,,PASS,True,"""exit must follow entry date""",OpenCode (assistant),2026-07-17T10:13:39Z,"Manual review confirmed check logic, source evidence, and applicable recorded/recalculated values."
STOCK_RS_PULLBACK_v1:300655.SZ:2025-09-23:2025-09-24,SAME_DAY_STOP_TARGET_STOP_FIRST,Stop/target intraday priority,CRITICAL,"""target_2r""","""not_triggered""",,PASS,True,"""post-entry daily bars""",OpenCode (assistant),2026-07-17T10:13:39Z,"Manual review confirmed check logic, source evidence, and applicable recorded/recalculated values."
STOCK_RS_PULLBACK_v1:300655.SZ:2025-09-23:2025-09-24,GAP_STOP_USES_EXECUTABLE_PRICE,Gap stop execution,CRITICAL,15.65,,,PASS,True,"""open price when opening below stop""",OpenCode (assistant),2026-07-17T10:13:39Z,"Manual review confirmed check logic, source evidence, and applicable recorded/recalculated values."
STOCK_RS_PULLBACK_v1:300655.SZ:2025-09-23:2025-09-24,D5_EXIT_BOUNDARY,D5 time-stop boundary,CRITICAL,8,5,3.0,PASS,True,"""target_2r""",OpenCode (assistant),2026-07-17T10:13:39Z,"Manual review confirmed check logic, source evidence, and applicable recorded/recalculated values."
STOCK_RS_PULLBACK_v1:300655.SZ:2025-09-23:2025-09-24,D10_EXIT_BOUNDARY,D10 max-holding boundary,CRITICAL,8,10,-2.0,PASS,True,"""target_2r""",OpenCode (assistant),2026-07-17T10:13:39Z,"Manual review confirmed check logic, source evidence, and applicable recorded/recalculated values."
STOCK_RS_PULLBACK_v1:300655.SZ:2025-09-23:2025-09-24,GROSS_RETURN_RECALCULATION,Gross return,CRITICAL,0.1465201465201464,0.14652014652014644,-5.551115123125783e-17,PASS,True,"""round_trip_cost=0.002""",OpenCode (assistant),2026-07-17T10:13:39Z,"Manual review confirmed check logic, source evidence, and applicable recorded/recalculated values."
STOCK_RS_PULLBACK_v1:300655.SZ:2025-09-23:2025-09-24,NET_RETURN_AND_COST_RECALCULATION,Net return and one cost deduction,CRITICAL,0.1445201465201464,0.14452014652014644,-5.551115123125783e-17,PASS,True,"""round_trip_cost=0.002""",OpenCode (assistant),2026-07-17T10:13:39Z,"Manual review confirmed check logic, source evidence, and applicable recorded/recalculated values."
STOCK_RS_PULLBACK_v1:300655.SZ:2025-09-23:2025-09-24,R_MULTIPLE_RECALCULATION,R multiple,CRITICAL,2.0,2.0,0.0,PASS,True,"""round_trip_cost=0.002""",OpenCode (assistant),2026-07-17T10:13:39Z,"Manual review confirmed check logic, source evidence, and applicable recorded/recalculated values."
STOCK_RS_PULLBACK_v1:300655.SZ:2025-09-23:2025-09-24,PRICE_ADJUSTMENT_CONSISTENCY,Adjustment series consistency,CRITICAL,"[""qfq""]","[""qfq""]",,PASS,True,"""signal/entry/exit adj_type""",OpenCode (assistant),2026-07-17T10:13:39Z,"Manual review confirmed check logic, source evidence, and applicable recorded/recalculated values."
STOCK_RS_PULLBACK_v1:300655.SZ:2025-09-23:2025-09-24,EXECUTION_REALISM,Raw execution-price realism,BLOCKING_DATA,"[""False"", false]",true,,NOT_EVALUABLE_EXECUTION_REALISM,True,"""requires raw prices and adjustment factors""",OpenCode (assistant),2026-07-17T10:13:39Z,Confirmed blocking data limitation: sampled bars are qfq-only; raw execution prices and complete adjustment factors are unavailable.
STOCK_RS_PULLBACK_v1:300655.SZ:2025-09-23:2025-09-24,HISTORICAL_ST_STATUS,Historical ST status,BLOCKING_DATA,,,,NOT_EVALUABLE_MISSING_HISTORICAL_ST,True,"""provider history unavailable""",OpenCode (assistant),2026-07-17T10:13:39Z,Confirmed blocking data limitation: source lacks reliable point-in-time historical ST status.
STOCK_RS_PULLBACK_v1:300655.SZ:2025-09-23:2025-09-24,LIMIT_PRICE_VERIFICATION,Board/date-specific limit price,BLOCKING_DATA,,,,NOT_EVALUABLE_LIMIT_PRICE,True,"""requires historical board/ST/listing-stage rules""",OpenCode (assistant),2026-07-17T10:13:39Z,Confirmed blocking data limitation: exact board/date/listing-stage/ST limit prices cannot be reconstructed from frozen inputs.
STOCK_RS_PULLBACK_v1:688018.SH:2026-05-06:2026-05-07,UNIVERSE_TRADABLE_AT_SIGNAL,Signal-day universe,CRITICAL,"""688018.SH""",true,,PASS,True,"""signal_date=2026-05-06 00:00:00""",OpenCode (assistant),2026-07-17T10:13:39Z,"Manual review confirmed check logic, source evidence, and applicable recorded/recalculated values."
STOCK_RS_PULLBACK_v1:688018.SH:2026-05-06:2026-05-07,DATE_ORDER_VALID,Pullback/trigger/entry order,CRITICAL,"[""2026-04-30 00:00:00"", ""2026-05-06 00:00:00"", ""2026-05-07 00:00:00""]",true,,PASS,True,"""strictly increasing dates""",OpenCode (assistant),2026-07-17T10:13:39Z,"Manual review confirmed check logic, source evidence, and applicable recorded/recalculated values."
STOCK_RS_PULLBACK_v1:688018.SH:2026-05-06:2026-05-07,NO_LOOKAHEAD_IN_INDICATORS,Prefix-only indicator reconstruction,CRITICAL,"{""benchmark_ret20"": 0.08890109423944681, ""high_10d"": 127.46, ""ma20"": 113.65450000000001, ""ma60"": 111.79533333333333, ""ret20"": 0.22926540284360186, ""vol_ma5"": 5795224.8}","{""benchmark_ret20"": 0.08890109423944681, ""high_10d"": 127.46, ""ma20"": 113.65450000000001, ""ma60"": 111.79533333333333, ""ret20"": 0.22926540284360186, ""vol_ma5"": 5795224.8}",,PASS,True,"""prefix-only rolling recomputation""",OpenCode (assistant),2026-07-17T10:13:39Z,"Manual review confirmed check logic, source evidence, and applicable recorded/recalculated values."
STOCK_RS_PULLBACK_v1:688018.SH:2026-05-06:2026-05-07,ENTRY_IS_NEXT_TRADING_DAY_OPEN,Next trading-day open entry,CRITICAL,"[""2026-05-07"", 124.44]","[""2026-05-07 00:00:00"", 124.44]",,PASS,True,"""first stock bar after trigger""",OpenCode (assistant),2026-07-17T10:13:39Z,"Manual review confirmed check logic, source evidence, and applicable recorded/recalculated values."
STOCK_RS_PULLBACK_v1:688018.SH:2026-05-06:2026-05-07,ENTRY_DAY_EXECUTABLE,Entry-day execution status,CRITICAL,"{""adj_factor"": null, ""adj_type"": ""qfq"", ""close"": 127.85, ""code"": ""688018.SH"", ""date"": ""2026-05-07 00:00:00"", ""high"": 128.49, ""is_limit_down"": false, ""is_limit_up"": false, ""is_st"": false, ""is_suspended"": false, ""low"": 122.79, ""open"": 124.44, ""source"": ""tongdaxin_export"", ""volume"": 6998079}","{""executable"": true, ""expected_outcome"": ""valid trade requires executable entry""}",,PASS,True,"""suspension and limit-up flags""",OpenCode (assistant),2026-07-17T10:13:39Z,"Manual review confirmed check logic, source evidence, and applicable recorded/recalculated values."
STOCK_RS_PULLBACK_v1:688018.SH:2026-05-06:2026-05-07,T1_NO_ENTRY_DAY_EXIT,A-share T+1,CRITICAL,"[""2026-05-07 00:00:00"", ""2026-05-19 00:00:00""]",true,,PASS,True,"""exit must follow entry date""",OpenCode (assistant),2026-07-17T10:13:39Z,"Manual review confirmed check logic, source evidence, and applicable recorded/recalculated values."
STOCK_RS_PULLBACK_v1:688018.SH:2026-05-06:2026-05-07,SAME_DAY_STOP_TARGET_STOP_FIRST,Stop/target intraday priority,CRITICAL,"""target_2r""","""not_triggered""",,PASS,True,"""post-entry daily bars""",OpenCode (assistant),2026-07-17T10:13:39Z,"Manual review confirmed check logic, source evidence, and applicable recorded/recalculated values."
STOCK_RS_PULLBACK_v1:688018.SH:2026-05-06:2026-05-07,GAP_STOP_USES_EXECUTABLE_PRICE,Gap stop execution,CRITICAL,136.18,,,PASS,True,"""open price when opening below stop""",OpenCode (assistant),2026-07-17T10:13:39Z,"Manual review confirmed check logic, source evidence, and applicable recorded/recalculated values."
STOCK_RS_PULLBACK_v1:688018.SH:2026-05-06:2026-05-07,D5_EXIT_BOUNDARY,D5 time-stop boundary,CRITICAL,9,5,4.0,PASS,True,"""target_2r""",OpenCode (assistant),2026-07-17T10:13:39Z,"Manual review confirmed check logic, source evidence, and applicable recorded/recalculated values."
STOCK_RS_PULLBACK_v1:688018.SH:2026-05-06:2026-05-07,D10_EXIT_BOUNDARY,D10 max-holding boundary,CRITICAL,9,10,-1.0,PASS,True,"""target_2r""",OpenCode (assistant),2026-07-17T10:13:39Z,"Manual review confirmed check logic, source evidence, and applicable recorded/recalculated values."
STOCK_RS_PULLBACK_v1:688018.SH:2026-05-06:2026-05-07,GROSS_RETURN_RECALCULATION,Gross return,CRITICAL,0.0943426550948249,0.09434265509482498,-8.326672684688674e-17,PASS,True,"""round_trip_cost=0.002""",OpenCode (assistant),2026-07-17T10:13:39Z,"Manual review confirmed check logic, source evidence, and applicable recorded/recalculated values."
STOCK_RS_PULLBACK_v1:688018.SH:2026-05-06:2026-05-07,NET_RETURN_AND_COST_RECALCULATION,Net return and one cost deduction,CRITICAL,0.0923426550948249,0.09234265509482498,-8.326672684688674e-17,PASS,True,"""round_trip_cost=0.002""",OpenCode (assistant),2026-07-17T10:13:39Z,"Manual review confirmed check logic, source evidence, and applicable recorded/recalculated values."
STOCK_RS_PULLBACK_v1:688018.SH:2026-05-06:2026-05-07,R_MULTIPLE_RECALCULATION,R multiple,CRITICAL,2.0,2.0,0.0,PASS,True,"""round_trip_cost=0.002""",OpenCode (assistant),2026-07-17T10:13:39Z,"Manual review confirmed check logic, source evidence, and applicable recorded/recalculated values."
STOCK_RS_PULLBACK_v1:688018.SH:2026-05-06:2026-05-07,PRICE_ADJUSTMENT_CONSISTENCY,Adjustment series consistency,CRITICAL,"[""qfq""]","[""qfq""]",,PASS,True,"""signal/entry/exit adj_type""",OpenCode (assistant),2026-07-17T10:13:39Z,"Manual review confirmed check logic, source evidence, and applicable recorded/recalculated values."
STOCK_RS_PULLBACK_v1:688018.SH:2026-05-06:2026-05-07,EXECUTION_REALISM,Raw execution-price realism,BLOCKING_DATA,"[""False"", false]",true,,NOT_EVALUABLE_EXECUTION_REALISM,True,"""requires raw prices and adjustment factors""",OpenCode (assistant),2026-07-17T10:13:39Z,Confirmed blocking data limitation: sampled bars are qfq-only; raw execution prices and complete adjustment factors are unavailable.
STOCK_RS_PULLBACK_v1:688018.SH:2026-05-06:2026-05-07,HISTORICAL_ST_STATUS,Historical ST status,BLOCKING_DATA,,,,NOT_EVALUABLE_MISSING_HISTORICAL_ST,True,"""provider history unavailable""",OpenCode (assistant),2026-07-17T10:13:39Z,Confirmed blocking data limitation: source lacks reliable point-in-time historical ST status.
STOCK_RS_PULLBACK_v1:688018.SH:2026-05-06:2026-05-07,LIMIT_PRICE_VERIFICATION,Board/date-specific limit price,BLOCKING_DATA,,,,NOT_EVALUABLE_LIMIT_PRICE,True,"""requires historical board/ST/listing-stage rules""",OpenCode (assistant),2026-07-17T10:13:39Z,Confirmed blocking data limitation: exact board/date/listing-stage/ST limit prices cannot be reconstructed from frozen inputs.
STOCK_RS_PULLBACK_v1:600498.SH:2025-12-25:2025-12-26,UNIVERSE_TRADABLE_AT_SIGNAL,Signal-day universe,CRITICAL,"""600498.SH""",true,,PASS,True,"""signal_date=2025-12-25 00:00:00""",OpenCode (assistant),2026-07-17T10:13:39Z,"Manual review confirmed check logic, source evidence, and applicable recorded/recalculated values."
STOCK_RS_PULLBACK_v1:600498.SH:2025-12-25:2025-12-26,DATE_ORDER_VALID,Pullback/trigger/entry order,CRITICAL,"[""2025-12-24 00:00:00"", ""2025-12-25 00:00:00"", ""2025-12-26 00:00:00""]",true,,PASS,True,"""strictly increasing dates""",OpenCode (assistant),2026-07-17T10:13:39Z,"Manual review confirmed check logic, source evidence, and applicable recorded/recalculated values."
STOCK_RS_PULLBACK_v1:600498.SH:2025-12-25:2025-12-26,NO_LOOKAHEAD_IN_INDICATORS,Prefix-only indicator reconstruction,CRITICAL,"{""benchmark_ret20"": 0.028156973911502847, ""high_10d"": 29.23, ""ma20"": 25.311, ""ma60"": 24.994333333333334, ""ret20"": 0.21691498685363708, ""vol_ma5"": 112786398.2}","{""benchmark_ret20"": 0.028156973911502847, ""high_10d"": 29.23, ""ma20"": 25.311, ""ma60"": 24.994333333333334, ""ret20"": 0.21691498685363708, ""vol_ma5"": 112786398.2}",,PASS,True,"""prefix-only rolling recomputation""",OpenCode (assistant),2026-07-17T10:13:39Z,"Manual review confirmed check logic, source evidence, and applicable recorded/recalculated values."
STOCK_RS_PULLBACK_v1:600498.SH:2025-12-25:2025-12-26,ENTRY_IS_NEXT_TRADING_DAY_OPEN,Next trading-day open entry,CRITICAL,"[""2025-12-26"", 27.6]","[""2025-12-26 00:00:00"", 27.6]",,PASS,True,"""first stock bar after trigger""",OpenCode (assistant),2026-07-17T10:13:39Z,"Manual review confirmed check logic, source evidence, and applicable recorded/recalculated values."
STOCK_RS_PULLBACK_v1:600498.SH:2025-12-25:2025-12-26,ENTRY_DAY_EXECUTABLE,Entry-day execution status,CRITICAL,"{""adj_factor"": null, ""adj_type"": ""qfq"", ""close"": 29.35, ""code"": ""600498.SH"", ""date"": ""2025-12-26 00:00:00"", ""high"": 30.26, ""is_limit_down"": false, ""is_limit_up"": false, ""is_st"": false, ""is_suspended"": false, ""low"": 27.5, ""open"": 27.6, ""source"": ""tongdaxin_export"", ""volume"": 178725051}","{""executable"": true, ""expected_outcome"": ""valid trade requires executable entry""}",,PASS,True,"""suspension and limit-up flags""",OpenCode (assistant),2026-07-17T10:13:39Z,"Manual review confirmed check logic, source evidence, and applicable recorded/recalculated values."
STOCK_RS_PULLBACK_v1:600498.SH:2025-12-25:2025-12-26,T1_NO_ENTRY_DAY_EXIT,A-share T+1,CRITICAL,"[""2025-12-26 00:00:00"", ""2025-12-29 00:00:00""]",true,,PASS,True,"""exit must follow entry date""",OpenCode (assistant),2026-07-17T10:13:39Z,"Manual review confirmed check logic, source evidence, and applicable recorded/recalculated values."
STOCK_RS_PULLBACK_v1:600498.SH:2025-12-25:2025-12-26,SAME_DAY_STOP_TARGET_STOP_FIRST,Stop/target intraday priority,CRITICAL,"""target_2r""","""not_triggered""",,PASS,True,"""post-entry daily bars""",OpenCode (assistant),2026-07-17T10:13:39Z,"Manual review confirmed check logic, source evidence, and applicable recorded/recalculated values."
STOCK_RS_PULLBACK_v1:600498.SH:2025-12-25:2025-12-26,GAP_STOP_USES_EXECUTABLE_PRICE,Gap stop execution,CRITICAL,30.4,,,PASS,True,"""open price when opening below stop""",OpenCode (assistant),2026-07-17T10:13:39Z,"Manual review confirmed check logic, source evidence, and applicable recorded/recalculated values."
STOCK_RS_PULLBACK_v1:600498.SH:2025-12-25:2025-12-26,D5_EXIT_BOUNDARY,D5 time-stop boundary,CRITICAL,2,5,-3.0,PASS,True,"""target_2r""",OpenCode (assistant),2026-07-17T10:13:39Z,"Manual review confirmed check logic, source evidence, and applicable recorded/recalculated values."
STOCK_RS_PULLBACK_v1:600498.SH:2025-12-25:2025-12-26,D10_EXIT_BOUNDARY,D10 max-holding boundary,CRITICAL,2,10,-8.0,PASS,True,"""target_2r""",OpenCode (assistant),2026-07-17T10:13:39Z,"Manual review confirmed check logic, source evidence, and applicable recorded/recalculated values."
STOCK_RS_PULLBACK_v1:600498.SH:2025-12-25:2025-12-26,GROSS_RETURN_RECALCULATION,Gross return,CRITICAL,0.1014492753623186,0.10144927536231862,-2.775557561562892e-17,PASS,True,"""round_trip_cost=0.002""",OpenCode (assistant),2026-07-17T10:13:39Z,"Manual review confirmed check logic, source evidence, and applicable recorded/recalculated values."
STOCK_RS_PULLBACK_v1:600498.SH:2025-12-25:2025-12-26,NET_RETURN_AND_COST_RECALCULATION,Net return and one cost deduction,CRITICAL,0.0994492753623186,0.09944927536231862,-2.775557561562892e-17,PASS,True,"""round_trip_cost=0.002""",OpenCode (assistant),2026-07-17T10:13:39Z,"Manual review confirmed check logic, source evidence, and applicable recorded/recalculated values."
STOCK_RS_PULLBACK_v1:600498.SH:2025-12-25:2025-12-26,R_MULTIPLE_RECALCULATION,R multiple,CRITICAL,2.88659793814432,2.8865979381443196,4.440892098500626e-16,PASS,True,"""round_trip_cost=0.002""",OpenCode (assistant),2026-07-17T10:13:39Z,"Manual review confirmed check logic, source evidence, and applicable recorded/recalculated values."
STOCK_RS_PULLBACK_v1:600498.SH:2025-12-25:2025-12-26,PRICE_ADJUSTMENT_CONSISTENCY,Adjustment series consistency,CRITICAL,"[""qfq""]","[""qfq""]",,PASS,True,"""signal/entry/exit adj_type""",OpenCode (assistant),2026-07-17T10:13:39Z,"Manual review confirmed check logic, source evidence, and applicable recorded/recalculated values."
STOCK_RS_PULLBACK_v1:600498.SH:2025-12-25:2025-12-26,EXECUTION_REALISM,Raw execution-price realism,BLOCKING_DATA,"[""False"", false]",true,,NOT_EVALUABLE_EXECUTION_REALISM,True,"""requires raw prices and adjustment factors""",OpenCode (assistant),2026-07-17T10:13:39Z,Confirmed blocking data limitation: sampled bars are qfq-only; raw execution prices and complete adjustment factors are unavailable.
STOCK_RS_PULLBACK_v1:600498.SH:2025-12-25:2025-12-26,HISTORICAL_ST_STATUS,Historical ST status,BLOCKING_DATA,,,,NOT_EVALUABLE_MISSING_HISTORICAL_ST,True,"""provider history unavailable""",OpenCode (assistant),2026-07-17T10:13:39Z,Confirmed blocking data limitation: source lacks reliable point-in-time historical ST status.
STOCK_RS_PULLBACK_v1:600498.SH:2025-12-25:2025-12-26,LIMIT_PRICE_VERIFICATION,Board/date-specific limit price,BLOCKING_DATA,,,,NOT_EVALUABLE_LIMIT_PRICE,True,"""requires historical board/ST/listing-stage rules""",OpenCode (assistant),2026-07-17T10:13:39Z,Confirmed blocking data limitation: exact board/date/listing-stage/ST limit prices cannot be reconstructed from frozen inputs.
STOCK_RS_PULLBACK_v1:601012.SH:2017-11-06:2017-11-07,UNIVERSE_TRADABLE_AT_SIGNAL,Signal-day universe,CRITICAL,"""601012.SH""",true,,PASS,True,"""signal_date=2017-11-06 00:00:00""",OpenCode (assistant),2026-07-17T10:13:39Z,"Manual review confirmed check logic, source evidence, and applicable recorded/recalculated values."
STOCK_RS_PULLBACK_v1:601012.SH:2017-11-06:2017-11-07,DATE_ORDER_VALID,Pullback/trigger/entry order,CRITICAL,"[""2017-11-03 00:00:00"", ""2017-11-06 00:00:00"", ""2017-11-07 00:00:00""]",true,,PASS,True,"""strictly increasing dates""",OpenCode (assistant),2026-07-17T10:13:39Z,"Manual review confirmed check logic, source evidence, and applicable recorded/recalculated values."
STOCK_RS_PULLBACK_v1:601012.SH:2017-11-06:2017-11-07,NO_LOOKAHEAD_IN_INDICATORS,Prefix-only indicator reconstruction,CRITICAL,"{""benchmark_ret20"": 0.03572192127679852, ""high_10d"": 9.12, ""ma20"": 7.949000000000001, ""ma60"": 6.670333333333333, ""ret20"": 0.1478149100257069, ""vol_ma5"": 32338316.0}","{""benchmark_ret20"": 0.03572192127679852, ""high_10d"": 9.12, ""ma20"": 7.949000000000001, ""ma60"": 6.670333333333332, ""ret20"": 0.1478149100257069, ""vol_ma5"": 32338316.0}",,PASS,True,"""prefix-only rolling recomputation""",OpenCode (assistant),2026-07-17T10:13:39Z,"Manual review confirmed check logic, source evidence, and applicable recorded/recalculated values."
STOCK_RS_PULLBACK_v1:601012.SH:2017-11-06:2017-11-07,ENTRY_IS_NEXT_TRADING_DAY_OPEN,Next trading-day open entry,CRITICAL,"[""2017-11-07"", 8.98]","[""2017-11-07 00:00:00"", 8.98]",,PASS,True,"""first stock bar after trigger""",OpenCode (assistant),2026-07-17T10:13:39Z,"Manual review confirmed check logic, source evidence, and applicable recorded/recalculated values."
STOCK_RS_PULLBACK_v1:601012.SH:2017-11-06:2017-11-07,ENTRY_DAY_EXECUTABLE,Entry-day execution status,CRITICAL,"{""adj_factor"": null, ""adj_type"": ""qfq"", ""close"": 9.14, ""code"": ""601012.SH"", ""date"": ""2017-11-07 00:00:00"", ""high"": 9.33, ""is_limit_down"": false, ""is_limit_up"": false, ""is_st"": false, ""is_suspended"": false, ""low"": 8.87, ""open"": 8.98, ""source"": ""tongdaxin_export"", ""volume"": 40557071}","{""executable"": true, ""expected_outcome"": ""valid trade requires executable entry""}",,PASS,True,"""suspension and limit-up flags""",OpenCode (assistant),2026-07-17T10:13:39Z,"Manual review confirmed check logic, source evidence, and applicable recorded/recalculated values."
STOCK_RS_PULLBACK_v1:601012.SH:2017-11-06:2017-11-07,T1_NO_ENTRY_DAY_EXIT,A-share T+1,CRITICAL,"[""2017-11-07 00:00:00"", ""2017-11-13 00:00:00""]",true,,PASS,True,"""exit must follow entry date""",OpenCode (assistant),2026-07-17T10:13:39Z,"Manual review confirmed check logic, source evidence, and applicable recorded/recalculated values."
STOCK_RS_PULLBACK_v1:601012.SH:2017-11-06:2017-11-07,SAME_DAY_STOP_TARGET_STOP_FIRST,Stop/target intraday priority,CRITICAL,"""target_2r""","""not_triggered""",,PASS,True,"""post-entry daily bars""",OpenCode (assistant),2026-07-17T10:13:39Z,"Manual review confirmed check logic, source evidence, and applicable recorded/recalculated values."
STOCK_RS_PULLBACK_v1:601012.SH:2017-11-06:2017-11-07,GAP_STOP_USES_EXECUTABLE_PRICE,Gap stop execution,CRITICAL,10.87,,,PASS,True,"""open price when opening below stop""",OpenCode (assistant),2026-07-17T10:13:39Z,"Manual review confirmed check logic, source evidence, and applicable recorded/recalculated values."
STOCK_RS_PULLBACK_v1:601012.SH:2017-11-06:2017-11-07,D5_EXIT_BOUNDARY,D5 time-stop boundary,CRITICAL,5,5,0.0,PASS,True,"""target_2r""",OpenCode (assistant),2026-07-17T10:13:39Z,"Manual review confirmed check logic, source evidence, and applicable recorded/recalculated values."
STOCK_RS_PULLBACK_v1:601012.SH:2017-11-06:2017-11-07,D10_EXIT_BOUNDARY,D10 max-holding boundary,CRITICAL,5,10,-5.0,PASS,True,"""target_2r""",OpenCode (assistant),2026-07-17T10:13:39Z,"Manual review confirmed check logic, source evidence, and applicable recorded/recalculated values."
STOCK_RS_PULLBACK_v1:601012.SH:2017-11-06:2017-11-07,GROSS_RETURN_RECALCULATION,Gross return,CRITICAL,0.2104677060133628,0.21046770601336284,-5.551115123125783e-17,PASS,True,"""round_trip_cost=0.002""",OpenCode (assistant),2026-07-17T10:13:39Z,"Manual review confirmed check logic, source evidence, and applicable recorded/recalculated values."
STOCK_RS_PULLBACK_v1:601012.SH:2017-11-06:2017-11-07,NET_RETURN_AND_COST_RECALCULATION,Net return and one cost deduction,CRITICAL,0.2084677060133628,0.20846770601336284,-2.775557561562892e-17,PASS,True,"""round_trip_cost=0.002""",OpenCode (assistant),2026-07-17T10:13:39Z,"Manual review confirmed check logic, source evidence, and applicable recorded/recalculated values."
STOCK_RS_PULLBACK_v1:601012.SH:2017-11-06:2017-11-07,R_MULTIPLE_RECALCULATION,R multiple,CRITICAL,2.3333333333333304,2.3333333333333304,0.0,PASS,True,"""round_trip_cost=0.002""",OpenCode (assistant),2026-07-17T10:13:39Z,"Manual review confirmed check logic, source evidence, and applicable recorded/recalculated values."
STOCK_RS_PULLBACK_v1:601012.SH:2017-11-06:2017-11-07,PRICE_ADJUSTMENT_CONSISTENCY,Adjustment series consistency,CRITICAL,"[""qfq""]","[""qfq""]",,PASS,True,"""signal/entry/exit adj_type""",OpenCode (assistant),2026-07-17T10:13:39Z,"Manual review confirmed check logic, source evidence, and applicable recorded/recalculated values."
STOCK_RS_PULLBACK_v1:601012.SH:2017-11-06:2017-11-07,EXECUTION_REALISM,Raw execution-price realism,BLOCKING_DATA,"[""False"", false]",true,,NOT_EVALUABLE_EXECUTION_REALISM,True,"""requires raw prices and adjustment factors""",OpenCode (assistant),2026-07-17T10:13:39Z,Confirmed blocking data limitation: sampled bars are qfq-only; raw execution prices and complete adjustment factors are unavailable.
STOCK_RS_PULLBACK_v1:601012.SH:2017-11-06:2017-11-07,HISTORICAL_ST_STATUS,Historical ST status,BLOCKING_DATA,,,,NOT_EVALUABLE_MISSING_HISTORICAL_ST,True,"""provider history unavailable""",OpenCode (assistant),2026-07-17T10:13:39Z,Confirmed blocking data limitation: source lacks reliable point-in-time historical ST status.
STOCK_RS_PULLBACK_v1:601012.SH:2017-11-06:2017-11-07,LIMIT_PRICE_VERIFICATION,Board/date-specific limit price,BLOCKING_DATA,,,,NOT_EVALUABLE_LIMIT_PRICE,True,"""requires historical board/ST/listing-stage rules""",OpenCode (assistant),2026-07-17T10:13:39Z,Confirmed blocking data limitation: exact board/date/listing-stage/ST limit prices cannot be reconstructed from frozen inputs.
STOCK_RS_PULLBACK_v1:688408.SH:2022-07-22:2022-07-25,UNIVERSE_TRADABLE_AT_SIGNAL,Signal-day universe,CRITICAL,"""688408.SH""",true,,PASS,True,"""signal_date=2022-07-22 00:00:00""",OpenCode (assistant),2026-07-17T10:13:39Z,"Manual review confirmed check logic, source evidence, and applicable recorded/recalculated values."
STOCK_RS_PULLBACK_v1:688408.SH:2022-07-22:2022-07-25,DATE_ORDER_VALID,Pullback/trigger/entry order,CRITICAL,"[""2022-07-20 00:00:00"", ""2022-07-22 00:00:00"", ""2022-07-25 00:00:00""]",true,,PASS,True,"""strictly increasing dates""",OpenCode (assistant),2026-07-17T10:13:39Z,"Manual review confirmed check logic, source evidence, and applicable recorded/recalculated values."
STOCK_RS_PULLBACK_v1:688408.SH:2022-07-22:2022-07-25,NO_LOOKAHEAD_IN_INDICATORS,Prefix-only indicator reconstruction,CRITICAL,"{""benchmark_ret20"": -0.035619611492751835, ""high_10d"": 74.47, ""ma20"": 61.3165, ""ma60"": 52.956833333333336, ""ret20"": 0.09932762836185827, ""vol_ma5"": 3938251.2}","{""benchmark_ret20"": -0.035619611492751835, ""high_10d"": 74.47, ""ma20"": 61.3165, ""ma60"": 52.956833333333336, ""ret20"": 0.09932762836185827, ""vol_ma5"": 3938251.2}",,PASS,True,"""prefix-only rolling recomputation""",OpenCode (assistant),2026-07-17T10:13:39Z,"Manual review confirmed check logic, source evidence, and applicable recorded/recalculated values."
STOCK_RS_PULLBACK_v1:688408.SH:2022-07-22:2022-07-25,ENTRY_IS_NEXT_TRADING_DAY_OPEN,Next trading-day open entry,CRITICAL,"[""2022-07-25"", 73.51]","[""2022-07-25 00:00:00"", 73.51]",,PASS,True,"""first stock bar after trigger""",OpenCode (assistant),2026-07-17T10:13:39Z,"Manual review confirmed check logic, source evidence, and applicable recorded/recalculated values."
STOCK_RS_PULLBACK_v1:688408.SH:2022-07-22:2022-07-25,ENTRY_DAY_EXECUTABLE,Entry-day execution status,CRITICAL,"{""adj_factor"": null, ""adj_type"": ""qfq"", ""close"": 74.87, ""code"": ""688408.SH"", ""date"": ""2022-07-25 00:00:00"", ""high"": 76.85, ""is_limit_down"": false, ""is_limit_up"": false, ""is_st"": false, ""is_suspended"": false, ""low"": 70.99, ""open"": 73.51, ""source"": ""tongdaxin_export"", ""volume"": 4418042}","{""executable"": true, ""expected_outcome"": ""valid trade requires executable entry""}",,PASS,True,"""suspension and limit-up flags""",OpenCode (assistant),2026-07-17T10:13:39Z,"Manual review confirmed check logic, source evidence, and applicable recorded/recalculated values."
STOCK_RS_PULLBACK_v1:688408.SH:2022-07-22:2022-07-25,T1_NO_ENTRY_DAY_EXIT,A-share T+1,CRITICAL,"[""2022-07-25 00:00:00"", ""2022-07-28 00:00:00""]",true,,PASS,True,"""exit must follow entry date""",OpenCode (assistant),2026-07-17T10:13:39Z,"Manual review confirmed check logic, source evidence, and applicable recorded/recalculated values."
STOCK_RS_PULLBACK_v1:688408.SH:2022-07-22:2022-07-25,SAME_DAY_STOP_TARGET_STOP_FIRST,Stop/target intraday priority,CRITICAL,"""target_2r""","""not_triggered""",,PASS,True,"""post-entry daily bars""",OpenCode (assistant),2026-07-17T10:13:39Z,"Manual review confirmed check logic, source evidence, and applicable recorded/recalculated values."
STOCK_RS_PULLBACK_v1:688408.SH:2022-07-22:2022-07-25,GAP_STOP_USES_EXECUTABLE_PRICE,Gap stop execution,CRITICAL,93.65000000000002,,,PASS,True,"""open price when opening below stop""",OpenCode (assistant),2026-07-17T10:13:39Z,"Manual review confirmed check logic, source evidence, and applicable recorded/recalculated values."
STOCK_RS_PULLBACK_v1:688408.SH:2022-07-22:2022-07-25,D5_EXIT_BOUNDARY,D5 time-stop boundary,CRITICAL,4,5,-1.0,PASS,True,"""target_2r""",OpenCode (assistant),2026-07-17T10:13:39Z,"Manual review confirmed check logic, source evidence, and applicable recorded/recalculated values."
STOCK_RS_PULLBACK_v1:688408.SH:2022-07-22:2022-07-25,D10_EXIT_BOUNDARY,D10 max-holding boundary,CRITICAL,4,10,-6.0,PASS,True,"""target_2r""",OpenCode (assistant),2026-07-17T10:13:39Z,"Manual review confirmed check logic, source evidence, and applicable recorded/recalculated values."
STOCK_RS_PULLBACK_v1:688408.SH:2022-07-22:2022-07-25,GROSS_RETURN_RECALCULATION,Gross return,CRITICAL,0.2739763297510544,0.27397632975105446,-5.551115123125783e-17,PASS,True,"""round_trip_cost=0.002""",OpenCode (assistant),2026-07-17T10:13:39Z,"Manual review confirmed check logic, source evidence, and applicable recorded/recalculated values."
STOCK_RS_PULLBACK_v1:688408.SH:2022-07-22:2022-07-25,NET_RETURN_AND_COST_RECALCULATION,Net return and one cost deduction,CRITICAL,0.2719763297510544,0.27197632975105446,-5.551115123125783e-17,PASS,True,"""round_trip_cost=0.002""",OpenCode (assistant),2026-07-17T10:13:39Z,"Manual review confirmed check logic, source evidence, and applicable recorded/recalculated values."
STOCK_RS_PULLBACK_v1:688408.SH:2022-07-22:2022-07-25,R_MULTIPLE_RECALCULATION,R multiple,CRITICAL,2.0,2.0,0.0,PASS,True,"""round_trip_cost=0.002""",OpenCode (assistant),2026-07-17T10:13:39Z,"Manual review confirmed check logic, source evidence, and applicable recorded/recalculated values."
STOCK_RS_PULLBACK_v1:688408.SH:2022-07-22:2022-07-25,PRICE_ADJUSTMENT_CONSISTENCY,Adjustment series consistency,CRITICAL,"[""qfq""]","[""qfq""]",,PASS,True,"""signal/entry/exit adj_type""",OpenCode (assistant),2026-07-17T10:13:39Z,"Manual review confirmed check logic, source evidence, and applicable recorded/recalculated values."
STOCK_RS_PULLBACK_v1:688408.SH:2022-07-22:2022-07-25,EXECUTION_REALISM,Raw execution-price realism,BLOCKING_DATA,"[""False"", false]",true,,NOT_EVALUABLE_EXECUTION_REALISM,True,"""requires raw prices and adjustment factors""",OpenCode (assistant),2026-07-17T10:13:39Z,Confirmed blocking data limitation: sampled bars are qfq-only; raw execution prices and complete adjustment factors are unavailable.
STOCK_RS_PULLBACK_v1:688408.SH:2022-07-22:2022-07-25,HISTORICAL_ST_STATUS,Historical ST status,BLOCKING_DATA,,,,NOT_EVALUABLE_MISSING_HISTORICAL_ST,True,"""provider history unavailable""",OpenCode (assistant),2026-07-17T10:13:39Z,Confirmed blocking data limitation: source lacks reliable point-in-time historical ST status.
STOCK_RS_PULLBACK_v1:688408.SH:2022-07-22:2022-07-25,LIMIT_PRICE_VERIFICATION,Board/date-specific limit price,BLOCKING_DATA,,,,NOT_EVALUABLE_LIMIT_PRICE,True,"""requires historical board/ST/listing-stage rules""",OpenCode (assistant),2026-07-17T10:13:39Z,Confirmed blocking data limitation: exact board/date/listing-stage/ST limit prices cannot be reconstructed from frozen inputs.
STOCK_RS_PULLBACK_v1:600114.SH:2020-01-09:2020-01-10,UNIVERSE_TRADABLE_AT_SIGNAL,Signal-day universe,CRITICAL,"""600114.SH""",true,,PASS,True,"""signal_date=2020-01-09 00:00:00""",OpenCode (assistant),2026-07-17T10:13:39Z,"Manual review confirmed check logic, source evidence, and applicable recorded/recalculated values."
STOCK_RS_PULLBACK_v1:600114.SH:2020-01-09:2020-01-10,DATE_ORDER_VALID,Pullback/trigger/entry order,CRITICAL,"[""2020-01-07 00:00:00"", ""2020-01-09 00:00:00"", ""2020-01-10 00:00:00""]",true,,PASS,True,"""strictly increasing dates""",OpenCode (assistant),2026-07-17T10:13:39Z,"Manual review confirmed check logic, source evidence, and applicable recorded/recalculated values."
STOCK_RS_PULLBACK_v1:600114.SH:2020-01-09:2020-01-10,NO_LOOKAHEAD_IN_INDICATORS,Prefix-only indicator reconstruction,CRITICAL,"{""benchmark_ret20"": 0.06703478316571654, ""high_10d"": 9.38, ""ma20"": 7.725999999999999, ""ma60"": 5.9544999999999995, ""ret20"": 0.7850098619329389, ""vol_ma5"": 66008101.2}","{""benchmark_ret20"": 0.06703478316571654, ""high_10d"": 9.38, ""ma20"": 7.726000000000001, ""ma60"": 5.9545, ""ret20"": 0.7850098619329389, ""vol_ma5"": 66008101.2}",,PASS,True,"""prefix-only rolling recomputation""",OpenCode (assistant),2026-07-17T10:13:39Z,"Manual review confirmed check logic, source evidence, and applicable recorded/recalculated values."
STOCK_RS_PULLBACK_v1:600114.SH:2020-01-09:2020-01-10,ENTRY_IS_NEXT_TRADING_DAY_OPEN,Next trading-day open entry,CRITICAL,"[""2020-01-10"", 9.47]","[""2020-01-10 00:00:00"", 9.47]",,PASS,True,"""first stock bar after trigger""",OpenCode (assistant),2026-07-17T10:13:39Z,"Manual review confirmed check logic, source evidence, and applicable recorded/recalculated values."
STOCK_RS_PULLBACK_v1:600114.SH:2020-01-09:2020-01-10,ENTRY_DAY_EXECUTABLE,Entry-day execution status,CRITICAL,"{""adj_factor"": null, ""adj_type"": ""qfq"", ""close"": 8.82, ""code"": ""600114.SH"", ""date"": ""2020-01-10 00:00:00"", ""high"": 9.57, ""is_limit_down"": false, ""is_limit_up"": false, ""is_st"": false, ""is_suspended"": false, ""low"": 8.73, ""open"": 9.47, ""source"": ""tongdaxin_export"", ""volume"": 55338227}","{""executable"": true, ""expected_outcome"": ""valid trade requires executable entry""}",,PASS,True,"""suspension and limit-up flags""",OpenCode (assistant),2026-07-17T10:13:39Z,"Manual review confirmed check logic, source evidence, and applicable recorded/recalculated values."
STOCK_RS_PULLBACK_v1:600114.SH:2020-01-09:2020-01-10,T1_NO_ENTRY_DAY_EXIT,A-share T+1,CRITICAL,"[""2020-01-10 00:00:00"", ""2020-01-20 00:00:00""]",true,,PASS,True,"""exit must follow entry date""",OpenCode (assistant),2026-07-17T10:13:39Z,"Manual review confirmed check logic, source evidence, and applicable recorded/recalculated values."
STOCK_RS_PULLBACK_v1:600114.SH:2020-01-09:2020-01-10,SAME_DAY_STOP_TARGET_STOP_FIRST,Stop/target intraday priority,CRITICAL,"""target_2r""","""not_triggered""",,PASS,True,"""post-entry daily bars""",OpenCode (assistant),2026-07-17T10:13:39Z,"Manual review confirmed check logic, source evidence, and applicable recorded/recalculated values."
STOCK_RS_PULLBACK_v1:600114.SH:2020-01-09:2020-01-10,GAP_STOP_USES_EXECUTABLE_PRICE,Gap stop execution,CRITICAL,12.77,,,PASS,True,"""open price when opening below stop""",OpenCode (assistant),2026-07-17T10:13:39Z,"Manual review confirmed check logic, source evidence, and applicable recorded/recalculated values."
STOCK_RS_PULLBACK_v1:600114.SH:2020-01-09:2020-01-10,D5_EXIT_BOUNDARY,D5 time-stop boundary,CRITICAL,7,5,2.0,PASS,True,"""target_2r""",OpenCode (assistant),2026-07-17T10:13:39Z,"Manual review confirmed check logic, source evidence, and applicable recorded/recalculated values."
STOCK_RS_PULLBACK_v1:600114.SH:2020-01-09:2020-01-10,D10_EXIT_BOUNDARY,D10 max-holding boundary,CRITICAL,7,10,-3.0,PASS,True,"""target_2r""",OpenCode (assistant),2026-07-17T10:13:39Z,"Manual review confirmed check logic, source evidence, and applicable recorded/recalculated values."
STOCK_RS_PULLBACK_v1:600114.SH:2020-01-09:2020-01-10,GROSS_RETURN_RECALCULATION,Gross return,CRITICAL,0.3484688489968321,0.34846884899683195,1.6653345369377348e-16,PASS,True,"""round_trip_cost=0.002""",OpenCode (assistant),2026-07-17T10:13:39Z,"Manual review confirmed check logic, source evidence, and applicable recorded/recalculated values."
STOCK_RS_PULLBACK_v1:600114.SH:2020-01-09:2020-01-10,NET_RETURN_AND_COST_RECALCULATION,Net return and one cost deduction,CRITICAL,0.3464688489968321,0.34646884899683195,1.6653345369377348e-16,PASS,True,"""round_trip_cost=0.002""",OpenCode (assistant),2026-07-17T10:13:39Z,"Manual review confirmed check logic, source evidence, and applicable recorded/recalculated values."
STOCK_RS_PULLBACK_v1:600114.SH:2020-01-09:2020-01-10,R_MULTIPLE_RECALCULATION,R multiple,CRITICAL,2.0,1.999999999999999,1.1102230246251563e-15,PASS,True,"""round_trip_cost=0.002""",OpenCode (assistant),2026-07-17T10:13:39Z,"Manual review confirmed check logic, source evidence, and applicable recorded/recalculated values."
STOCK_RS_PULLBACK_v1:600114.SH:2020-01-09:2020-01-10,PRICE_ADJUSTMENT_CONSISTENCY,Adjustment series consistency,CRITICAL,"[""qfq""]","[""qfq""]",,PASS,True,"""signal/entry/exit adj_type""",OpenCode (assistant),2026-07-17T10:13:39Z,"Manual review confirmed check logic, source evidence, and applicable recorded/recalculated values."
STOCK_RS_PULLBACK_v1:600114.SH:2020-01-09:2020-01-10,EXECUTION_REALISM,Raw execution-price realism,BLOCKING_DATA,"[""False"", false]",true,,NOT_EVALUABLE_EXECUTION_REALISM,True,"""requires raw prices and adjustment factors""",OpenCode (assistant),2026-07-17T10:13:39Z,Confirmed blocking data limitation: sampled bars are qfq-only; raw execution prices and complete adjustment factors are unavailable.
STOCK_RS_PULLBACK_v1:600114.SH:2020-01-09:2020-01-10,HISTORICAL_ST_STATUS,Historical ST status,BLOCKING_DATA,,,,NOT_EVALUABLE_MISSING_HISTORICAL_ST,True,"""provider history unavailable""",OpenCode (assistant),2026-07-17T10:13:39Z,Confirmed blocking data limitation: source lacks reliable point-in-time historical ST status.
STOCK_RS_PULLBACK_v1:600114.SH:2020-01-09:2020-01-10,LIMIT_PRICE_VERIFICATION,Board/date-specific limit price,BLOCKING_DATA,,,,NOT_EVALUABLE_LIMIT_PRICE,True,"""requires historical board/ST/listing-stage rules""",OpenCode (assistant),2026-07-17T10:13:39Z,Confirmed blocking data limitation: exact board/date/listing-stage/ST limit prices cannot be reconstructed from frozen inputs.
STOCK_RS_PULLBACK_v1:600770.SH:2015-02-16:2015-02-17,UNIVERSE_TRADABLE_AT_SIGNAL,Signal-day universe,CRITICAL,"""600770.SH""",true,,PASS,True,"""signal_date=2015-02-16 00:00:00""",OpenCode (assistant),2026-07-17T10:13:39Z,"Manual review confirmed check logic, source evidence, and applicable recorded/recalculated values."
STOCK_RS_PULLBACK_v1:600770.SH:2015-02-16:2015-02-17,DATE_ORDER_VALID,Pullback/trigger/entry order,CRITICAL,"[""2015-02-09 00:00:00"", ""2015-02-16 00:00:00"", ""2015-02-17 00:00:00""]",true,,PASS,True,"""strictly increasing dates""",OpenCode (assistant),2026-07-17T10:13:39Z,"Manual review confirmed check logic, source evidence, and applicable recorded/recalculated values."
STOCK_RS_PULLBACK_v1:600770.SH:2015-02-16:2015-02-17,NO_LOOKAHEAD_IN_INDICATORS,Prefix-only indicator reconstruction,CRITICAL,"{""benchmark_ret20"": 0.043014342088007806, ""high_10d"": 13.2, ""ma20"": 10.7755, ""ma60"": 9.907833333333334, ""ret20"": 0.5069124423963134, ""vol_ma5"": 52062056.6}","{""benchmark_ret20"": 0.043014342088007806, ""high_10d"": 13.2, ""ma20"": 10.775500000000001, ""ma60"": 9.907833333333336, ""ret20"": 0.5069124423963134, ""vol_ma5"": 52062056.6}",,PASS,True,"""prefix-only rolling recomputation""",OpenCode (assistant),2026-07-17T10:13:39Z,"Manual review confirmed check logic, source evidence, and applicable recorded/recalculated values."
STOCK_RS_PULLBACK_v1:600770.SH:2015-02-16:2015-02-17,ENTRY_IS_NEXT_TRADING_DAY_OPEN,Next trading-day open entry,CRITICAL,"[""2015-02-17"", 12.97]","[""2015-02-17 00:00:00"", 12.97]",,PASS,True,"""first stock bar after trigger""",OpenCode (assistant),2026-07-17T10:13:39Z,"Manual review confirmed check logic, source evidence, and applicable recorded/recalculated values."
STOCK_RS_PULLBACK_v1:600770.SH:2015-02-16:2015-02-17,ENTRY_DAY_EXECUTABLE,Entry-day execution status,CRITICAL,"{""adj_factor"": null, ""adj_type"": ""qfq"", ""close"": 12.68, ""code"": ""600770.SH"", ""date"": ""2015-02-17 00:00:00"", ""high"": 13.14, ""is_limit_down"": false, ""is_limit_up"": false, ""is_st"": false, ""is_suspended"": false, ""low"": 12.46, ""open"": 12.97, ""source"": ""tongdaxin_export"", ""volume"": 49531341}","{""executable"": true, ""expected_outcome"": ""valid trade requires executable entry""}",,PASS,True,"""suspension and limit-up flags""",OpenCode (assistant),2026-07-17T10:13:39Z,"Manual review confirmed check logic, source evidence, and applicable recorded/recalculated values."
STOCK_RS_PULLBACK_v1:600770.SH:2015-02-16:2015-02-17,T1_NO_ENTRY_DAY_EXIT,A-share T+1,CRITICAL,"[""2015-02-17 00:00:00"", ""2015-03-02 00:00:00""]",true,,PASS,True,"""exit must follow entry date""",OpenCode (assistant),2026-07-17T10:13:39Z,"Manual review confirmed check logic, source evidence, and applicable recorded/recalculated values."
STOCK_RS_PULLBACK_v1:600770.SH:2015-02-16:2015-02-17,SAME_DAY_STOP_TARGET_STOP_FIRST,Stop/target intraday priority,CRITICAL,"""time_stop_no_upside_progress""","""not_triggered""",,PASS,True,"""post-entry daily bars""",OpenCode (assistant),2026-07-17T10:13:39Z,"Manual review confirmed check logic, source evidence, and applicable recorded/recalculated values."
STOCK_RS_PULLBACK_v1:600770.SH:2015-02-16:2015-02-17,GAP_STOP_USES_EXECUTABLE_PRICE,Gap stop execution,CRITICAL,12.62,,,PASS,True,"""open price when opening below stop""",OpenCode (assistant),2026-07-17T10:13:39Z,"Manual review confirmed check logic, source evidence, and applicable recorded/recalculated values."
STOCK_RS_PULLBACK_v1:600770.SH:2015-02-16:2015-02-17,D5_EXIT_BOUNDARY,D5 time-stop boundary,CRITICAL,5,5,0.0,PASS,True,"""time_stop_no_upside_progress""",OpenCode (assistant),2026-07-17T10:13:39Z,"Manual review confirmed check logic, source evidence, and applicable recorded/recalculated values."
STOCK_RS_PULLBACK_v1:600770.SH:2015-02-16:2015-02-17,D10_EXIT_BOUNDARY,D10 max-holding boundary,CRITICAL,5,10,-5.0,PASS,True,"""time_stop_no_upside_progress""",OpenCode (assistant),2026-07-17T10:13:39Z,"Manual review confirmed check logic, source evidence, and applicable recorded/recalculated values."
STOCK_RS_PULLBACK_v1:600770.SH:2015-02-16:2015-02-17,GROSS_RETURN_RECALCULATION,Gross return,CRITICAL,-0.0269853508095606,-0.02698535080956066,5.898059818321144e-17,PASS,True,"""round_trip_cost=0.002""",OpenCode (assistant),2026-07-17T10:13:39Z,"Manual review confirmed check logic, source evidence, and applicable recorded/recalculated values."
STOCK_RS_PULLBACK_v1:600770.SH:2015-02-16:2015-02-17,NET_RETURN_AND_COST_RECALCULATION,Net return and one cost deduction,CRITICAL,-0.0289853508095606,-0.02898535080956066,6.245004513516506e-17,PASS,True,"""round_trip_cost=0.002""",OpenCode (assistant),2026-07-17T10:13:39Z,"Manual review confirmed check logic, source evidence, and applicable recorded/recalculated values."
STOCK_RS_PULLBACK_v1:600770.SH:2015-02-16:2015-02-17,R_MULTIPLE_RECALCULATION,R multiple,CRITICAL,-0.3017241379310357,-0.3017241379310357,0.0,PASS,True,"""round_trip_cost=0.002""",OpenCode (assistant),2026-07-17T10:13:39Z,"Manual review confirmed check logic, source evidence, and applicable recorded/recalculated values."
STOCK_RS_PULLBACK_v1:600770.SH:2015-02-16:2015-02-17,PRICE_ADJUSTMENT_CONSISTENCY,Adjustment series consistency,CRITICAL,"[""qfq""]","[""qfq""]",,PASS,True,"""signal/entry/exit adj_type""",OpenCode (assistant),2026-07-17T10:13:39Z,"Manual review confirmed check logic, source evidence, and applicable recorded/recalculated values."
STOCK_RS_PULLBACK_v1:600770.SH:2015-02-16:2015-02-17,EXECUTION_REALISM,Raw execution-price realism,BLOCKING_DATA,"[""False"", false]",true,,NOT_EVALUABLE_EXECUTION_REALISM,True,"""requires raw prices and adjustment factors""",OpenCode (assistant),2026-07-17T10:13:39Z,Confirmed blocking data limitation: sampled bars are qfq-only; raw execution prices and complete adjustment factors are unavailable.
STOCK_RS_PULLBACK_v1:600770.SH:2015-02-16:2015-02-17,HISTORICAL_ST_STATUS,Historical ST status,BLOCKING_DATA,,,,NOT_EVALUABLE_MISSING_HISTORICAL_ST,True,"""provider history unavailable""",OpenCode (assistant),2026-07-17T10:13:39Z,Confirmed blocking data limitation: source lacks reliable point-in-time historical ST status.
STOCK_RS_PULLBACK_v1:600770.SH:2015-02-16:2015-02-17,LIMIT_PRICE_VERIFICATION,Board/date-specific limit price,BLOCKING_DATA,,,,NOT_EVALUABLE_LIMIT_PRICE,True,"""requires historical board/ST/listing-stage rules""",OpenCode (assistant),2026-07-17T10:13:39Z,Confirmed blocking data limitation: exact board/date/listing-stage/ST limit prices cannot be reconstructed from frozen inputs.
STOCK_RS_PULLBACK_v1:002271.SZ:2020-01-16:2020-01-17,UNIVERSE_TRADABLE_AT_SIGNAL,Signal-day universe,CRITICAL,"""002271.SZ""",true,,PASS,True,"""signal_date=2020-01-16 00:00:00""",OpenCode (assistant),2026-07-17T10:13:39Z,"Manual review confirmed check logic, source evidence, and applicable recorded/recalculated values."
STOCK_RS_PULLBACK_v1:002271.SZ:2020-01-16:2020-01-17,DATE_ORDER_VALID,Pullback/trigger/entry order,CRITICAL,"[""2020-01-14 00:00:00"", ""2020-01-16 00:00:00"", ""2020-01-17 00:00:00""]",true,,PASS,True,"""strictly increasing dates""",OpenCode (assistant),2026-07-17T10:13:39Z,"Manual review confirmed check logic, source evidence, and applicable recorded/recalculated values."
STOCK_RS_PULLBACK_v1:002271.SZ:2020-01-16:2020-01-17,NO_LOOKAHEAD_IN_INDICATORS,Prefix-only indicator reconstruction,CRITICAL,"{""benchmark_ret20"": 0.02882874840680616, ""high_10d"": 14.84, ""ma20"": 13.3265, ""ma60"": 12.443833333333334, ""ret20"": 0.20554649265905378, ""vol_ma5"": 15079618.8}","{""benchmark_ret20"": 0.02882874840680616, ""high_10d"": 14.84, ""ma20"": 13.3265, ""ma60"": 12.443833333333334, ""ret20"": 0.20554649265905378, ""vol_ma5"": 15079618.8}",,PASS,True,"""prefix-only rolling recomputation""",OpenCode (assistant),2026-07-17T10:13:39Z,"Manual review confirmed check logic, source evidence, and applicable recorded/recalculated values."
STOCK_RS_PULLBACK_v1:002271.SZ:2020-01-16:2020-01-17,ENTRY_IS_NEXT_TRADING_DAY_OPEN,Next trading-day open entry,CRITICAL,"[""2020-01-17"", 15.04]","[""2020-01-17 00:00:00"", 15.04]",,PASS,True,"""first stock bar after trigger""",OpenCode (assistant),2026-07-17T10:13:39Z,"Manual review confirmed check logic, source evidence, and applicable recorded/recalculated values."
STOCK_RS_PULLBACK_v1:002271.SZ:2020-01-16:2020-01-17,ENTRY_DAY_EXECUTABLE,Entry-day execution status,CRITICAL,"{""adj_factor"": null, ""adj_type"": ""qfq"", ""close"": 14.8, ""code"": ""002271.SZ"", ""date"": ""2020-01-17 00:00:00"", ""high"": 15.05, ""is_limit_down"": false, ""is_limit_up"": false, ""is_st"": false, ""is_suspended"": false, ""low"": 14.52, ""open"": 15.04, ""source"": ""tongdaxin_export"", ""volume"": 17343218}","{""executable"": true, ""expected_outcome"": ""valid trade requires executable entry""}",,PASS,True,"""suspension and limit-up flags""",OpenCode (assistant),2026-07-17T10:13:39Z,"Manual review confirmed check logic, source evidence, and applicable recorded/recalculated values."
STOCK_RS_PULLBACK_v1:002271.SZ:2020-01-16:2020-01-17,T1_NO_ENTRY_DAY_EXIT,A-share T+1,CRITICAL,"[""2020-01-17 00:00:00"", ""2020-01-23 00:00:00""]",true,,PASS,True,"""exit must follow entry date""",OpenCode (assistant),2026-07-17T10:13:39Z,"Manual review confirmed check logic, source evidence, and applicable recorded/recalculated values."
STOCK_RS_PULLBACK_v1:002271.SZ:2020-01-16:2020-01-17,SAME_DAY_STOP_TARGET_STOP_FIRST,Stop/target intraday priority,CRITICAL,"""time_stop_no_upside_progress""","""not_triggered""",,PASS,True,"""post-entry daily bars""",OpenCode (assistant),2026-07-17T10:13:39Z,"Manual review confirmed check logic, source evidence, and applicable recorded/recalculated values."
STOCK_RS_PULLBACK_v1:002271.SZ:2020-01-16:2020-01-17,GAP_STOP_USES_EXECUTABLE_PRICE,Gap stop execution,CRITICAL,14.16,,,PASS,True,"""open price when opening below stop""",OpenCode (assistant),2026-07-17T10:13:39Z,"Manual review confirmed check logic, source evidence, and applicable recorded/recalculated values."
STOCK_RS_PULLBACK_v1:002271.SZ:2020-01-16:2020-01-17,D5_EXIT_BOUNDARY,D5 time-stop boundary,CRITICAL,5,5,0.0,PASS,True,"""time_stop_no_upside_progress""",OpenCode (assistant),2026-07-17T10:13:39Z,"Manual review confirmed check logic, source evidence, and applicable recorded/recalculated values."
STOCK_RS_PULLBACK_v1:002271.SZ:2020-01-16:2020-01-17,D10_EXIT_BOUNDARY,D10 max-holding boundary,CRITICAL,5,10,-5.0,PASS,True,"""time_stop_no_upside_progress""",OpenCode (assistant),2026-07-17T10:13:39Z,"Manual review confirmed check logic, source evidence, and applicable recorded/recalculated values."
STOCK_RS_PULLBACK_v1:002271.SZ:2020-01-16:2020-01-17,GROSS_RETURN_RECALCULATION,Gross return,CRITICAL,-0.0585106382978722,-0.058510638297872286,8.326672684688674e-17,PASS,True,"""round_trip_cost=0.002""",OpenCode (assistant),2026-07-17T10:13:39Z,"Manual review confirmed check logic, source evidence, and applicable recorded/recalculated values."
STOCK_RS_PULLBACK_v1:002271.SZ:2020-01-16:2020-01-17,NET_RETURN_AND_COST_RECALCULATION,Net return and one cost deduction,CRITICAL,-0.0605106382978722,-0.06051063829787229,9.020562075079396e-17,PASS,True,"""round_trip_cost=0.002""",OpenCode (assistant),2026-07-17T10:13:39Z,"Manual review confirmed check logic, source evidence, and applicable recorded/recalculated values."
STOCK_RS_PULLBACK_v1:002271.SZ:2020-01-16:2020-01-17,R_MULTIPLE_RECALCULATION,R multiple,CRITICAL,-0.6666666666666666,-0.6666666666666666,0.0,PASS,True,"""round_trip_cost=0.002""",OpenCode (assistant),2026-07-17T10:13:39Z,"Manual review confirmed check logic, source evidence, and applicable recorded/recalculated values."
STOCK_RS_PULLBACK_v1:002271.SZ:2020-01-16:2020-01-17,PRICE_ADJUSTMENT_CONSISTENCY,Adjustment series consistency,CRITICAL,"[""qfq""]","[""qfq""]",,PASS,True,"""signal/entry/exit adj_type""",OpenCode (assistant),2026-07-17T10:13:39Z,"Manual review confirmed check logic, source evidence, and applicable recorded/recalculated values."
STOCK_RS_PULLBACK_v1:002271.SZ:2020-01-16:2020-01-17,EXECUTION_REALISM,Raw execution-price realism,BLOCKING_DATA,"[""False"", false]",true,,NOT_EVALUABLE_EXECUTION_REALISM,True,"""requires raw prices and adjustment factors""",OpenCode (assistant),2026-07-17T10:13:39Z,Confirmed blocking data limitation: sampled bars are qfq-only; raw execution prices and complete adjustment factors are unavailable.
STOCK_RS_PULLBACK_v1:002271.SZ:2020-01-16:2020-01-17,HISTORICAL_ST_STATUS,Historical ST status,BLOCKING_DATA,,,,NOT_EVALUABLE_MISSING_HISTORICAL_ST,True,"""provider history unavailable""",OpenCode (assistant),2026-07-17T10:13:39Z,Confirmed blocking data limitation: source lacks reliable point-in-time historical ST status.
STOCK_RS_PULLBACK_v1:002271.SZ:2020-01-16:2020-01-17,LIMIT_PRICE_VERIFICATION,Board/date-specific limit price,BLOCKING_DATA,,,,NOT_EVALUABLE_LIMIT_PRICE,True,"""requires historical board/ST/listing-stage rules""",OpenCode (assistant),2026-07-17T10:13:39Z,Confirmed blocking data limitation: exact board/date/listing-stage/ST limit prices cannot be reconstructed from frozen inputs.
STOCK_RS_PULLBACK_v1:300137.SZ:2015-05-21:2015-05-22,UNIVERSE_TRADABLE_AT_SIGNAL,Signal-day universe,CRITICAL,"""300137.SZ""",true,,PASS,True,"""signal_date=2015-05-21 00:00:00""",OpenCode (assistant),2026-07-17T10:13:39Z,"Manual review confirmed check logic, source evidence, and applicable recorded/recalculated values."
STOCK_RS_PULLBACK_v1:300137.SZ:2015-05-21:2015-05-22,DATE_ORDER_VALID,Pullback/trigger/entry order,CRITICAL,"[""2015-05-19 00:00:00"", ""2015-05-21 00:00:00"", ""2015-05-22 00:00:00""]",true,,PASS,True,"""strictly increasing dates""",OpenCode (assistant),2026-07-17T10:13:39Z,"Manual review confirmed check logic, source evidence, and applicable recorded/recalculated values."
STOCK_RS_PULLBACK_v1:300137.SZ:2015-05-21:2015-05-22,NO_LOOKAHEAD_IN_INDICATORS,Prefix-only indicator reconstruction,CRITICAL,"{""benchmark_ret20"": 0.021344737447281492, ""high_10d"": 15.2, ""ma20"": 12.5365, ""ma60"": 11.763166666666667, ""ret20"": 0.2761578044596913, ""vol_ma5"": 37143590.8}","{""benchmark_ret20"": 0.021344737447281492, ""high_10d"": 15.2, ""ma20"": 12.5365, ""ma60"": 11.763166666666669, ""ret20"": 0.2761578044596913, ""vol_ma5"": 37143590.8}",,PASS,True,"""prefix-only rolling recomputation""",OpenCode (assistant),2026-07-17T10:13:39Z,"Manual review confirmed check logic, source evidence, and applicable recorded/recalculated values."
STOCK_RS_PULLBACK_v1:300137.SZ:2015-05-21:2015-05-22,ENTRY_IS_NEXT_TRADING_DAY_OPEN,Next trading-day open entry,CRITICAL,"[""2015-05-22"", 14.88]","[""2015-05-22 00:00:00"", 14.88]",,PASS,True,"""first stock bar after trigger""",OpenCode (assistant),2026-07-17T10:13:39Z,"Manual review confirmed check logic, source evidence, and applicable recorded/recalculated values."
STOCK_RS_PULLBACK_v1:300137.SZ:2015-05-21:2015-05-22,ENTRY_DAY_EXECUTABLE,Entry-day execution status,CRITICAL,"{""adj_factor"": null, ""adj_type"": ""qfq"", ""close"": 14.46, ""code"": ""300137.SZ"", ""date"": ""2015-05-22 00:00:00"", ""high"": 15.08, ""is_limit_down"": false, ""is_limit_up"": false, ""is_st"": false, ""is_suspended"": false, ""low"": 14.18, ""open"": 14.88, ""source"": ""tongdaxin_export"", ""volume"": 31048957}","{""executable"": true, ""expected_outcome"": ""valid trade requires executable entry""}",,PASS,True,"""suspension and limit-up flags""",OpenCode (assistant),2026-07-17T10:13:39Z,"Manual review confirmed check logic, source evidence, and applicable recorded/recalculated values."
STOCK_RS_PULLBACK_v1:300137.SZ:2015-05-21:2015-05-22,T1_NO_ENTRY_DAY_EXIT,A-share T+1,CRITICAL,"[""2015-05-22 00:00:00"", ""2015-05-28 00:00:00""]",true,,PASS,True,"""exit must follow entry date""",OpenCode (assistant),2026-07-17T10:13:39Z,"Manual review confirmed check logic, source evidence, and applicable recorded/recalculated values."
STOCK_RS_PULLBACK_v1:300137.SZ:2015-05-21:2015-05-22,SAME_DAY_STOP_TARGET_STOP_FIRST,Stop/target intraday priority,CRITICAL,"""time_stop_no_upside_progress""","""not_triggered""",,PASS,True,"""post-entry daily bars""",OpenCode (assistant),2026-07-17T10:13:39Z,"Manual review confirmed check logic, source evidence, and applicable recorded/recalculated values."
STOCK_RS_PULLBACK_v1:300137.SZ:2015-05-21:2015-05-22,GAP_STOP_USES_EXECUTABLE_PRICE,Gap stop execution,CRITICAL,13.72,,,PASS,True,"""open price when opening below stop""",OpenCode (assistant),2026-07-17T10:13:39Z,"Manual review confirmed check logic, source evidence, and applicable recorded/recalculated values."
STOCK_RS_PULLBACK_v1:300137.SZ:2015-05-21:2015-05-22,D5_EXIT_BOUNDARY,D5 time-stop boundary,CRITICAL,5,5,0.0,PASS,True,"""time_stop_no_upside_progress""",OpenCode (assistant),2026-07-17T10:13:39Z,"Manual review confirmed check logic, source evidence, and applicable recorded/recalculated values."
STOCK_RS_PULLBACK_v1:300137.SZ:2015-05-21:2015-05-22,D10_EXIT_BOUNDARY,D10 max-holding boundary,CRITICAL,5,10,-5.0,PASS,True,"""time_stop_no_upside_progress""",OpenCode (assistant),2026-07-17T10:13:39Z,"Manual review confirmed check logic, source evidence, and applicable recorded/recalculated values."
STOCK_RS_PULLBACK_v1:300137.SZ:2015-05-21:2015-05-22,GROSS_RETURN_RECALCULATION,Gross return,CRITICAL,-0.0779569892473118,-0.07795698924731187,6.938893903907227e-17,PASS,True,"""round_trip_cost=0.002""",OpenCode (assistant),2026-07-17T10:13:39Z,"Manual review confirmed check logic, source evidence, and applicable recorded/recalculated values."
STOCK_RS_PULLBACK_v1:300137.SZ:2015-05-21:2015-05-22,NET_RETURN_AND_COST_RECALCULATION,Net return and one cost deduction,CRITICAL,-0.0799569892473118,-0.07995698924731187,6.938893903907227e-17,PASS,True,"""round_trip_cost=0.002""",OpenCode (assistant),2026-07-17T10:13:39Z,"Manual review confirmed check logic, source evidence, and applicable recorded/recalculated values."
STOCK_RS_PULLBACK_v1:300137.SZ:2015-05-21:2015-05-22,R_MULTIPLE_RECALCULATION,R multiple,CRITICAL,-0.9062499999999992,-0.9062499999999993,1.1102230246251563e-16,PASS,True,"""round_trip_cost=0.002""",OpenCode (assistant),2026-07-17T10:13:39Z,"Manual review confirmed check logic, source evidence, and applicable recorded/recalculated values."
STOCK_RS_PULLBACK_v1:300137.SZ:2015-05-21:2015-05-22,PRICE_ADJUSTMENT_CONSISTENCY,Adjustment series consistency,CRITICAL,"[""qfq""]","[""qfq""]",,PASS,True,"""signal/entry/exit adj_type""",OpenCode (assistant),2026-07-17T10:13:39Z,"Manual review confirmed check logic, source evidence, and applicable recorded/recalculated values."
STOCK_RS_PULLBACK_v1:300137.SZ:2015-05-21:2015-05-22,EXECUTION_REALISM,Raw execution-price realism,BLOCKING_DATA,"[""False"", false]",true,,NOT_EVALUABLE_EXECUTION_REALISM,True,"""requires raw prices and adjustment factors""",OpenCode (assistant),2026-07-17T10:13:39Z,Confirmed blocking data limitation: sampled bars are qfq-only; raw execution prices and complete adjustment factors are unavailable.
STOCK_RS_PULLBACK_v1:300137.SZ:2015-05-21:2015-05-22,HISTORICAL_ST_STATUS,Historical ST status,BLOCKING_DATA,,,,NOT_EVALUABLE_MISSING_HISTORICAL_ST,True,"""provider history unavailable""",OpenCode (assistant),2026-07-17T10:13:39Z,Confirmed blocking data limitation: source lacks reliable point-in-time historical ST status.
STOCK_RS_PULLBACK_v1:300137.SZ:2015-05-21:2015-05-22,LIMIT_PRICE_VERIFICATION,Board/date-specific limit price,BLOCKING_DATA,,,,NOT_EVALUABLE_LIMIT_PRICE,True,"""requires historical board/ST/listing-stage rules""",OpenCode (assistant),2026-07-17T10:13:39Z,Confirmed blocking data limitation: exact board/date/listing-stage/ST limit prices cannot be reconstructed from frozen inputs.
STOCK_RS_PULLBACK_v1:600096.SH:2022-07-01:2022-07-04,UNIVERSE_TRADABLE_AT_SIGNAL,Signal-day universe,CRITICAL,"""600096.SH""",true,,PASS,True,"""signal_date=2022-07-01 00:00:00""",OpenCode (assistant),2026-07-17T10:13:39Z,"Manual review confirmed check logic, source evidence, and applicable recorded/recalculated values."
STOCK_RS_PULLBACK_v1:600096.SH:2022-07-01:2022-07-04,DATE_ORDER_VALID,Pullback/trigger/entry order,CRITICAL,"[""2022-06-29 00:00:00"", ""2022-07-01 00:00:00"", ""2022-07-04 00:00:00""]",true,,PASS,True,"""strictly increasing dates""",OpenCode (assistant),2026-07-17T10:13:39Z,"Manual review confirmed check logic, source evidence, and applicable recorded/recalculated values."
STOCK_RS_PULLBACK_v1:600096.SH:2022-07-01:2022-07-04,NO_LOOKAHEAD_IN_INDICATORS,Prefix-only indicator reconstruction,CRITICAL,"{""benchmark_ret20"": 0.09222240969099449, ""high_10d"": 28.11, ""ma20"": 25.925, ""ma60"": 22.816, ""ret20"": 0.2714932126696832, ""vol_ma5"": 121175591.8}","{""benchmark_ret20"": 0.09222240969099449, ""high_10d"": 28.11, ""ma20"": 25.925, ""ma60"": 22.816, ""ret20"": 0.2714932126696832, ""vol_ma5"": 121175591.8}",,PASS,True,"""prefix-only rolling recomputation""",OpenCode (assistant),2026-07-17T10:13:39Z,"Manual review confirmed check logic, source evidence, and applicable recorded/recalculated values."
STOCK_RS_PULLBACK_v1:600096.SH:2022-07-01:2022-07-04,ENTRY_IS_NEXT_TRADING_DAY_OPEN,Next trading-day open entry,CRITICAL,"[""2022-07-04"", 28.71]","[""2022-07-04 00:00:00"", 28.71]",,PASS,True,"""first stock bar after trigger""",OpenCode (assistant),2026-07-17T10:13:39Z,"Manual review confirmed check logic, source evidence, and applicable recorded/recalculated values."
STOCK_RS_PULLBACK_v1:600096.SH:2022-07-01:2022-07-04,ENTRY_DAY_EXECUTABLE,Entry-day execution status,CRITICAL,"{""adj_factor"": null, ""adj_type"": ""qfq"", ""close"": 28.62, ""code"": ""600096.SH"", ""date"": ""2022-07-04 00:00:00"", ""high"": 29.31, ""is_limit_down"": false, ""is_limit_up"": false, ""is_st"": false, ""is_suspended"": false, ""low"": 27.8, ""open"": 28.71, ""source"": ""tongdaxin_export"", ""volume"": 123056568}","{""executable"": true, ""expected_outcome"": ""valid trade requires executable entry""}",,PASS,True,"""suspension and limit-up flags""",OpenCode (assistant),2026-07-17T10:13:39Z,"Manual review confirmed check logic, source evidence, and applicable recorded/recalculated values."
STOCK_RS_PULLBACK_v1:600096.SH:2022-07-01:2022-07-04,T1_NO_ENTRY_DAY_EXIT,A-share T+1,CRITICAL,"[""2022-07-04 00:00:00"", ""2022-07-08 00:00:00""]",true,,PASS,True,"""exit must follow entry date""",OpenCode (assistant),2026-07-17T10:13:39Z,"Manual review confirmed check logic, source evidence, and applicable recorded/recalculated values."
STOCK_RS_PULLBACK_v1:600096.SH:2022-07-01:2022-07-04,SAME_DAY_STOP_TARGET_STOP_FIRST,Stop/target intraday priority,CRITICAL,"""time_stop_no_upside_progress""","""not_triggered""",,PASS,True,"""post-entry daily bars""",OpenCode (assistant),2026-07-17T10:13:39Z,"Manual review confirmed check logic, source evidence, and applicable recorded/recalculated values."
STOCK_RS_PULLBACK_v1:600096.SH:2022-07-01:2022-07-04,GAP_STOP_USES_EXECUTABLE_PRICE,Gap stop execution,CRITICAL,26.64,,,PASS,True,"""open price when opening below stop""",OpenCode (assistant),2026-07-17T10:13:39Z,"Manual review confirmed check logic, source evidence, and applicable recorded/recalculated values."
STOCK_RS_PULLBACK_v1:600096.SH:2022-07-01:2022-07-04,D5_EXIT_BOUNDARY,D5 time-stop boundary,CRITICAL,5,5,0.0,PASS,True,"""time_stop_no_upside_progress""",OpenCode (assistant),2026-07-17T10:13:39Z,"Manual review confirmed check logic, source evidence, and applicable recorded/recalculated values."
STOCK_RS_PULLBACK_v1:600096.SH:2022-07-01:2022-07-04,D10_EXIT_BOUNDARY,D10 max-holding boundary,CRITICAL,5,10,-5.0,PASS,True,"""time_stop_no_upside_progress""",OpenCode (assistant),2026-07-17T10:13:39Z,"Manual review confirmed check logic, source evidence, and applicable recorded/recalculated values."
STOCK_RS_PULLBACK_v1:600096.SH:2022-07-01:2022-07-04,GROSS_RETURN_RECALCULATION,Gross return,CRITICAL,-0.0721003134796238,-0.07210031347962387,6.938893903907227e-17,PASS,True,"""round_trip_cost=0.002""",OpenCode (assistant),2026-07-17T10:13:39Z,"Manual review confirmed check logic, source evidence, and applicable recorded/recalculated values."
STOCK_RS_PULLBACK_v1:600096.SH:2022-07-01:2022-07-04,NET_RETURN_AND_COST_RECALCULATION,Net return and one cost deduction,CRITICAL,-0.0741003134796238,-0.07410031347962387,6.938893903907227e-17,PASS,True,"""round_trip_cost=0.002""",OpenCode (assistant),2026-07-17T10:13:39Z,"Manual review confirmed check logic, source evidence, and applicable recorded/recalculated values."
STOCK_RS_PULLBACK_v1:600096.SH:2022-07-01:2022-07-04,R_MULTIPLE_RECALCULATION,R multiple,CRITICAL,-0.7064846416382254,-0.7064846416382254,0.0,PASS,True,"""round_trip_cost=0.002""",OpenCode (assistant),2026-07-17T10:13:39Z,"Manual review confirmed check logic, source evidence, and applicable recorded/recalculated values."
STOCK_RS_PULLBACK_v1:600096.SH:2022-07-01:2022-07-04,PRICE_ADJUSTMENT_CONSISTENCY,Adjustment series consistency,CRITICAL,"[""qfq""]","[""qfq""]",,PASS,True,"""signal/entry/exit adj_type""",OpenCode (assistant),2026-07-17T10:13:39Z,"Manual review confirmed check logic, source evidence, and applicable recorded/recalculated values."
STOCK_RS_PULLBACK_v1:600096.SH:2022-07-01:2022-07-04,EXECUTION_REALISM,Raw execution-price realism,BLOCKING_DATA,"[""False"", false]",true,,NOT_EVALUABLE_EXECUTION_REALISM,True,"""requires raw prices and adjustment factors""",OpenCode (assistant),2026-07-17T10:13:39Z,Confirmed blocking data limitation: sampled bars are qfq-only; raw execution prices and complete adjustment factors are unavailable.
STOCK_RS_PULLBACK_v1:600096.SH:2022-07-01:2022-07-04,HISTORICAL_ST_STATUS,Historical ST status,BLOCKING_DATA,,,,NOT_EVALUABLE_MISSING_HISTORICAL_ST,True,"""provider history unavailable""",OpenCode (assistant),2026-07-17T10:13:39Z,Confirmed blocking data limitation: source lacks reliable point-in-time historical ST status.
STOCK_RS_PULLBACK_v1:600096.SH:2022-07-01:2022-07-04,LIMIT_PRICE_VERIFICATION,Board/date-specific limit price,BLOCKING_DATA,,,,NOT_EVALUABLE_LIMIT_PRICE,True,"""requires historical board/ST/listing-stage rules""",OpenCode (assistant),2026-07-17T10:13:39Z,Confirmed blocking data limitation: exact board/date/listing-stage/ST limit prices cannot be reconstructed from frozen inputs.
STOCK_RS_PULLBACK_v1:600031.SH:2020-04-17:2020-04-20,UNIVERSE_TRADABLE_AT_SIGNAL,Signal-day universe,CRITICAL,"""600031.SH""",true,,PASS,True,"""signal_date=2020-04-17 00:00:00""",OpenCode (assistant),2026-07-17T10:13:39Z,"Manual review confirmed check logic, source evidence, and applicable recorded/recalculated values."
STOCK_RS_PULLBACK_v1:600031.SH:2020-04-17:2020-04-20,DATE_ORDER_VALID,Pullback/trigger/entry order,CRITICAL,"[""2020-04-16 00:00:00"", ""2020-04-17 00:00:00"", ""2020-04-20 00:00:00""]",true,,PASS,True,"""strictly increasing dates""",OpenCode (assistant),2026-07-17T10:13:39Z,"Manual review confirmed check logic, source evidence, and applicable recorded/recalculated values."
STOCK_RS_PULLBACK_v1:600031.SH:2020-04-17:2020-04-20,NO_LOOKAHEAD_IN_INDICATORS,Prefix-only indicator reconstruction,CRITICAL,"{""benchmark_ret20"": 0.06976698828951067, ""high_10d"": 17.78, ""ma20"": 15.526000000000002, ""ma60"": 14.729333333333333, ""ret20"": 0.36639999999999984, ""vol_ma5"": 90588815.8}","{""benchmark_ret20"": 0.06976698828951067, ""high_10d"": 17.78, ""ma20"": 15.526, ""ma60"": 14.729333333333333, ""ret20"": 0.36639999999999984, ""vol_ma5"": 90588815.8}",,PASS,True,"""prefix-only rolling recomputation""",OpenCode (assistant),2026-07-17T10:13:39Z,"Manual review confirmed check logic, source evidence, and applicable recorded/recalculated values."
STOCK_RS_PULLBACK_v1:600031.SH:2020-04-17:2020-04-20,ENTRY_IS_NEXT_TRADING_DAY_OPEN,Next trading-day open entry,CRITICAL,"[""2020-04-20"", 17.28]","[""2020-04-20 00:00:00"", 17.28]",,PASS,True,"""first stock bar after trigger""",OpenCode (assistant),2026-07-17T10:13:39Z,"Manual review confirmed check logic, source evidence, and applicable recorded/recalculated values."
STOCK_RS_PULLBACK_v1:600031.SH:2020-04-17:2020-04-20,ENTRY_DAY_EXECUTABLE,Entry-day execution status,CRITICAL,"{""adj_factor"": null, ""adj_type"": ""qfq"", ""close"": 17.11, ""code"": ""600031.SH"", ""date"": ""2020-04-20 00:00:00"", ""high"": 17.76, ""is_limit_down"": false, ""is_limit_up"": false, ""is_st"": false, ""is_suspended"": false, ""low"": 16.91, ""open"": 17.28, ""source"": ""tongdaxin_export"", ""volume"": 78329667}","{""executable"": true, ""expected_outcome"": ""valid trade requires executable entry""}",,PASS,True,"""suspension and limit-up flags""",OpenCode (assistant),2026-07-17T10:13:39Z,"Manual review confirmed check logic, source evidence, and applicable recorded/recalculated values."
STOCK_RS_PULLBACK_v1:600031.SH:2020-04-17:2020-04-20,T1_NO_ENTRY_DAY_EXIT,A-share T+1,CRITICAL,"[""2020-04-20 00:00:00"", ""2020-04-24 00:00:00""]",true,,PASS,True,"""exit must follow entry date""",OpenCode (assistant),2026-07-17T10:13:39Z,"Manual review confirmed check logic, source evidence, and applicable recorded/recalculated values."
STOCK_RS_PULLBACK_v1:600031.SH:2020-04-17:2020-04-20,SAME_DAY_STOP_TARGET_STOP_FIRST,Stop/target intraday priority,CRITICAL,"""time_stop_no_upside_progress""","""not_triggered""",,PASS,True,"""post-entry daily bars""",OpenCode (assistant),2026-07-17T10:13:39Z,"Manual review confirmed check logic, source evidence, and applicable recorded/recalculated values."
STOCK_RS_PULLBACK_v1:600031.SH:2020-04-17:2020-04-20,GAP_STOP_USES_EXECUTABLE_PRICE,Gap stop execution,CRITICAL,16.68,,,PASS,True,"""open price when opening below stop""",OpenCode (assistant),2026-07-17T10:13:39Z,"Manual review confirmed check logic, source evidence, and applicable recorded/recalculated values."
STOCK_RS_PULLBACK_v1:600031.SH:2020-04-17:2020-04-20,D5_EXIT_BOUNDARY,D5 time-stop boundary,CRITICAL,5,5,0.0,PASS,True,"""time_stop_no_upside_progress""",OpenCode (assistant),2026-07-17T10:13:39Z,"Manual review confirmed check logic, source evidence, and applicable recorded/recalculated values."
STOCK_RS_PULLBACK_v1:600031.SH:2020-04-17:2020-04-20,D10_EXIT_BOUNDARY,D10 max-holding boundary,CRITICAL,5,10,-5.0,PASS,True,"""time_stop_no_upside_progress""",OpenCode (assistant),2026-07-17T10:13:39Z,"Manual review confirmed check logic, source evidence, and applicable recorded/recalculated values."
STOCK_RS_PULLBACK_v1:600031.SH:2020-04-17:2020-04-20,GROSS_RETURN_RECALCULATION,Gross return,CRITICAL,-0.0347222222222223,-0.03472222222222232,2.0816681711721685e-17,PASS,True,"""round_trip_cost=0.002""",OpenCode (assistant),2026-07-17T10:13:39Z,"Manual review confirmed check logic, source evidence, and applicable recorded/recalculated values."
STOCK_RS_PULLBACK_v1:600031.SH:2020-04-17:2020-04-20,NET_RETURN_AND_COST_RECALCULATION,Net return and one cost deduction,CRITICAL,-0.0367222222222223,-0.03672222222222232,2.0816681711721685e-17,PASS,True,"""round_trip_cost=0.002""",OpenCode (assistant),2026-07-17T10:13:39Z,"Manual review confirmed check logic, source evidence, and applicable recorded/recalculated values."
STOCK_RS_PULLBACK_v1:600031.SH:2020-04-17:2020-04-20,R_MULTIPLE_RECALCULATION,R multiple,CRITICAL,-0.6122448979591849,-0.6122448979591849,0.0,PASS,True,"""round_trip_cost=0.002""",OpenCode (assistant),2026-07-17T10:13:39Z,"Manual review confirmed check logic, source evidence, and applicable recorded/recalculated values."
STOCK_RS_PULLBACK_v1:600031.SH:2020-04-17:2020-04-20,PRICE_ADJUSTMENT_CONSISTENCY,Adjustment series consistency,CRITICAL,"[""qfq""]","[""qfq""]",,PASS,True,"""signal/entry/exit adj_type""",OpenCode (assistant),2026-07-17T10:13:39Z,"Manual review confirmed check logic, source evidence, and applicable recorded/recalculated values."
STOCK_RS_PULLBACK_v1:600031.SH:2020-04-17:2020-04-20,EXECUTION_REALISM,Raw execution-price realism,BLOCKING_DATA,"[""False"", false]",true,,NOT_EVALUABLE_EXECUTION_REALISM,True,"""requires raw prices and adjustment factors""",OpenCode (assistant),2026-07-17T10:13:39Z,Confirmed blocking data limitation: sampled bars are qfq-only; raw execution prices and complete adjustment factors are unavailable.
STOCK_RS_PULLBACK_v1:600031.SH:2020-04-17:2020-04-20,HISTORICAL_ST_STATUS,Historical ST status,BLOCKING_DATA,,,,NOT_EVALUABLE_MISSING_HISTORICAL_ST,True,"""provider history unavailable""",OpenCode (assistant),2026-07-17T10:13:39Z,Confirmed blocking data limitation: source lacks reliable point-in-time historical ST status.
STOCK_RS_PULLBACK_v1:600031.SH:2020-04-17:2020-04-20,LIMIT_PRICE_VERIFICATION,Board/date-specific limit price,BLOCKING_DATA,,,,NOT_EVALUABLE_LIMIT_PRICE,True,"""requires historical board/ST/listing-stage rules""",OpenCode (assistant),2026-07-17T10:13:39Z,Confirmed blocking data limitation: exact board/date/listing-stage/ST limit prices cannot be reconstructed from frozen inputs.
STOCK_RS_PULLBACK_v1:600397.SH:2026-01-19:2026-01-20,UNIVERSE_TRADABLE_AT_SIGNAL,Signal-day universe,CRITICAL,"""600397.SH""",true,,PASS,True,"""signal_date=2026-01-19 00:00:00""",OpenCode (assistant),2026-07-17T10:13:39Z,"Manual review confirmed check logic, source evidence, and applicable recorded/recalculated values."
STOCK_RS_PULLBACK_v1:600397.SH:2026-01-19:2026-01-20,DATE_ORDER_VALID,Pullback/trigger/entry order,CRITICAL,"[""2026-01-14 00:00:00"", ""2026-01-19 00:00:00"", ""2026-01-20 00:00:00""]",true,,PASS,True,"""strictly increasing dates""",OpenCode (assistant),2026-07-17T10:13:39Z,"Manual review confirmed check logic, source evidence, and applicable recorded/recalculated values."
STOCK_RS_PULLBACK_v1:600397.SH:2026-01-19:2026-01-20,NO_LOOKAHEAD_IN_INDICATORS,Prefix-only indicator reconstruction,CRITICAL,"{""benchmark_ret20"": 0.03990300453128737, ""high_10d"": 10.21, ""ma20"": 8.2635, ""ma60"": 7.372166666666667, ""ret20"": 0.4318181818181819, ""vol_ma5"": 48618310.6}","{""benchmark_ret20"": 0.03990300453128737, ""high_10d"": 10.21, ""ma20"": 8.2635, ""ma60"": 7.372166666666667, ""ret20"": 0.4318181818181819, ""vol_ma5"": 48618310.6}",,PASS,True,"""prefix-only rolling recomputation""",OpenCode (assistant),2026-07-17T10:13:39Z,"Manual review confirmed check logic, source evidence, and applicable recorded/recalculated values."
STOCK_RS_PULLBACK_v1:600397.SH:2026-01-19:2026-01-20,ENTRY_IS_NEXT_TRADING_DAY_OPEN,Next trading-day open entry,CRITICAL,"[""2026-01-20"", 10.18]","[""2026-01-20 00:00:00"", 10.18]",,PASS,True,"""first stock bar after trigger""",OpenCode (assistant),2026-07-17T10:13:39Z,"Manual review confirmed check logic, source evidence, and applicable recorded/recalculated values."
STOCK_RS_PULLBACK_v1:600397.SH:2026-01-19:2026-01-20,ENTRY_DAY_EXECUTABLE,Entry-day execution status,CRITICAL,"{""adj_factor"": null, ""adj_type"": ""qfq"", ""close"": 9.49, ""code"": ""600397.SH"", ""date"": ""2026-01-20 00:00:00"", ""high"": 10.66, ""is_limit_down"": false, ""is_limit_up"": false, ""is_st"": false, ""is_suspended"": false, ""low"": 9.22, ""open"": 10.18, ""source"": ""tongdaxin_export"", ""volume"": 78120208}","{""executable"": true, ""expected_outcome"": ""valid trade requires executable entry""}",,PASS,True,"""suspension and limit-up flags""",OpenCode (assistant),2026-07-17T10:13:39Z,"Manual review confirmed check logic, source evidence, and applicable recorded/recalculated values."
STOCK_RS_PULLBACK_v1:600397.SH:2026-01-19:2026-01-20,T1_NO_ENTRY_DAY_EXIT,A-share T+1,CRITICAL,"[""2026-01-20 00:00:00"", ""2026-01-26 00:00:00""]",true,,PASS,True,"""exit must follow entry date""",OpenCode (assistant),2026-07-17T10:13:39Z,"Manual review confirmed check logic, source evidence, and applicable recorded/recalculated values."
STOCK_RS_PULLBACK_v1:600397.SH:2026-01-19:2026-01-20,SAME_DAY_STOP_TARGET_STOP_FIRST,Stop/target intraday priority,CRITICAL,"""time_stop_no_upside_progress""","""not_triggered""",,PASS,True,"""post-entry daily bars""",OpenCode (assistant),2026-07-17T10:13:39Z,"Manual review confirmed check logic, source evidence, and applicable recorded/recalculated values."
STOCK_RS_PULLBACK_v1:600397.SH:2026-01-19:2026-01-20,GAP_STOP_USES_EXECUTABLE_PRICE,Gap stop execution,CRITICAL,10.94,,,PASS,True,"""open price when opening below stop""",OpenCode (assistant),2026-07-17T10:13:39Z,"Manual review confirmed check logic, source evidence, and applicable recorded/recalculated values."
STOCK_RS_PULLBACK_v1:600397.SH:2026-01-19:2026-01-20,D5_EXIT_BOUNDARY,D5 time-stop boundary,CRITICAL,5,5,0.0,PASS,True,"""time_stop_no_upside_progress""",OpenCode (assistant),2026-07-17T10:13:39Z,"Manual review confirmed check logic, source evidence, and applicable recorded/recalculated values."
STOCK_RS_PULLBACK_v1:600397.SH:2026-01-19:2026-01-20,D10_EXIT_BOUNDARY,D10 max-holding boundary,CRITICAL,5,10,-5.0,PASS,True,"""time_stop_no_upside_progress""",OpenCode (assistant),2026-07-17T10:13:39Z,"Manual review confirmed check logic, source evidence, and applicable recorded/recalculated values."
STOCK_RS_PULLBACK_v1:600397.SH:2026-01-19:2026-01-20,GROSS_RETURN_RECALCULATION,Gross return,CRITICAL,0.074656188605108,0.07465618860510803,-2.775557561562892e-17,PASS,True,"""round_trip_cost=0.002""",OpenCode (assistant),2026-07-17T10:13:39Z,"Manual review confirmed check logic, source evidence, and applicable recorded/recalculated values."
STOCK_RS_PULLBACK_v1:600397.SH:2026-01-19:2026-01-20,NET_RETURN_AND_COST_RECALCULATION,Net return and one cost deduction,CRITICAL,0.072656188605108,0.07265618860510803,-2.775557561562892e-17,PASS,True,"""round_trip_cost=0.002""",OpenCode (assistant),2026-07-17T10:13:39Z,"Manual review confirmed check logic, source evidence, and applicable recorded/recalculated values."
STOCK_RS_PULLBACK_v1:600397.SH:2026-01-19:2026-01-20,R_MULTIPLE_RECALCULATION,R multiple,CRITICAL,0.6972477064220183,0.6972477064220183,0.0,PASS,True,"""round_trip_cost=0.002""",OpenCode (assistant),2026-07-17T10:13:39Z,"Manual review confirmed check logic, source evidence, and applicable recorded/recalculated values."
STOCK_RS_PULLBACK_v1:600397.SH:2026-01-19:2026-01-20,PRICE_ADJUSTMENT_CONSISTENCY,Adjustment series consistency,CRITICAL,"[""qfq""]","[""qfq""]",,PASS,True,"""signal/entry/exit adj_type""",OpenCode (assistant),2026-07-17T10:13:39Z,"Manual review confirmed check logic, source evidence, and applicable recorded/recalculated values."
STOCK_RS_PULLBACK_v1:600397.SH:2026-01-19:2026-01-20,EXECUTION_REALISM,Raw execution-price realism,BLOCKING_DATA,"[""False"", false]",true,,NOT_EVALUABLE_EXECUTION_REALISM,True,"""requires raw prices and adjustment factors""",OpenCode (assistant),2026-07-17T10:13:39Z,Confirmed blocking data limitation: sampled bars are qfq-only; raw execution prices and complete adjustment factors are unavailable.
STOCK_RS_PULLBACK_v1:600397.SH:2026-01-19:2026-01-20,HISTORICAL_ST_STATUS,Historical ST status,BLOCKING_DATA,,,,NOT_EVALUABLE_MISSING_HISTORICAL_ST,True,"""provider history unavailable""",OpenCode (assistant),2026-07-17T10:13:39Z,Confirmed blocking data limitation: source lacks reliable point-in-time historical ST status.
STOCK_RS_PULLBACK_v1:600397.SH:2026-01-19:2026-01-20,LIMIT_PRICE_VERIFICATION,Board/date-specific limit price,BLOCKING_DATA,,,,NOT_EVALUABLE_LIMIT_PRICE,True,"""requires historical board/ST/listing-stage rules""",OpenCode (assistant),2026-07-17T10:13:39Z,Confirmed blocking data limitation: exact board/date/listing-stage/ST limit prices cannot be reconstructed from frozen inputs.
STOCK_RS_PULLBACK_v1:000960.SZ:2007-08-22:2007-08-23,UNIVERSE_TRADABLE_AT_SIGNAL,Signal-day universe,CRITICAL,"""000960.SZ""",true,,PASS,True,"""signal_date=2007-08-22 00:00:00""",OpenCode (assistant),2026-07-17T10:13:39Z,"Manual review confirmed check logic, source evidence, and applicable recorded/recalculated values."
STOCK_RS_PULLBACK_v1:000960.SZ:2007-08-22:2007-08-23,DATE_ORDER_VALID,Pullback/trigger/entry order,CRITICAL,"[""2007-08-20 00:00:00"", ""2007-08-22 00:00:00"", ""2007-08-23 00:00:00""]",true,,PASS,True,"""strictly increasing dates""",OpenCode (assistant),2026-07-17T10:13:39Z,"Manual review confirmed check logic, source evidence, and applicable recorded/recalculated values."
STOCK_RS_PULLBACK_v1:000960.SZ:2007-08-22:2007-08-23,NO_LOOKAHEAD_IN_INDICATORS,Prefix-only indicator reconstruction,CRITICAL,"{""benchmark_ret20"": 0.18710785672994223, ""high_10d"": 35.16, ""ma20"": 28.772999999999996, ""ma60"": 23.84333333333333, ""ret20"": 0.47867298578199047, ""vol_ma5"": 9174815.0}","{""benchmark_ret20"": 0.18710785672994223, ""high_10d"": 35.16, ""ma20"": 28.773000000000003, ""ma60"": 23.84333333333333, ""ret20"": 0.47867298578199047, ""vol_ma5"": 9174815.0}",,PASS,True,"""prefix-only rolling recomputation""",OpenCode (assistant),2026-07-17T10:13:39Z,"Manual review confirmed check logic, source evidence, and applicable recorded/recalculated values."
STOCK_RS_PULLBACK_v1:000960.SZ:2007-08-22:2007-08-23,ENTRY_IS_NEXT_TRADING_DAY_OPEN,Next trading-day open entry,CRITICAL,"[""2007-08-23"", 34.32]","[""2007-08-23 00:00:00"", 34.32]",,PASS,True,"""first stock bar after trigger""",OpenCode (assistant),2026-07-17T10:13:39Z,"Manual review confirmed check logic, source evidence, and applicable recorded/recalculated values."
STOCK_RS_PULLBACK_v1:000960.SZ:2007-08-22:2007-08-23,ENTRY_DAY_EXECUTABLE,Entry-day execution status,CRITICAL,"{""adj_factor"": null, ""adj_type"": ""qfq"", ""close"": 34.82, ""code"": ""000960.SZ"", ""date"": ""2007-08-23 00:00:00"", ""high"": 37.42, ""is_limit_down"": false, ""is_limit_up"": false, ""is_st"": false, ""is_suspended"": false, ""low"": 34.32, ""open"": 34.32, ""source"": ""tongdaxin_export"", ""volume"": 6272971}","{""executable"": true, ""expected_outcome"": ""valid trade requires executable entry""}",,PASS,True,"""suspension and limit-up flags""",OpenCode (assistant),2026-07-17T10:13:39Z,"Manual review confirmed check logic, source evidence, and applicable recorded/recalculated values."
STOCK_RS_PULLBACK_v1:000960.SZ:2007-08-22:2007-08-23,T1_NO_ENTRY_DAY_EXIT,A-share T+1,CRITICAL,"[""2007-08-23 00:00:00"", ""2007-08-29 00:00:00""]",true,,PASS,True,"""exit must follow entry date""",OpenCode (assistant),2026-07-17T10:13:39Z,"Manual review confirmed check logic, source evidence, and applicable recorded/recalculated values."
STOCK_RS_PULLBACK_v1:000960.SZ:2007-08-22:2007-08-23,SAME_DAY_STOP_TARGET_STOP_FIRST,Stop/target intraday priority,CRITICAL,"""time_stop_no_upside_progress""","""not_triggered""",,PASS,True,"""post-entry daily bars""",OpenCode (assistant),2026-07-17T10:13:39Z,"Manual review confirmed check logic, source evidence, and applicable recorded/recalculated values."
STOCK_RS_PULLBACK_v1:000960.SZ:2007-08-22:2007-08-23,GAP_STOP_USES_EXECUTABLE_PRICE,Gap stop execution,CRITICAL,36.23,,,PASS,True,"""open price when opening below stop""",OpenCode (assistant),2026-07-17T10:13:39Z,"Manual review confirmed check logic, source evidence, and applicable recorded/recalculated values."
STOCK_RS_PULLBACK_v1:000960.SZ:2007-08-22:2007-08-23,D5_EXIT_BOUNDARY,D5 time-stop boundary,CRITICAL,5,5,0.0,PASS,True,"""time_stop_no_upside_progress""",OpenCode (assistant),2026-07-17T10:13:39Z,"Manual review confirmed check logic, source evidence, and applicable recorded/recalculated values."
STOCK_RS_PULLBACK_v1:000960.SZ:2007-08-22:2007-08-23,D10_EXIT_BOUNDARY,D10 max-holding boundary,CRITICAL,5,10,-5.0,PASS,True,"""time_stop_no_upside_progress""",OpenCode (assistant),2026-07-17T10:13:39Z,"Manual review confirmed check logic, source evidence, and applicable recorded/recalculated values."
STOCK_RS_PULLBACK_v1:000960.SZ:2007-08-22:2007-08-23,GROSS_RETURN_RECALCULATION,Gross return,CRITICAL,0.0556526806526804,0.055652680652680475,-7.63278329429795e-17,PASS,True,"""round_trip_cost=0.002""",OpenCode (assistant),2026-07-17T10:13:39Z,"Manual review confirmed check logic, source evidence, and applicable recorded/recalculated values."
STOCK_RS_PULLBACK_v1:000960.SZ:2007-08-22:2007-08-23,NET_RETURN_AND_COST_RECALCULATION,Net return and one cost deduction,CRITICAL,0.0536526806526804,0.05365268065268047,-7.63278329429795e-17,PASS,True,"""round_trip_cost=0.002""",OpenCode (assistant),2026-07-17T10:13:39Z,"Manual review confirmed check logic, source evidence, and applicable recorded/recalculated values."
STOCK_RS_PULLBACK_v1:000960.SZ:2007-08-22:2007-08-23,R_MULTIPLE_RECALCULATION,R multiple,CRITICAL,0.3624288425047432,0.3624288425047432,0.0,PASS,True,"""round_trip_cost=0.002""",OpenCode (assistant),2026-07-17T10:13:39Z,"Manual review confirmed check logic, source evidence, and applicable recorded/recalculated values."
STOCK_RS_PULLBACK_v1:000960.SZ:2007-08-22:2007-08-23,PRICE_ADJUSTMENT_CONSISTENCY,Adjustment series consistency,CRITICAL,"[""qfq""]","[""qfq""]",,PASS,True,"""signal/entry/exit adj_type""",OpenCode (assistant),2026-07-17T10:13:39Z,"Manual review confirmed check logic, source evidence, and applicable recorded/recalculated values."
STOCK_RS_PULLBACK_v1:000960.SZ:2007-08-22:2007-08-23,EXECUTION_REALISM,Raw execution-price realism,BLOCKING_DATA,"[""False"", false]",true,,NOT_EVALUABLE_EXECUTION_REALISM,True,"""requires raw prices and adjustment factors""",OpenCode (assistant),2026-07-17T10:13:39Z,Confirmed blocking data limitation: sampled bars are qfq-only; raw execution prices and complete adjustment factors are unavailable.
STOCK_RS_PULLBACK_v1:000960.SZ:2007-08-22:2007-08-23,HISTORICAL_ST_STATUS,Historical ST status,BLOCKING_DATA,,,,NOT_EVALUABLE_MISSING_HISTORICAL_ST,True,"""provider history unavailable""",OpenCode (assistant),2026-07-17T10:13:39Z,Confirmed blocking data limitation: source lacks reliable point-in-time historical ST status.
STOCK_RS_PULLBACK_v1:000960.SZ:2007-08-22:2007-08-23,LIMIT_PRICE_VERIFICATION,Board/date-specific limit price,BLOCKING_DATA,,,,NOT_EVALUABLE_LIMIT_PRICE,True,"""requires historical board/ST/listing-stage rules""",OpenCode (assistant),2026-07-17T10:13:39Z,Confirmed blocking data limitation: exact board/date/listing-stage/ST limit prices cannot be reconstructed from frozen inputs.
STOCK_RS_PULLBACK_v1:603052.SH:2026-04-21:2026-04-22,UNIVERSE_TRADABLE_AT_SIGNAL,Signal-day universe,CRITICAL,"""603052.SH""",true,,PASS,True,"""signal_date=2026-04-21 00:00:00""",OpenCode (assistant),2026-07-17T10:13:39Z,"Manual review confirmed check logic, source evidence, and applicable recorded/recalculated values."
STOCK_RS_PULLBACK_v1:603052.SH:2026-04-21:2026-04-22,DATE_ORDER_VALID,Pullback/trigger/entry order,CRITICAL,"[""2026-04-15 00:00:00"", ""2026-04-21 00:00:00"", ""2026-04-22 00:00:00""]",true,,PASS,True,"""strictly increasing dates""",OpenCode (assistant),2026-07-17T10:13:39Z,"Manual review confirmed check logic, source evidence, and applicable recorded/recalculated values."
STOCK_RS_PULLBACK_v1:603052.SH:2026-04-21:2026-04-22,NO_LOOKAHEAD_IN_INDICATORS,Prefix-only indicator reconstruction,CRITICAL,"{""benchmark_ret20"": 0.07922136713444994, ""high_10d"": 94.0, ""ma20"": 69.1785, ""ma60"": 63.2885, ""ret20"": 0.584488506755571, ""vol_ma5"": 11641266.6}","{""benchmark_ret20"": 0.07922136713444994, ""high_10d"": 94.0, ""ma20"": 69.1785, ""ma60"": 63.2885, ""ret20"": 0.584488506755571, ""vol_ma5"": 11641266.6}",,PASS,True,"""prefix-only rolling recomputation""",OpenCode (assistant),2026-07-17T10:13:39Z,"Manual review confirmed check logic, source evidence, and applicable recorded/recalculated values."
STOCK_RS_PULLBACK_v1:603052.SH:2026-04-21:2026-04-22,ENTRY_IS_NEXT_TRADING_DAY_OPEN,Next trading-day open entry,CRITICAL,"[""2026-04-22"", 90.4]","[""2026-04-22 00:00:00"", 90.4]",,PASS,True,"""first stock bar after trigger""",OpenCode (assistant),2026-07-17T10:13:39Z,"Manual review confirmed check logic, source evidence, and applicable recorded/recalculated values."
STOCK_RS_PULLBACK_v1:603052.SH:2026-04-21:2026-04-22,ENTRY_DAY_EXECUTABLE,Entry-day execution status,CRITICAL,"{""adj_factor"": null, ""adj_type"": ""qfq"", ""close"": 91.36, ""code"": ""603052.SH"", ""date"": ""2026-04-22 00:00:00"", ""high"": 92.95, ""is_limit_down"": false, ""is_limit_up"": false, ""is_st"": false, ""is_suspended"": false, ""low"": 89.0, ""open"": 90.4, ""source"": ""tongdaxin_export"", ""volume"": 9916735}","{""executable"": true, ""expected_outcome"": ""valid trade requires executable entry""}",,PASS,True,"""suspension and limit-up flags""",OpenCode (assistant),2026-07-17T10:13:39Z,"Manual review confirmed check logic, source evidence, and applicable recorded/recalculated values."
STOCK_RS_PULLBACK_v1:603052.SH:2026-04-21:2026-04-22,T1_NO_ENTRY_DAY_EXIT,A-share T+1,CRITICAL,"[""2026-04-22 00:00:00"", ""2026-04-28 00:00:00""]",true,,PASS,True,"""exit must follow entry date""",OpenCode (assistant),2026-07-17T10:13:39Z,"Manual review confirmed check logic, source evidence, and applicable recorded/recalculated values."
STOCK_RS_PULLBACK_v1:603052.SH:2026-04-21:2026-04-22,SAME_DAY_STOP_TARGET_STOP_FIRST,Stop/target intraday priority,CRITICAL,"""time_stop_no_upside_progress""","""not_triggered""",,PASS,True,"""post-entry daily bars""",OpenCode (assistant),2026-07-17T10:13:39Z,"Manual review confirmed check logic, source evidence, and applicable recorded/recalculated values."
STOCK_RS_PULLBACK_v1:603052.SH:2026-04-21:2026-04-22,GAP_STOP_USES_EXECUTABLE_PRICE,Gap stop execution,CRITICAL,84.94,,,PASS,True,"""open price when opening below stop""",OpenCode (assistant),2026-07-17T10:13:39Z,"Manual review confirmed check logic, source evidence, and applicable recorded/recalculated values."
STOCK_RS_PULLBACK_v1:603052.SH:2026-04-21:2026-04-22,D5_EXIT_BOUNDARY,D5 time-stop boundary,CRITICAL,5,5,0.0,PASS,True,"""time_stop_no_upside_progress""",OpenCode (assistant),2026-07-17T10:13:39Z,"Manual review confirmed check logic, source evidence, and applicable recorded/recalculated values."
STOCK_RS_PULLBACK_v1:603052.SH:2026-04-21:2026-04-22,D10_EXIT_BOUNDARY,D10 max-holding boundary,CRITICAL,5,10,-5.0,PASS,True,"""time_stop_no_upside_progress""",OpenCode (assistant),2026-07-17T10:13:39Z,"Manual review confirmed check logic, source evidence, and applicable recorded/recalculated values."
STOCK_RS_PULLBACK_v1:603052.SH:2026-04-21:2026-04-22,GROSS_RETURN_RECALCULATION,Gross return,CRITICAL,-0.0603982300884956,-0.06039823008849565,5.551115123125783e-17,PASS,True,"""round_trip_cost=0.002""",OpenCode (assistant),2026-07-17T10:13:39Z,"Manual review confirmed check logic, source evidence, and applicable recorded/recalculated values."
STOCK_RS_PULLBACK_v1:603052.SH:2026-04-21:2026-04-22,NET_RETURN_AND_COST_RECALCULATION,Net return and one cost deduction,CRITICAL,-0.0623982300884956,-0.062398230088495654,5.551115123125783e-17,PASS,True,"""round_trip_cost=0.002""",OpenCode (assistant),2026-07-17T10:13:39Z,"Manual review confirmed check logic, source evidence, and applicable recorded/recalculated values."
STOCK_RS_PULLBACK_v1:603052.SH:2026-04-21:2026-04-22,R_MULTIPLE_RECALCULATION,R multiple,CRITICAL,-0.249315068493151,-0.249315068493151,0.0,PASS,True,"""round_trip_cost=0.002""",OpenCode (assistant),2026-07-17T10:13:39Z,"Manual review confirmed check logic, source evidence, and applicable recorded/recalculated values."
STOCK_RS_PULLBACK_v1:603052.SH:2026-04-21:2026-04-22,PRICE_ADJUSTMENT_CONSISTENCY,Adjustment series consistency,CRITICAL,"[""qfq""]","[""qfq""]",,PASS,True,"""signal/entry/exit adj_type""",OpenCode (assistant),2026-07-17T10:13:39Z,"Manual review confirmed check logic, source evidence, and applicable recorded/recalculated values."
STOCK_RS_PULLBACK_v1:603052.SH:2026-04-21:2026-04-22,EXECUTION_REALISM,Raw execution-price realism,BLOCKING_DATA,"[""False"", false]",true,,NOT_EVALUABLE_EXECUTION_REALISM,True,"""requires raw prices and adjustment factors""",OpenCode (assistant),2026-07-17T10:13:39Z,Confirmed blocking data limitation: sampled bars are qfq-only; raw execution prices and complete adjustment factors are unavailable.
STOCK_RS_PULLBACK_v1:603052.SH:2026-04-21:2026-04-22,HISTORICAL_ST_STATUS,Historical ST status,BLOCKING_DATA,,,,NOT_EVALUABLE_MISSING_HISTORICAL_ST,True,"""provider history unavailable""",OpenCode (assistant),2026-07-17T10:13:39Z,Confirmed blocking data limitation: source lacks reliable point-in-time historical ST status.
STOCK_RS_PULLBACK_v1:603052.SH:2026-04-21:2026-04-22,LIMIT_PRICE_VERIFICATION,Board/date-specific limit price,BLOCKING_DATA,,,,NOT_EVALUABLE_LIMIT_PRICE,True,"""requires historical board/ST/listing-stage rules""",OpenCode (assistant),2026-07-17T10:13:39Z,Confirmed blocking data limitation: exact board/date/listing-stage/ST limit prices cannot be reconstructed from frozen inputs.
STOCK_RS_PULLBACK_v1:600037.SH:2015-05-21:2015-05-22,UNIVERSE_TRADABLE_AT_SIGNAL,Signal-day universe,CRITICAL,"""600037.SH""",true,,PASS,True,"""signal_date=2015-05-21 00:00:00""",OpenCode (assistant),2026-07-17T10:13:39Z,"Manual review confirmed check logic, source evidence, and applicable recorded/recalculated values."
STOCK_RS_PULLBACK_v1:600037.SH:2015-05-21:2015-05-22,DATE_ORDER_VALID,Pullback/trigger/entry order,CRITICAL,"[""2015-05-14 00:00:00"", ""2015-05-21 00:00:00"", ""2015-05-22 00:00:00""]",true,,PASS,True,"""strictly increasing dates""",OpenCode (assistant),2026-07-17T10:13:39Z,"Manual review confirmed check logic, source evidence, and applicable recorded/recalculated values."
STOCK_RS_PULLBACK_v1:600037.SH:2015-05-21:2015-05-22,NO_LOOKAHEAD_IN_INDICATORS,Prefix-only indicator reconstruction,CRITICAL,"{""benchmark_ret20"": 0.021344737447281492, ""high_10d"": 34.73, ""ma20"": 29.765499999999996, ""ma60"": 24.85033333333333, ""ret20"": 0.22057787174066257, ""vol_ma5"": 35064087.8}","{""benchmark_ret20"": 0.021344737447281492, ""high_10d"": 34.73, ""ma20"": 29.765500000000003, ""ma60"": 24.85033333333333, ""ret20"": 0.22057787174066257, ""vol_ma5"": 35064087.8}",,PASS,True,"""prefix-only rolling recomputation""",OpenCode (assistant),2026-07-17T10:13:39Z,"Manual review confirmed check logic, source evidence, and applicable recorded/recalculated values."
STOCK_RS_PULLBACK_v1:600037.SH:2015-05-21:2015-05-22,ENTRY_IS_NEXT_TRADING_DAY_OPEN,Next trading-day open entry,CRITICAL,"[""2015-05-22"", 34.75]","[""2015-05-22 00:00:00"", 34.75]",,PASS,True,"""first stock bar after trigger""",OpenCode (assistant),2026-07-17T10:13:39Z,"Manual review confirmed check logic, source evidence, and applicable recorded/recalculated values."
STOCK_RS_PULLBACK_v1:600037.SH:2015-05-21:2015-05-22,ENTRY_DAY_EXECUTABLE,Entry-day execution status,CRITICAL,"{""adj_factor"": null, ""adj_type"": ""qfq"", ""close"": 36.91, ""code"": ""600037.SH"", ""date"": ""2015-05-22 00:00:00"", ""high"": 37.59, ""is_limit_down"": false, ""is_limit_up"": false, ""is_st"": false, ""is_suspended"": false, ""low"": 34.75, ""open"": 34.75, ""source"": ""tongdaxin_export"", ""volume"": 54410309}","{""executable"": true, ""expected_outcome"": ""valid trade requires executable entry""}",,PASS,True,"""suspension and limit-up flags""",OpenCode (assistant),2026-07-17T10:13:39Z,"Manual review confirmed check logic, source evidence, and applicable recorded/recalculated values."
STOCK_RS_PULLBACK_v1:600037.SH:2015-05-21:2015-05-22,T1_NO_ENTRY_DAY_EXIT,A-share T+1,CRITICAL,"[""2015-05-22 00:00:00"", ""2015-05-28 00:00:00""]",true,,PASS,True,"""exit must follow entry date""",OpenCode (assistant),2026-07-17T10:13:39Z,"Manual review confirmed check logic, source evidence, and applicable recorded/recalculated values."
STOCK_RS_PULLBACK_v1:600037.SH:2015-05-21:2015-05-22,SAME_DAY_STOP_TARGET_STOP_FIRST,Stop/target intraday priority,CRITICAL,"""time_stop_no_upside_progress""","""not_triggered""",,PASS,True,"""post-entry daily bars""",OpenCode (assistant),2026-07-17T10:13:39Z,"Manual review confirmed check logic, source evidence, and applicable recorded/recalculated values."
STOCK_RS_PULLBACK_v1:600037.SH:2015-05-21:2015-05-22,GAP_STOP_USES_EXECUTABLE_PRICE,Gap stop execution,CRITICAL,34.26,,,PASS,True,"""open price when opening below stop""",OpenCode (assistant),2026-07-17T10:13:39Z,"Manual review confirmed check logic, source evidence, and applicable recorded/recalculated values."
STOCK_RS_PULLBACK_v1:600037.SH:2015-05-21:2015-05-22,D5_EXIT_BOUNDARY,D5 time-stop boundary,CRITICAL,5,5,0.0,PASS,True,"""time_stop_no_upside_progress""",OpenCode (assistant),2026-07-17T10:13:39Z,"Manual review confirmed check logic, source evidence, and applicable recorded/recalculated values."
STOCK_RS_PULLBACK_v1:600037.SH:2015-05-21:2015-05-22,D10_EXIT_BOUNDARY,D10 max-holding boundary,CRITICAL,5,10,-5.0,PASS,True,"""time_stop_no_upside_progress""",OpenCode (assistant),2026-07-17T10:13:39Z,"Manual review confirmed check logic, source evidence, and applicable recorded/recalculated values."
STOCK_RS_PULLBACK_v1:600037.SH:2015-05-21:2015-05-22,GROSS_RETURN_RECALCULATION,Gross return,CRITICAL,-0.0141007194244604,-0.01410071942446045,5.0306980803327406e-17,PASS,True,"""round_trip_cost=0.002""",OpenCode (assistant),2026-07-17T10:13:39Z,"Manual review confirmed check logic, source evidence, and applicable recorded/recalculated values."
STOCK_RS_PULLBACK_v1:600037.SH:2015-05-21:2015-05-22,NET_RETURN_AND_COST_RECALCULATION,Net return and one cost deduction,CRITICAL,-0.0161007194244604,-0.016100719424460452,5.204170427930421e-17,PASS,True,"""round_trip_cost=0.002""",OpenCode (assistant),2026-07-17T10:13:39Z,"Manual review confirmed check logic, source evidence, and applicable recorded/recalculated values."
STOCK_RS_PULLBACK_v1:600037.SH:2015-05-21:2015-05-22,R_MULTIPLE_RECALCULATION,R multiple,CRITICAL,-0.0912476722532592,-0.0912476722532592,0.0,PASS,True,"""round_trip_cost=0.002""",OpenCode (assistant),2026-07-17T10:13:39Z,"Manual review confirmed check logic, source evidence, and applicable recorded/recalculated values."
STOCK_RS_PULLBACK_v1:600037.SH:2015-05-21:2015-05-22,PRICE_ADJUSTMENT_CONSISTENCY,Adjustment series consistency,CRITICAL,"[""qfq""]","[""qfq""]",,PASS,True,"""signal/entry/exit adj_type""",OpenCode (assistant),2026-07-17T10:13:39Z,"Manual review confirmed check logic, source evidence, and applicable recorded/recalculated values."
STOCK_RS_PULLBACK_v1:600037.SH:2015-05-21:2015-05-22,EXECUTION_REALISM,Raw execution-price realism,BLOCKING_DATA,"[""False"", false]",true,,NOT_EVALUABLE_EXECUTION_REALISM,True,"""requires raw prices and adjustment factors""",OpenCode (assistant),2026-07-17T10:13:39Z,Confirmed blocking data limitation: sampled bars are qfq-only; raw execution prices and complete adjustment factors are unavailable.
STOCK_RS_PULLBACK_v1:600037.SH:2015-05-21:2015-05-22,HISTORICAL_ST_STATUS,Historical ST status,BLOCKING_DATA,,,,NOT_EVALUABLE_MISSING_HISTORICAL_ST,True,"""provider history unavailable""",OpenCode (assistant),2026-07-17T10:13:39Z,Confirmed blocking data limitation: source lacks reliable point-in-time historical ST status.
STOCK_RS_PULLBACK_v1:600037.SH:2015-05-21:2015-05-22,LIMIT_PRICE_VERIFICATION,Board/date-specific limit price,BLOCKING_DATA,,,,NOT_EVALUABLE_LIMIT_PRICE,True,"""requires historical board/ST/listing-stage rules""",OpenCode (assistant),2026-07-17T10:13:39Z,Confirmed blocking data limitation: exact board/date/listing-stage/ST limit prices cannot be reconstructed from frozen inputs.
STOCK_RS_PULLBACK_v1:002404.SZ:2015-12-18:2015-12-21,UNIVERSE_TRADABLE_AT_SIGNAL,Signal-day universe,CRITICAL,"""002404.SZ""",true,,PASS,True,"""signal_date=2015-12-18 00:00:00""",OpenCode (assistant),2026-07-17T10:13:39Z,"Manual review confirmed check logic, source evidence, and applicable recorded/recalculated values."
STOCK_RS_PULLBACK_v1:002404.SZ:2015-12-18:2015-12-21,DATE_ORDER_VALID,Pullback/trigger/entry order,CRITICAL,"[""2015-12-14 00:00:00"", ""2015-12-18 00:00:00"", ""2015-12-21 00:00:00""]",true,,PASS,True,"""strictly increasing dates""",OpenCode (assistant),2026-07-17T10:13:39Z,"Manual review confirmed check logic, source evidence, and applicable recorded/recalculated values."
STOCK_RS_PULLBACK_v1:002404.SZ:2015-12-18:2015-12-21,NO_LOOKAHEAD_IN_INDICATORS,Prefix-only indicator reconstruction,CRITICAL,"{""benchmark_ret20"": -0.0017141888204156297, ""high_10d"": 9.65, ""ma20"": 8.327, ""ma60"": 6.698499999999999, ""ret20"": 0.173198482932996, ""vol_ma5"": 31323787.6}","{""benchmark_ret20"": -0.0017141888204156297, ""high_10d"": 9.65, ""ma20"": 8.327, ""ma60"": 6.698499999999999, ""ret20"": 0.173198482932996, ""vol_ma5"": 31323787.6}",,PASS,True,"""prefix-only rolling recomputation""",OpenCode (assistant),2026-07-17T10:13:39Z,"Manual review confirmed check logic, source evidence, and applicable recorded/recalculated values."
STOCK_RS_PULLBACK_v1:002404.SZ:2015-12-18:2015-12-21,ENTRY_IS_NEXT_TRADING_DAY_OPEN,Next trading-day open entry,CRITICAL,"[""2015-12-21"", 9.17]","[""2015-12-21 00:00:00"", 9.17]",,PASS,True,"""first stock bar after trigger""",OpenCode (assistant),2026-07-17T10:13:39Z,"Manual review confirmed check logic, source evidence, and applicable recorded/recalculated values."
STOCK_RS_PULLBACK_v1:002404.SZ:2015-12-18:2015-12-21,ENTRY_DAY_EXECUTABLE,Entry-day execution status,CRITICAL,"{""adj_factor"": null, ""adj_type"": ""qfq"", ""close"": 9.12, ""code"": ""002404.SZ"", ""date"": ""2015-12-21 00:00:00"", ""high"": 9.48, ""is_limit_down"": false, ""is_limit_up"": false, ""is_st"": false, ""is_suspended"": false, ""low"": 9.0, ""open"": 9.17, ""source"": ""tongdaxin_export"", ""volume"": 24765945}","{""executable"": true, ""expected_outcome"": ""valid trade requires executable entry""}",,PASS,True,"""suspension and limit-up flags""",OpenCode (assistant),2026-07-17T10:13:39Z,"Manual review confirmed check logic, source evidence, and applicable recorded/recalculated values."
STOCK_RS_PULLBACK_v1:002404.SZ:2015-12-18:2015-12-21,T1_NO_ENTRY_DAY_EXIT,A-share T+1,CRITICAL,"[""2015-12-21 00:00:00"", ""2015-12-25 00:00:00""]",true,,PASS,True,"""exit must follow entry date""",OpenCode (assistant),2026-07-17T10:13:39Z,"Manual review confirmed check logic, source evidence, and applicable recorded/recalculated values."
STOCK_RS_PULLBACK_v1:002404.SZ:2015-12-18:2015-12-21,SAME_DAY_STOP_TARGET_STOP_FIRST,Stop/target intraday priority,CRITICAL,"""time_stop_no_upside_progress""","""not_triggered""",,PASS,True,"""post-entry daily bars""",OpenCode (assistant),2026-07-17T10:13:39Z,"Manual review confirmed check logic, source evidence, and applicable recorded/recalculated values."
STOCK_RS_PULLBACK_v1:002404.SZ:2015-12-18:2015-12-21,GAP_STOP_USES_EXECUTABLE_PRICE,Gap stop execution,CRITICAL,8.72,,,PASS,True,"""open price when opening below stop""",OpenCode (assistant),2026-07-17T10:13:39Z,"Manual review confirmed check logic, source evidence, and applicable recorded/recalculated values."
STOCK_RS_PULLBACK_v1:002404.SZ:2015-12-18:2015-12-21,D5_EXIT_BOUNDARY,D5 time-stop boundary,CRITICAL,5,5,0.0,PASS,True,"""time_stop_no_upside_progress""",OpenCode (assistant),2026-07-17T10:13:39Z,"Manual review confirmed check logic, source evidence, and applicable recorded/recalculated values."
STOCK_RS_PULLBACK_v1:002404.SZ:2015-12-18:2015-12-21,D10_EXIT_BOUNDARY,D10 max-holding boundary,CRITICAL,5,10,-5.0,PASS,True,"""time_stop_no_upside_progress""",OpenCode (assistant),2026-07-17T10:13:39Z,"Manual review confirmed check logic, source evidence, and applicable recorded/recalculated values."
STOCK_RS_PULLBACK_v1:002404.SZ:2015-12-18:2015-12-21,GROSS_RETURN_RECALCULATION,Gross return,CRITICAL,-0.0490730643402398,-0.049073064340239836,3.4694469519536136e-17,PASS,True,"""round_trip_cost=0.002""",OpenCode (assistant),2026-07-17T10:13:39Z,"Manual review confirmed check logic, source evidence, and applicable recorded/recalculated values."
STOCK_RS_PULLBACK_v1:002404.SZ:2015-12-18:2015-12-21,NET_RETURN_AND_COST_RECALCULATION,Net return and one cost deduction,CRITICAL,-0.0510730643402398,-0.05107306434023984,3.4694469519536136e-17,PASS,True,"""round_trip_cost=0.002""",OpenCode (assistant),2026-07-17T10:13:39Z,"Manual review confirmed check logic, source evidence, and applicable recorded/recalculated values."
STOCK_RS_PULLBACK_v1:002404.SZ:2015-12-18:2015-12-21,R_MULTIPLE_RECALCULATION,R multiple,CRITICAL,-0.6923076923076908,-0.6923076923076908,0.0,PASS,True,"""round_trip_cost=0.002""",OpenCode (assistant),2026-07-17T10:13:39Z,"Manual review confirmed check logic, source evidence, and applicable recorded/recalculated values."
STOCK_RS_PULLBACK_v1:002404.SZ:2015-12-18:2015-12-21,PRICE_ADJUSTMENT_CONSISTENCY,Adjustment series consistency,CRITICAL,"[""qfq""]","[""qfq""]",,PASS,True,"""signal/entry/exit adj_type""",OpenCode (assistant),2026-07-17T10:13:39Z,"Manual review confirmed check logic, source evidence, and applicable recorded/recalculated values."
STOCK_RS_PULLBACK_v1:002404.SZ:2015-12-18:2015-12-21,EXECUTION_REALISM,Raw execution-price realism,BLOCKING_DATA,"[""False"", false]",true,,NOT_EVALUABLE_EXECUTION_REALISM,True,"""requires raw prices and adjustment factors""",OpenCode (assistant),2026-07-17T10:13:39Z,Confirmed blocking data limitation: sampled bars are qfq-only; raw execution prices and complete adjustment factors are unavailable.
STOCK_RS_PULLBACK_v1:002404.SZ:2015-12-18:2015-12-21,HISTORICAL_ST_STATUS,Historical ST status,BLOCKING_DATA,,,,NOT_EVALUABLE_MISSING_HISTORICAL_ST,True,"""provider history unavailable""",OpenCode (assistant),2026-07-17T10:13:39Z,Confirmed blocking data limitation: source lacks reliable point-in-time historical ST status.
STOCK_RS_PULLBACK_v1:002404.SZ:2015-12-18:2015-12-21,LIMIT_PRICE_VERIFICATION,Board/date-specific limit price,BLOCKING_DATA,,,,NOT_EVALUABLE_LIMIT_PRICE,True,"""requires historical board/ST/listing-stage rules""",OpenCode (assistant),2026-07-17T10:13:39Z,Confirmed blocking data limitation: exact board/date/listing-stage/ST limit prices cannot be reconstructed from frozen inputs.
STOCK_RS_PULLBACK_v1:002564.SZ:2015-11-20:2015-11-23,UNIVERSE_TRADABLE_AT_SIGNAL,Signal-day universe,CRITICAL,"""002564.SZ""",true,,PASS,True,"""signal_date=2015-11-20 00:00:00""",OpenCode (assistant),2026-07-17T10:13:39Z,"Manual review confirmed check logic, source evidence, and applicable recorded/recalculated values."
STOCK_RS_PULLBACK_v1:002564.SZ:2015-11-20:2015-11-23,DATE_ORDER_VALID,Pullback/trigger/entry order,CRITICAL,"[""2015-11-18 00:00:00"", ""2015-11-20 00:00:00"", ""2015-11-23 00:00:00""]",true,,PASS,True,"""strictly increasing dates""",OpenCode (assistant),2026-07-17T10:13:39Z,"Manual review confirmed check logic, source evidence, and applicable recorded/recalculated values."
STOCK_RS_PULLBACK_v1:002564.SZ:2015-11-20:2015-11-23,NO_LOOKAHEAD_IN_INDICATORS,Prefix-only indicator reconstruction,CRITICAL,"{""benchmark_ret20"": 0.05688220338033867, ""high_10d"": 10.46, ""ma20"": 9.338, ""ma60"": 8.465666666666667, ""ret20"": 0.18815331010452985, ""vol_ma5"": 32007282.0}","{""benchmark_ret20"": 0.05688220338033867, ""high_10d"": 10.46, ""ma20"": 9.338, ""ma60"": 8.465666666666666, ""ret20"": 0.18815331010452985, ""vol_ma5"": 32007282.0}",,PASS,True,"""prefix-only rolling recomputation""",OpenCode (assistant),2026-07-17T10:13:39Z,"Manual review confirmed check logic, source evidence, and applicable recorded/recalculated values."
STOCK_RS_PULLBACK_v1:002564.SZ:2015-11-20:2015-11-23,ENTRY_IS_NEXT_TRADING_DAY_OPEN,Next trading-day open entry,CRITICAL,"[""2015-11-23"", 10.19]","[""2015-11-23 00:00:00"", 10.19]",,PASS,True,"""first stock bar after trigger""",OpenCode (assistant),2026-07-17T10:13:39Z,"Manual review confirmed check logic, source evidence, and applicable recorded/recalculated values."
STOCK_RS_PULLBACK_v1:002564.SZ:2015-11-20:2015-11-23,ENTRY_DAY_EXECUTABLE,Entry-day execution status,CRITICAL,"{""adj_factor"": null, ""adj_type"": ""qfq"", ""close"": 9.9, ""code"": ""002564.SZ"", ""date"": ""2015-11-23 00:00:00"", ""high"": 10.23, ""is_limit_down"": false, ""is_limit_up"": false, ""is_st"": false, ""is_suspended"": false, ""low"": 9.84, ""open"": 10.19, ""source"": ""tongdaxin_export"", ""volume"": 39613625}","{""executable"": true, ""expected_outcome"": ""valid trade requires executable entry""}",,PASS,True,"""suspension and limit-up flags""",OpenCode (assistant),2026-07-17T10:13:39Z,"Manual review confirmed check logic, source evidence, and applicable recorded/recalculated values."
STOCK_RS_PULLBACK_v1:002564.SZ:2015-11-20:2015-11-23,T1_NO_ENTRY_DAY_EXIT,A-share T+1,CRITICAL,"[""2015-11-23 00:00:00"", ""2015-12-04 00:00:00""]",true,,PASS,True,"""exit must follow entry date""",OpenCode (assistant),2026-07-17T10:13:39Z,"Manual review confirmed check logic, source evidence, and applicable recorded/recalculated values."
STOCK_RS_PULLBACK_v1:002564.SZ:2015-11-20:2015-11-23,SAME_DAY_STOP_TARGET_STOP_FIRST,Stop/target intraday priority,CRITICAL,"""max_holding_exit""","""not_triggered""",,PASS,True,"""post-entry daily bars""",OpenCode (assistant),2026-07-17T10:13:39Z,"Manual review confirmed check logic, source evidence, and applicable recorded/recalculated values."
STOCK_RS_PULLBACK_v1:002564.SZ:2015-11-20:2015-11-23,GAP_STOP_USES_EXECUTABLE_PRICE,Gap stop execution,CRITICAL,11.41,,,PASS,True,"""open price when opening below stop""",OpenCode (assistant),2026-07-17T10:13:39Z,"Manual review confirmed check logic, source evidence, and applicable recorded/recalculated values."
STOCK_RS_PULLBACK_v1:002564.SZ:2015-11-20:2015-11-23,D5_EXIT_BOUNDARY,D5 time-stop boundary,CRITICAL,10,5,5.0,PASS,True,"""max_holding_exit""",OpenCode (assistant),2026-07-17T10:13:39Z,"Manual review confirmed check logic, source evidence, and applicable recorded/recalculated values."
STOCK_RS_PULLBACK_v1:002564.SZ:2015-11-20:2015-11-23,D10_EXIT_BOUNDARY,D10 max-holding boundary,CRITICAL,10,10,0.0,PASS,True,"""max_holding_exit""",OpenCode (assistant),2026-07-17T10:13:39Z,"Manual review confirmed check logic, source evidence, and applicable recorded/recalculated values."
STOCK_RS_PULLBACK_v1:002564.SZ:2015-11-20:2015-11-23,GROSS_RETURN_RECALCULATION,Gross return,CRITICAL,0.1197252208047106,0.1197252208047106,0.0,PASS,True,"""round_trip_cost=0.002""",OpenCode (assistant),2026-07-17T10:13:39Z,"Manual review confirmed check logic, source evidence, and applicable recorded/recalculated values."
STOCK_RS_PULLBACK_v1:002564.SZ:2015-11-20:2015-11-23,NET_RETURN_AND_COST_RECALCULATION,Net return and one cost deduction,CRITICAL,0.1177252208047106,0.1177252208047106,0.0,PASS,True,"""round_trip_cost=0.002""",OpenCode (assistant),2026-07-17T10:13:39Z,"Manual review confirmed check logic, source evidence, and applicable recorded/recalculated values."
STOCK_RS_PULLBACK_v1:002564.SZ:2015-11-20:2015-11-23,R_MULTIPLE_RECALCULATION,R multiple,CRITICAL,1.386363636363639,1.3863636363636387,2.220446049250313e-16,PASS,True,"""round_trip_cost=0.002""",OpenCode (assistant),2026-07-17T10:13:39Z,"Manual review confirmed check logic, source evidence, and applicable recorded/recalculated values."
STOCK_RS_PULLBACK_v1:002564.SZ:2015-11-20:2015-11-23,PRICE_ADJUSTMENT_CONSISTENCY,Adjustment series consistency,CRITICAL,"[""qfq""]","[""qfq""]",,PASS,True,"""signal/entry/exit adj_type""",OpenCode (assistant),2026-07-17T10:13:39Z,"Manual review confirmed check logic, source evidence, and applicable recorded/recalculated values."
STOCK_RS_PULLBACK_v1:002564.SZ:2015-11-20:2015-11-23,EXECUTION_REALISM,Raw execution-price realism,BLOCKING_DATA,"[""False"", false]",true,,NOT_EVALUABLE_EXECUTION_REALISM,True,"""requires raw prices and adjustment factors""",OpenCode (assistant),2026-07-17T10:13:39Z,Confirmed blocking data limitation: sampled bars are qfq-only; raw execution prices and complete adjustment factors are unavailable.
STOCK_RS_PULLBACK_v1:002564.SZ:2015-11-20:2015-11-23,HISTORICAL_ST_STATUS,Historical ST status,BLOCKING_DATA,,,,NOT_EVALUABLE_MISSING_HISTORICAL_ST,True,"""provider history unavailable""",OpenCode (assistant),2026-07-17T10:13:39Z,Confirmed blocking data limitation: source lacks reliable point-in-time historical ST status.
STOCK_RS_PULLBACK_v1:002564.SZ:2015-11-20:2015-11-23,LIMIT_PRICE_VERIFICATION,Board/date-specific limit price,BLOCKING_DATA,,,,NOT_EVALUABLE_LIMIT_PRICE,True,"""requires historical board/ST/listing-stage rules""",OpenCode (assistant),2026-07-17T10:13:39Z,Confirmed blocking data limitation: exact board/date/listing-stage/ST limit prices cannot be reconstructed from frozen inputs.
STOCK_RS_PULLBACK_v1:000519.SZ:2019-08-30:2019-09-02,UNIVERSE_TRADABLE_AT_SIGNAL,Signal-day universe,CRITICAL,"""000519.SZ""",true,,PASS,True,"""signal_date=2019-08-30 00:00:00""",OpenCode (assistant),2026-07-17T10:13:39Z,"Manual review confirmed check logic, source evidence, and applicable recorded/recalculated values."
STOCK_RS_PULLBACK_v1:000519.SZ:2019-08-30:2019-09-02,DATE_ORDER_VALID,Pullback/trigger/entry order,CRITICAL,"[""2019-08-29 00:00:00"", ""2019-08-30 00:00:00"", ""2019-09-02 00:00:00""]",true,,PASS,True,"""strictly increasing dates""",OpenCode (assistant),2026-07-17T10:13:39Z,"Manual review confirmed check logic, source evidence, and applicable recorded/recalculated values."
STOCK_RS_PULLBACK_v1:000519.SZ:2019-08-30:2019-09-02,NO_LOOKAHEAD_IN_INDICATORS,Prefix-only indicator reconstruction,CRITICAL,"{""benchmark_ret20"": 0.013916166769848193, ""high_10d"": 10.13, ""ma20"": 7.958, ""ma60"": 7.708, ""ret20"": 0.31836734693877555, ""vol_ma5"": 113303010.4}","{""benchmark_ret20"": 0.013916166769848193, ""high_10d"": 10.13, ""ma20"": 7.958, ""ma60"": 7.708, ""ret20"": 0.31836734693877555, ""vol_ma5"": 113303010.4}",,PASS,True,"""prefix-only rolling recomputation""",OpenCode (assistant),2026-07-17T10:13:39Z,"Manual review confirmed check logic, source evidence, and applicable recorded/recalculated values."
STOCK_RS_PULLBACK_v1:000519.SZ:2019-08-30:2019-09-02,ENTRY_IS_NEXT_TRADING_DAY_OPEN,Next trading-day open entry,CRITICAL,"[""2019-09-02"", 9.63]","[""2019-09-02 00:00:00"", 9.63]",,PASS,True,"""first stock bar after trigger""",OpenCode (assistant),2026-07-17T10:13:39Z,"Manual review confirmed check logic, source evidence, and applicable recorded/recalculated values."
STOCK_RS_PULLBACK_v1:000519.SZ:2019-08-30:2019-09-02,ENTRY_DAY_EXECUTABLE,Entry-day execution status,CRITICAL,"{""adj_factor"": null, ""adj_type"": ""qfq"", ""close"": 10.07, ""code"": ""000519.SZ"", ""date"": ""2019-09-02 00:00:00"", ""high"": 10.55, ""is_limit_down"": false, ""is_limit_up"": false, ""is_st"": false, ""is_suspended"": false, ""low"": 9.56, ""open"": 9.63, ""source"": ""tongdaxin_export"", ""volume"": 131301807}","{""executable"": true, ""expected_outcome"": ""valid trade requires executable entry""}",,PASS,True,"""suspension and limit-up flags""",OpenCode (assistant),2026-07-17T10:13:39Z,"Manual review confirmed check logic, source evidence, and applicable recorded/recalculated values."
STOCK_RS_PULLBACK_v1:000519.SZ:2019-08-30:2019-09-02,T1_NO_ENTRY_DAY_EXIT,A-share T+1,CRITICAL,"[""2019-09-02 00:00:00"", ""2019-09-16 00:00:00""]",true,,PASS,True,"""exit must follow entry date""",OpenCode (assistant),2026-07-17T10:13:39Z,"Manual review confirmed check logic, source evidence, and applicable recorded/recalculated values."
STOCK_RS_PULLBACK_v1:000519.SZ:2019-08-30:2019-09-02,SAME_DAY_STOP_TARGET_STOP_FIRST,Stop/target intraday priority,CRITICAL,"""max_holding_exit""","""not_triggered""",,PASS,True,"""post-entry daily bars""",OpenCode (assistant),2026-07-17T10:13:39Z,"Manual review confirmed check logic, source evidence, and applicable recorded/recalculated values."
STOCK_RS_PULLBACK_v1:000519.SZ:2019-08-30:2019-09-02,GAP_STOP_USES_EXECUTABLE_PRICE,Gap stop execution,CRITICAL,9.67,,,PASS,True,"""open price when opening below stop""",OpenCode (assistant),2026-07-17T10:13:39Z,"Manual review confirmed check logic, source evidence, and applicable recorded/recalculated values."
STOCK_RS_PULLBACK_v1:000519.SZ:2019-08-30:2019-09-02,D5_EXIT_BOUNDARY,D5 time-stop boundary,CRITICAL,10,5,5.0,PASS,True,"""max_holding_exit""",OpenCode (assistant),2026-07-17T10:13:39Z,"Manual review confirmed check logic, source evidence, and applicable recorded/recalculated values."
STOCK_RS_PULLBACK_v1:000519.SZ:2019-08-30:2019-09-02,D10_EXIT_BOUNDARY,D10 max-holding boundary,CRITICAL,10,10,0.0,PASS,True,"""max_holding_exit""",OpenCode (assistant),2026-07-17T10:13:39Z,"Manual review confirmed check logic, source evidence, and applicable recorded/recalculated values."
STOCK_RS_PULLBACK_v1:000519.SZ:2019-08-30:2019-09-02,GROSS_RETURN_RECALCULATION,Gross return,CRITICAL,0.0041536863966769,0.004153686396676903,-3.469446951953614e-18,PASS,True,"""round_trip_cost=0.002""",OpenCode (assistant),2026-07-17T10:13:39Z,"Manual review confirmed check logic, source evidence, and applicable recorded/recalculated values."
STOCK_RS_PULLBACK_v1:000519.SZ:2019-08-30:2019-09-02,NET_RETURN_AND_COST_RECALCULATION,Net return and one cost deduction,CRITICAL,0.0021536863966769,0.0021536863966769033,-3.469446951953614e-18,PASS,True,"""round_trip_cost=0.002""",OpenCode (assistant),2026-07-17T10:13:39Z,"Manual review confirmed check logic, source evidence, and applicable recorded/recalculated values."
STOCK_RS_PULLBACK_v1:000519.SZ:2019-08-30:2019-09-02,R_MULTIPLE_RECALCULATION,R multiple,CRITICAL,0.0689655172413778,0.06896551724137784,-4.163336342344337e-17,PASS,True,"""round_trip_cost=0.002""",OpenCode (assistant),2026-07-17T10:13:39Z,"Manual review confirmed check logic, source evidence, and applicable recorded/recalculated values."
STOCK_RS_PULLBACK_v1:000519.SZ:2019-08-30:2019-09-02,PRICE_ADJUSTMENT_CONSISTENCY,Adjustment series consistency,CRITICAL,"[""qfq""]","[""qfq""]",,PASS,True,"""signal/entry/exit adj_type""",OpenCode (assistant),2026-07-17T10:13:39Z,"Manual review confirmed check logic, source evidence, and applicable recorded/recalculated values."
STOCK_RS_PULLBACK_v1:000519.SZ:2019-08-30:2019-09-02,EXECUTION_REALISM,Raw execution-price realism,BLOCKING_DATA,"[""False"", false]",true,,NOT_EVALUABLE_EXECUTION_REALISM,True,"""requires raw prices and adjustment factors""",OpenCode (assistant),2026-07-17T10:13:39Z,Confirmed blocking data limitation: sampled bars are qfq-only; raw execution prices and complete adjustment factors are unavailable.
STOCK_RS_PULLBACK_v1:000519.SZ:2019-08-30:2019-09-02,HISTORICAL_ST_STATUS,Historical ST status,BLOCKING_DATA,,,,NOT_EVALUABLE_MISSING_HISTORICAL_ST,True,"""provider history unavailable""",OpenCode (assistant),2026-07-17T10:13:39Z,Confirmed blocking data limitation: source lacks reliable point-in-time historical ST status.
STOCK_RS_PULLBACK_v1:000519.SZ:2019-08-30:2019-09-02,LIMIT_PRICE_VERIFICATION,Board/date-specific limit price,BLOCKING_DATA,,,,NOT_EVALUABLE_LIMIT_PRICE,True,"""requires historical board/ST/listing-stage rules""",OpenCode (assistant),2026-07-17T10:13:39Z,Confirmed blocking data limitation: exact board/date/listing-stage/ST limit prices cannot be reconstructed from frozen inputs.
STOCK_RS_PULLBACK_v1:000060.SZ:2007-02-15:2007-02-16,UNIVERSE_TRADABLE_AT_SIGNAL,Signal-day universe,CRITICAL,"""000060.SZ""",true,,PASS,True,"""signal_date=2007-02-15 00:00:00""",OpenCode (assistant),2026-07-17T10:13:39Z,"Manual review confirmed check logic, source evidence, and applicable recorded/recalculated values."
STOCK_RS_PULLBACK_v1:000060.SZ:2007-02-15:2007-02-16,DATE_ORDER_VALID,Pullback/trigger/entry order,CRITICAL,"[""2007-02-13 00:00:00"", ""2007-02-15 00:00:00"", ""2007-02-16 00:00:00""]",true,,PASS,True,"""strictly increasing dates""",OpenCode (assistant),2026-07-17T10:13:39Z,"Manual review confirmed check logic, source evidence, and applicable recorded/recalculated values."
STOCK_RS_PULLBACK_v1:000060.SZ:2007-02-15:2007-02-16,NO_LOOKAHEAD_IN_INDICATORS,Prefix-only indicator reconstruction,CRITICAL,"{""benchmark_ret20"": 0.15171616121946063, ""high_10d"": 3.93, ""ma20"": 3.4239999999999995, ""ma60"": 2.853666666666667, ""ret20"": 0.4464944649446494, ""vol_ma5"": 13286498.8}","{""benchmark_ret20"": 0.15171616121946063, ""high_10d"": 3.93, ""ma20"": 3.4239999999999995, ""ma60"": 2.853666666666667, ""ret20"": 0.4464944649446494, ""vol_ma5"": 13286498.8}",,PASS,True,"""prefix-only rolling recomputation""",OpenCode (assistant),2026-07-17T10:13:39Z,"Manual review confirmed check logic, source evidence, and applicable recorded/recalculated values."
STOCK_RS_PULLBACK_v1:000060.SZ:2007-02-15:2007-02-16,ENTRY_IS_NEXT_TRADING_DAY_OPEN,Next trading-day open entry,CRITICAL,"[""2007-02-16"", 3.96]","[""2007-02-16 00:00:00"", 3.96]",,PASS,True,"""first stock bar after trigger""",OpenCode (assistant),2026-07-17T10:13:39Z,"Manual review confirmed check logic, source evidence, and applicable recorded/recalculated values."
STOCK_RS_PULLBACK_v1:000060.SZ:2007-02-15:2007-02-16,ENTRY_DAY_EXECUTABLE,Entry-day execution status,CRITICAL,"{""adj_factor"": null, ""adj_type"": ""qfq"", ""close"": 4.09, ""code"": ""000060.SZ"", ""date"": ""2007-02-16 00:00:00"", ""high"": 4.15, ""is_limit_down"": false, ""is_limit_up"": false, ""is_st"": false, ""is_suspended"": false, ""low"": 3.96, ""open"": 3.96, ""source"": ""tongdaxin_export"", ""volume"": 18072594}","{""executable"": true, ""expected_outcome"": ""valid trade requires executable entry""}",,PASS,True,"""suspension and limit-up flags""",OpenCode (assistant),2026-07-17T10:13:39Z,"Manual review confirmed check logic, source evidence, and applicable recorded/recalculated values."
STOCK_RS_PULLBACK_v1:000060.SZ:2007-02-15:2007-02-16,T1_NO_ENTRY_DAY_EXIT,A-share T+1,CRITICAL,"[""2007-02-16 00:00:00"", ""2007-03-08 00:00:00""]",true,,PASS,True,"""exit must follow entry date""",OpenCode (assistant),2026-07-17T10:13:39Z,"Manual review confirmed check logic, source evidence, and applicable recorded/recalculated values."
STOCK_RS_PULLBACK_v1:000060.SZ:2007-02-15:2007-02-16,SAME_DAY_STOP_TARGET_STOP_FIRST,Stop/target intraday priority,CRITICAL,"""max_holding_exit""","""not_triggered""",,PASS,True,"""post-entry daily bars""",OpenCode (assistant),2026-07-17T10:13:39Z,"Manual review confirmed check logic, source evidence, and applicable recorded/recalculated values."
STOCK_RS_PULLBACK_v1:000060.SZ:2007-02-15:2007-02-16,GAP_STOP_USES_EXECUTABLE_PRICE,Gap stop execution,CRITICAL,4.2,,,PASS,True,"""open price when opening below stop""",OpenCode (assistant),2026-07-17T10:13:39Z,"Manual review confirmed check logic, source evidence, and applicable recorded/recalculated values."
STOCK_RS_PULLBACK_v1:000060.SZ:2007-02-15:2007-02-16,D5_EXIT_BOUNDARY,D5 time-stop boundary,CRITICAL,10,5,5.0,PASS,True,"""max_holding_exit""",OpenCode (assistant),2026-07-17T10:13:39Z,"Manual review confirmed check logic, source evidence, and applicable recorded/recalculated values."
STOCK_RS_PULLBACK_v1:000060.SZ:2007-02-15:2007-02-16,D10_EXIT_BOUNDARY,D10 max-holding boundary,CRITICAL,10,10,0.0,PASS,True,"""max_holding_exit""",OpenCode (assistant),2026-07-17T10:13:39Z,"Manual review confirmed check logic, source evidence, and applicable recorded/recalculated values."
STOCK_RS_PULLBACK_v1:000060.SZ:2007-02-15:2007-02-16,GROSS_RETURN_RECALCULATION,Gross return,CRITICAL,0.0606060606060605,0.06060606060606055,-5.551115123125783e-17,PASS,True,"""round_trip_cost=0.002""",OpenCode (assistant),2026-07-17T10:13:39Z,"Manual review confirmed check logic, source evidence, and applicable recorded/recalculated values."
STOCK_RS_PULLBACK_v1:000060.SZ:2007-02-15:2007-02-16,NET_RETURN_AND_COST_RECALCULATION,Net return and one cost deduction,CRITICAL,0.0586060606060605,0.05860606060606055,-4.857225732735061e-17,PASS,True,"""round_trip_cost=0.002""",OpenCode (assistant),2026-07-17T10:13:39Z,"Manual review confirmed check logic, source evidence, and applicable recorded/recalculated values."
STOCK_RS_PULLBACK_v1:000060.SZ:2007-02-15:2007-02-16,R_MULTIPLE_RECALCULATION,R multiple,CRITICAL,0.5853658536585369,0.5853658536585369,0.0,PASS,True,"""round_trip_cost=0.002""",OpenCode (assistant),2026-07-17T10:13:39Z,"Manual review confirmed check logic, source evidence, and applicable recorded/recalculated values."
STOCK_RS_PULLBACK_v1:000060.SZ:2007-02-15:2007-02-16,PRICE_ADJUSTMENT_CONSISTENCY,Adjustment series consistency,CRITICAL,"[""qfq""]","[""qfq""]",,PASS,True,"""signal/entry/exit adj_type""",OpenCode (assistant),2026-07-17T10:13:39Z,"Manual review confirmed check logic, source evidence, and applicable recorded/recalculated values."
STOCK_RS_PULLBACK_v1:000060.SZ:2007-02-15:2007-02-16,EXECUTION_REALISM,Raw execution-price realism,BLOCKING_DATA,"[""False"", false]",true,,NOT_EVALUABLE_EXECUTION_REALISM,True,"""requires raw prices and adjustment factors""",OpenCode (assistant),2026-07-17T10:13:39Z,Confirmed blocking data limitation: sampled bars are qfq-only; raw execution prices and complete adjustment factors are unavailable.
STOCK_RS_PULLBACK_v1:000060.SZ:2007-02-15:2007-02-16,HISTORICAL_ST_STATUS,Historical ST status,BLOCKING_DATA,,,,NOT_EVALUABLE_MISSING_HISTORICAL_ST,True,"""provider history unavailable""",OpenCode (assistant),2026-07-17T10:13:39Z,Confirmed blocking data limitation: source lacks reliable point-in-time historical ST status.
STOCK_RS_PULLBACK_v1:000060.SZ:2007-02-15:2007-02-16,LIMIT_PRICE_VERIFICATION,Board/date-specific limit price,BLOCKING_DATA,,,,NOT_EVALUABLE_LIMIT_PRICE,True,"""requires historical board/ST/listing-stage rules""",OpenCode (assistant),2026-07-17T10:13:39Z,Confirmed blocking data limitation: exact board/date/listing-stage/ST limit prices cannot be reconstructed from frozen inputs.
STOCK_RS_PULLBACK_v1:002283.SZ:2020-07-30:2020-07-31,UNIVERSE_TRADABLE_AT_SIGNAL,Signal-day universe,CRITICAL,"""002283.SZ""",true,,PASS,True,"""signal_date=2020-07-30 00:00:00""",OpenCode (assistant),2026-07-17T10:13:39Z,"Manual review confirmed check logic, source evidence, and applicable recorded/recalculated values."
STOCK_RS_PULLBACK_v1:002283.SZ:2020-07-30:2020-07-31,DATE_ORDER_VALID,Pullback/trigger/entry order,CRITICAL,"[""2020-07-29 00:00:00"", ""2020-07-30 00:00:00"", ""2020-07-31 00:00:00""]",true,,PASS,True,"""strictly increasing dates""",OpenCode (assistant),2026-07-17T10:13:39Z,"Manual review confirmed check logic, source evidence, and applicable recorded/recalculated values."
STOCK_RS_PULLBACK_v1:002283.SZ:2020-07-30:2020-07-31,NO_LOOKAHEAD_IN_INDICATORS,Prefix-only indicator reconstruction,CRITICAL,"{""benchmark_ret20"": 0.07387495848555292, ""high_10d"": 6.51, ""ma20"": 4.923500000000001, ""ma60"": 3.942833333333333, ""ret20"": 0.7570621468926553, ""vol_ma5"": 63738300.0}","{""benchmark_ret20"": 0.07387495848555292, ""high_10d"": 6.51, ""ma20"": 4.9235, ""ma60"": 3.942833333333333, ""ret20"": 0.7570621468926553, ""vol_ma5"": 63738300.0}",,PASS,True,"""prefix-only rolling recomputation""",OpenCode (assistant),2026-07-17T10:13:39Z,"Manual review confirmed check logic, source evidence, and applicable recorded/recalculated values."
STOCK_RS_PULLBACK_v1:002283.SZ:2020-07-30:2020-07-31,ENTRY_IS_NEXT_TRADING_DAY_OPEN,Next trading-day open entry,CRITICAL,"[""2020-07-31"", 6.03]","[""2020-07-31 00:00:00"", 6.03]",,PASS,True,"""first stock bar after trigger""",OpenCode (assistant),2026-07-17T10:13:39Z,"Manual review confirmed check logic, source evidence, and applicable recorded/recalculated values."
STOCK_RS_PULLBACK_v1:002283.SZ:2020-07-30:2020-07-31,ENTRY_DAY_EXECUTABLE,Entry-day execution status,CRITICAL,"{""adj_factor"": null, ""adj_type"": ""qfq"", ""close"": 6.61, ""code"": ""002283.SZ"", ""date"": ""2020-07-31 00:00:00"", ""high"": 6.75, ""is_limit_down"": false, ""is_limit_up"": false, ""is_st"": false, ""is_suspended"": false, ""low"": 5.95, ""open"": 6.03, ""source"": ""tongdaxin_export"", ""volume"": 74567456}","{""executable"": true, ""expected_outcome"": ""valid trade requires executable entry""}",,PASS,True,"""suspension and limit-up flags""",OpenCode (assistant),2026-07-17T10:13:39Z,"Manual review confirmed check logic, source evidence, and applicable recorded/recalculated values."
STOCK_RS_PULLBACK_v1:002283.SZ:2020-07-30:2020-07-31,T1_NO_ENTRY_DAY_EXIT,A-share T+1,CRITICAL,"[""2020-07-31 00:00:00"", ""2020-08-13 00:00:00""]",true,,PASS,True,"""exit must follow entry date""",OpenCode (assistant),2026-07-17T10:13:39Z,"Manual review confirmed check logic, source evidence, and applicable recorded/recalculated values."
STOCK_RS_PULLBACK_v1:002283.SZ:2020-07-30:2020-07-31,SAME_DAY_STOP_TARGET_STOP_FIRST,Stop/target intraday priority,CRITICAL,"""max_holding_exit""","""not_triggered""",,PASS,True,"""post-entry daily bars""",OpenCode (assistant),2026-07-17T10:13:39Z,"Manual review confirmed check logic, source evidence, and applicable recorded/recalculated values."
STOCK_RS_PULLBACK_v1:002283.SZ:2020-07-30:2020-07-31,GAP_STOP_USES_EXECUTABLE_PRICE,Gap stop execution,CRITICAL,6.2,,,PASS,True,"""open price when opening below stop""",OpenCode (assistant),2026-07-17T10:13:39Z,"Manual review confirmed check logic, source evidence, and applicable recorded/recalculated values."
STOCK_RS_PULLBACK_v1:002283.SZ:2020-07-30:2020-07-31,D5_EXIT_BOUNDARY,D5 time-stop boundary,CRITICAL,10,5,5.0,PASS,True,"""max_holding_exit""",OpenCode (assistant),2026-07-17T10:13:39Z,"Manual review confirmed check logic, source evidence, and applicable recorded/recalculated values."
STOCK_RS_PULLBACK_v1:002283.SZ:2020-07-30:2020-07-31,D10_EXIT_BOUNDARY,D10 max-holding boundary,CRITICAL,10,10,0.0,PASS,True,"""max_holding_exit""",OpenCode (assistant),2026-07-17T10:13:39Z,"Manual review confirmed check logic, source evidence, and applicable recorded/recalculated values."
STOCK_RS_PULLBACK_v1:002283.SZ:2020-07-30:2020-07-31,GROSS_RETURN_RECALCULATION,Gross return,CRITICAL,0.0281923714759535,0.028192371475953548,-4.857225732735061e-17,PASS,True,"""round_trip_cost=0.002""",OpenCode (assistant),2026-07-17T10:13:39Z,"Manual review confirmed check logic, source evidence, and applicable recorded/recalculated values."
STOCK_RS_PULLBACK_v1:002283.SZ:2020-07-30:2020-07-31,NET_RETURN_AND_COST_RECALCULATION,Net return and one cost deduction,CRITICAL,0.0261923714759535,0.026192371475953546,-4.510281037539698e-17,PASS,True,"""round_trip_cost=0.002""",OpenCode (assistant),2026-07-17T10:13:39Z,"Manual review confirmed check logic, source evidence, and applicable recorded/recalculated values."
STOCK_RS_PULLBACK_v1:002283.SZ:2020-07-30:2020-07-31,R_MULTIPLE_RECALCULATION,R multiple,CRITICAL,0.3333333333333327,0.33333333333333276,-5.551115123125783e-17,PASS,True,"""round_trip_cost=0.002""",OpenCode (assistant),2026-07-17T10:13:39Z,"Manual review confirmed check logic, source evidence, and applicable recorded/recalculated values."
STOCK_RS_PULLBACK_v1:002283.SZ:2020-07-30:2020-07-31,PRICE_ADJUSTMENT_CONSISTENCY,Adjustment series consistency,CRITICAL,"[""qfq""]","[""qfq""]",,PASS,True,"""signal/entry/exit adj_type""",OpenCode (assistant),2026-07-17T10:13:39Z,"Manual review confirmed check logic, source evidence, and applicable recorded/recalculated values."
STOCK_RS_PULLBACK_v1:002283.SZ:2020-07-30:2020-07-31,EXECUTION_REALISM,Raw execution-price realism,BLOCKING_DATA,"[""False"", false]",true,,NOT_EVALUABLE_EXECUTION_REALISM,True,"""requires raw prices and adjustment factors""",OpenCode (assistant),2026-07-17T10:13:39Z,Confirmed blocking data limitation: sampled bars are qfq-only; raw execution prices and complete adjustment factors are unavailable.
STOCK_RS_PULLBACK_v1:002283.SZ:2020-07-30:2020-07-31,HISTORICAL_ST_STATUS,Historical ST status,BLOCKING_DATA,,,,NOT_EVALUABLE_MISSING_HISTORICAL_ST,True,"""provider history unavailable""",OpenCode (assistant),2026-07-17T10:13:39Z,Confirmed blocking data limitation: source lacks reliable point-in-time historical ST status.
STOCK_RS_PULLBACK_v1:002283.SZ:2020-07-30:2020-07-31,LIMIT_PRICE_VERIFICATION,Board/date-specific limit price,BLOCKING_DATA,,,,NOT_EVALUABLE_LIMIT_PRICE,True,"""requires historical board/ST/listing-stage rules""",OpenCode (assistant),2026-07-17T10:13:39Z,Confirmed blocking data limitation: exact board/date/listing-stage/ST limit prices cannot be reconstructed from frozen inputs.
STOCK_RS_PULLBACK_v1:600550.SH:2009-04-09:2009-04-10,UNIVERSE_TRADABLE_AT_SIGNAL,Signal-day universe,CRITICAL,"""600550.SH""",true,,PASS,True,"""signal_date=2009-04-09 00:00:00""",OpenCode (assistant),2026-07-17T10:13:39Z,"Manual review confirmed check logic, source evidence, and applicable recorded/recalculated values."
STOCK_RS_PULLBACK_v1:600550.SH:2009-04-09:2009-04-10,DATE_ORDER_VALID,Pullback/trigger/entry order,CRITICAL,"[""2009-04-01 00:00:00"", ""2009-04-09 00:00:00"", ""2009-04-10 00:00:00""]",true,,PASS,True,"""strictly increasing dates""",OpenCode (assistant),2026-07-17T10:13:39Z,"Manual review confirmed check logic, source evidence, and applicable recorded/recalculated values."
STOCK_RS_PULLBACK_v1:600550.SH:2009-04-09:2009-04-10,NO_LOOKAHEAD_IN_INDICATORS,Prefix-only indicator reconstruction,CRITICAL,"{""benchmark_ret20"": 0.13389149605022554, ""high_10d"": 32.54, ""ma20"": 25.714499999999997, ""ma60"": 23.112666666666666, ""ret20"": 0.48622589531680416, ""vol_ma5"": 33854480.0}","{""benchmark_ret20"": 0.13389149605022554, ""high_10d"": 32.54, ""ma20"": 25.714499999999997, ""ma60"": 23.112666666666662, ""ret20"": 0.48622589531680416, ""vol_ma5"": 33854480.0}",,PASS,True,"""prefix-only rolling recomputation""",OpenCode (assistant),2026-07-17T10:13:39Z,"Manual review confirmed check logic, source evidence, and applicable recorded/recalculated values."
STOCK_RS_PULLBACK_v1:600550.SH:2009-04-09:2009-04-10,ENTRY_IS_NEXT_TRADING_DAY_OPEN,Next trading-day open entry,CRITICAL,"[""2009-04-10"", 32.81]","[""2009-04-10 00:00:00"", 32.81]",,PASS,True,"""first stock bar after trigger""",OpenCode (assistant),2026-07-17T10:13:39Z,"Manual review confirmed check logic, source evidence, and applicable recorded/recalculated values."
STOCK_RS_PULLBACK_v1:600550.SH:2009-04-09:2009-04-10,ENTRY_DAY_EXECUTABLE,Entry-day execution status,CRITICAL,"{""adj_factor"": null, ""adj_type"": ""qfq"", ""close"": 33.79, ""code"": ""600550.SH"", ""date"": ""2009-04-10 00:00:00"", ""high"": 35.06, ""is_limit_down"": false, ""is_limit_up"": false, ""is_st"": false, ""is_suspended"": false, ""low"": 32.56, ""open"": 32.81, ""source"": ""tongdaxin_export"", ""volume"": 41626400}","{""executable"": true, ""expected_outcome"": ""valid trade requires executable entry""}",,PASS,True,"""suspension and limit-up flags""",OpenCode (assistant),2026-07-17T10:13:39Z,"Manual review confirmed check logic, source evidence, and applicable recorded/recalculated values."
STOCK_RS_PULLBACK_v1:600550.SH:2009-04-09:2009-04-10,T1_NO_ENTRY_DAY_EXIT,A-share T+1,CRITICAL,"[""2009-04-10 00:00:00"", ""2009-04-23 00:00:00""]",true,,PASS,True,"""exit must follow entry date""",OpenCode (assistant),2026-07-17T10:13:39Z,"Manual review confirmed check logic, source evidence, and applicable recorded/recalculated values."
STOCK_RS_PULLBACK_v1:600550.SH:2009-04-09:2009-04-10,SAME_DAY_STOP_TARGET_STOP_FIRST,Stop/target intraday priority,CRITICAL,"""max_holding_exit""","""not_triggered""",,PASS,True,"""post-entry daily bars""",OpenCode (assistant),2026-07-17T10:13:39Z,"Manual review confirmed check logic, source evidence, and applicable recorded/recalculated values."
STOCK_RS_PULLBACK_v1:600550.SH:2009-04-09:2009-04-10,GAP_STOP_USES_EXECUTABLE_PRICE,Gap stop execution,CRITICAL,32.33,,,PASS,True,"""open price when opening below stop""",OpenCode (assistant),2026-07-17T10:13:39Z,"Manual review confirmed check logic, source evidence, and applicable recorded/recalculated values."
STOCK_RS_PULLBACK_v1:600550.SH:2009-04-09:2009-04-10,D5_EXIT_BOUNDARY,D5 time-stop boundary,CRITICAL,10,5,5.0,PASS,True,"""max_holding_exit""",OpenCode (assistant),2026-07-17T10:13:39Z,"Manual review confirmed check logic, source evidence, and applicable recorded/recalculated values."
STOCK_RS_PULLBACK_v1:600550.SH:2009-04-09:2009-04-10,D10_EXIT_BOUNDARY,D10 max-holding boundary,CRITICAL,10,10,0.0,PASS,True,"""max_holding_exit""",OpenCode (assistant),2026-07-17T10:13:39Z,"Manual review confirmed check logic, source evidence, and applicable recorded/recalculated values."
STOCK_RS_PULLBACK_v1:600550.SH:2009-04-09:2009-04-10,GROSS_RETURN_RECALCULATION,Gross return,CRITICAL,-0.0146296860713198,-0.01462968607131987,6.938893903907227e-17,PASS,True,"""round_trip_cost=0.002""",OpenCode (assistant),2026-07-17T10:13:39Z,"Manual review confirmed check logic, source evidence, and applicable recorded/recalculated values."
STOCK_RS_PULLBACK_v1:600550.SH:2009-04-09:2009-04-10,NET_RETURN_AND_COST_RECALCULATION,Net return and one cost deduction,CRITICAL,-0.0166296860713198,-0.01662968607131987,7.28583859910259e-17,PASS,True,"""round_trip_cost=0.002""",OpenCode (assistant),2026-07-17T10:13:39Z,"Manual review confirmed check logic, source evidence, and applicable recorded/recalculated values."
STOCK_RS_PULLBACK_v1:600550.SH:2009-04-09:2009-04-10,R_MULTIPLE_RECALCULATION,R multiple,CRITICAL,-0.1714285714285728,-0.17142857142857282,2.775557561562892e-17,PASS,True,"""round_trip_cost=0.002""",OpenCode (assistant),2026-07-17T10:13:39Z,"Manual review confirmed check logic, source evidence, and applicable recorded/recalculated values."
STOCK_RS_PULLBACK_v1:600550.SH:2009-04-09:2009-04-10,PRICE_ADJUSTMENT_CONSISTENCY,Adjustment series consistency,CRITICAL,"[""qfq""]","[""qfq""]",,PASS,True,"""signal/entry/exit adj_type""",OpenCode (assistant),2026-07-17T10:13:39Z,"Manual review confirmed check logic, source evidence, and applicable recorded/recalculated values."
STOCK_RS_PULLBACK_v1:600550.SH:2009-04-09:2009-04-10,EXECUTION_REALISM,Raw execution-price realism,BLOCKING_DATA,"[""False"", false]",true,,NOT_EVALUABLE_EXECUTION_REALISM,True,"""requires raw prices and adjustment factors""",OpenCode (assistant),2026-07-17T10:13:39Z,Confirmed blocking data limitation: sampled bars are qfq-only; raw execution prices and complete adjustment factors are unavailable.
STOCK_RS_PULLBACK_v1:600550.SH:2009-04-09:2009-04-10,HISTORICAL_ST_STATUS,Historical ST status,BLOCKING_DATA,,,,NOT_EVALUABLE_MISSING_HISTORICAL_ST,True,"""provider history unavailable""",OpenCode (assistant),2026-07-17T10:13:39Z,Confirmed blocking data limitation: source lacks reliable point-in-time historical ST status.
STOCK_RS_PULLBACK_v1:600550.SH:2009-04-09:2009-04-10,LIMIT_PRICE_VERIFICATION,Board/date-specific limit price,BLOCKING_DATA,,,,NOT_EVALUABLE_LIMIT_PRICE,True,"""requires historical board/ST/listing-stage rules""",OpenCode (assistant),2026-07-17T10:13:39Z,Confirmed blocking data limitation: exact board/date/listing-stage/ST limit prices cannot be reconstructed from frozen inputs.
STOCK_RS_PULLBACK_v1:002444.SZ:2024-03-29:2024-04-01,UNIVERSE_TRADABLE_AT_SIGNAL,Signal-day universe,CRITICAL,"""002444.SZ""",true,,PASS,True,"""signal_date=2024-03-29 00:00:00""",OpenCode (assistant),2026-07-17T10:13:39Z,"Manual review confirmed check logic, source evidence, and applicable recorded/recalculated values."
STOCK_RS_PULLBACK_v1:002444.SZ:2024-03-29:2024-04-01,DATE_ORDER_VALID,Pullback/trigger/entry order,CRITICAL,"[""2024-03-26 00:00:00"", ""2024-03-29 00:00:00"", ""2024-04-01 00:00:00""]",true,,PASS,True,"""strictly increasing dates""",OpenCode (assistant),2026-07-17T10:13:39Z,"Manual review confirmed check logic, source evidence, and applicable recorded/recalculated values."
STOCK_RS_PULLBACK_v1:002444.SZ:2024-03-29:2024-04-01,NO_LOOKAHEAD_IN_INDICATORS,Prefix-only indicator reconstruction,CRITICAL,"{""benchmark_ret20"": -9.04516931427013e-05, ""high_10d"": 24.49, ""ma20"": 21.916500000000003, ""ma60"": 20.555833333333332, ""ret20"": 0.1777996070726917, ""vol_ma5"": 16566411.2}","{""benchmark_ret20"": -9.04516931427013e-05, ""high_10d"": 24.49, ""ma20"": 21.916500000000003, ""ma60"": 20.555833333333332, ""ret20"": 0.1777996070726917, ""vol_ma5"": 16566411.2}",,PASS,True,"""prefix-only rolling recomputation""",OpenCode (assistant),2026-07-17T10:13:39Z,"Manual review confirmed check logic, source evidence, and applicable recorded/recalculated values."
STOCK_RS_PULLBACK_v1:002444.SZ:2024-03-29:2024-04-01,ENTRY_IS_NEXT_TRADING_DAY_OPEN,Next trading-day open entry,CRITICAL,"[""2024-04-01"", 24.41]","[""2024-04-01 00:00:00"", 24.41]",,PASS,True,"""first stock bar after trigger""",OpenCode (assistant),2026-07-17T10:13:39Z,"Manual review confirmed check logic, source evidence, and applicable recorded/recalculated values."
STOCK_RS_PULLBACK_v1:002444.SZ:2024-03-29:2024-04-01,ENTRY_DAY_EXECUTABLE,Entry-day execution status,CRITICAL,"{""adj_factor"": null, ""adj_type"": ""qfq"", ""close"": 25.32, ""code"": ""002444.SZ"", ""date"": ""2024-04-01 00:00:00"", ""high"": 25.56, ""is_limit_down"": false, ""is_limit_up"": false, ""is_st"": false, ""is_suspended"": false, ""low"": 23.85, ""open"": 24.41, ""source"": ""tongdaxin_export"", ""volume"": 20401552}","{""executable"": true, ""expected_outcome"": ""valid trade requires executable entry""}",,PASS,True,"""suspension and limit-up flags""",OpenCode (assistant),2026-07-17T10:13:39Z,"Manual review confirmed check logic, source evidence, and applicable recorded/recalculated values."
STOCK_RS_PULLBACK_v1:002444.SZ:2024-03-29:2024-04-01,T1_NO_ENTRY_DAY_EXIT,A-share T+1,CRITICAL,"[""2024-04-01 00:00:00"", ""2024-04-16 00:00:00""]",true,,PASS,True,"""exit must follow entry date""",OpenCode (assistant),2026-07-17T10:13:39Z,"Manual review confirmed check logic, source evidence, and applicable recorded/recalculated values."
STOCK_RS_PULLBACK_v1:002444.SZ:2024-03-29:2024-04-01,SAME_DAY_STOP_TARGET_STOP_FIRST,Stop/target intraday priority,CRITICAL,"""max_holding_exit""","""not_triggered""",,PASS,True,"""post-entry daily bars""",OpenCode (assistant),2026-07-17T10:13:39Z,"Manual review confirmed check logic, source evidence, and applicable recorded/recalculated values."
STOCK_RS_PULLBACK_v1:002444.SZ:2024-03-29:2024-04-01,GAP_STOP_USES_EXECUTABLE_PRICE,Gap stop execution,CRITICAL,25.47,,,PASS,True,"""open price when opening below stop""",OpenCode (assistant),2026-07-17T10:13:39Z,"Manual review confirmed check logic, source evidence, and applicable recorded/recalculated values."
STOCK_RS_PULLBACK_v1:002444.SZ:2024-03-29:2024-04-01,D5_EXIT_BOUNDARY,D5 time-stop boundary,CRITICAL,10,5,5.0,PASS,True,"""max_holding_exit""",OpenCode (assistant),2026-07-17T10:13:39Z,"Manual review confirmed check logic, source evidence, and applicable recorded/recalculated values."
STOCK_RS_PULLBACK_v1:002444.SZ:2024-03-29:2024-04-01,D10_EXIT_BOUNDARY,D10 max-holding boundary,CRITICAL,10,10,0.0,PASS,True,"""max_holding_exit""",OpenCode (assistant),2026-07-17T10:13:39Z,"Manual review confirmed check logic, source evidence, and applicable recorded/recalculated values."
STOCK_RS_PULLBACK_v1:002444.SZ:2024-03-29:2024-04-01,GROSS_RETURN_RECALCULATION,Gross return,CRITICAL,0.0434248258910281,0.04342482589102814,-4.163336342344337e-17,PASS,True,"""round_trip_cost=0.002""",OpenCode (assistant),2026-07-17T10:13:39Z,"Manual review confirmed check logic, source evidence, and applicable recorded/recalculated values."
STOCK_RS_PULLBACK_v1:002444.SZ:2024-03-29:2024-04-01,NET_RETURN_AND_COST_RECALCULATION,Net return and one cost deduction,CRITICAL,0.0414248258910281,0.04142482589102814,-4.163336342344337e-17,PASS,True,"""round_trip_cost=0.002""",OpenCode (assistant),2026-07-17T10:13:39Z,"Manual review confirmed check logic, source evidence, and applicable recorded/recalculated values."
STOCK_RS_PULLBACK_v1:002444.SZ:2024-03-29:2024-04-01,R_MULTIPLE_RECALCULATION,R multiple,CRITICAL,0.7066666666666658,0.7066666666666658,0.0,PASS,True,"""round_trip_cost=0.002""",OpenCode (assistant),2026-07-17T10:13:39Z,"Manual review confirmed check logic, source evidence, and applicable recorded/recalculated values."
STOCK_RS_PULLBACK_v1:002444.SZ:2024-03-29:2024-04-01,PRICE_ADJUSTMENT_CONSISTENCY,Adjustment series consistency,CRITICAL,"[""qfq""]","[""qfq""]",,PASS,True,"""signal/entry/exit adj_type""",OpenCode (assistant),2026-07-17T10:13:39Z,"Manual review confirmed check logic, source evidence, and applicable recorded/recalculated values."
STOCK_RS_PULLBACK_v1:002444.SZ:2024-03-29:2024-04-01,EXECUTION_REALISM,Raw execution-price realism,BLOCKING_DATA,"[""False"", false]",true,,NOT_EVALUABLE_EXECUTION_REALISM,True,"""requires raw prices and adjustment factors""",OpenCode (assistant),2026-07-17T10:13:39Z,Confirmed blocking data limitation: sampled bars are qfq-only; raw execution prices and complete adjustment factors are unavailable.
STOCK_RS_PULLBACK_v1:002444.SZ:2024-03-29:2024-04-01,HISTORICAL_ST_STATUS,Historical ST status,BLOCKING_DATA,,,,NOT_EVALUABLE_MISSING_HISTORICAL_ST,True,"""provider history unavailable""",OpenCode (assistant),2026-07-17T10:13:39Z,Confirmed blocking data limitation: source lacks reliable point-in-time historical ST status.
STOCK_RS_PULLBACK_v1:002444.SZ:2024-03-29:2024-04-01,LIMIT_PRICE_VERIFICATION,Board/date-specific limit price,BLOCKING_DATA,,,,NOT_EVALUABLE_LIMIT_PRICE,True,"""requires historical board/ST/listing-stage rules""",OpenCode (assistant),2026-07-17T10:13:39Z,Confirmed blocking data limitation: exact board/date/listing-stage/ST limit prices cannot be reconstructed from frozen inputs.
STOCK_RS_PULLBACK_v1:002052.SZ:2015-02-09:2015-02-10,UNIVERSE_TRADABLE_AT_SIGNAL,Signal-day universe,CRITICAL,"""002052.SZ""",true,,PASS,True,"""signal_date=2015-02-09 00:00:00""",OpenCode (assistant),2026-07-17T10:13:39Z,"Manual review confirmed check logic, source evidence, and applicable recorded/recalculated values."
STOCK_RS_PULLBACK_v1:002052.SZ:2015-02-09:2015-02-10,DATE_ORDER_VALID,Pullback/trigger/entry order,CRITICAL,"[""2015-02-04 00:00:00"", ""2015-02-09 00:00:00"", ""2015-02-10 00:00:00""]",true,,PASS,True,"""strictly increasing dates""",OpenCode (assistant),2026-07-17T10:13:39Z,"Manual review confirmed check logic, source evidence, and applicable recorded/recalculated values."
STOCK_RS_PULLBACK_v1:002052.SZ:2015-02-09:2015-02-10,NO_LOOKAHEAD_IN_INDICATORS,Prefix-only indicator reconstruction,CRITICAL,"{""benchmark_ret20"": -0.04771771241867262, ""high_10d"": 12.18, ""ma20"": 10.689, ""ma60"": 9.809166666666666, ""ret20"": 0.24789915966386578, ""vol_ma5"": 35696159.0}","{""benchmark_ret20"": -0.04771771241867262, ""high_10d"": 12.18, ""ma20"": 10.689, ""ma60"": 9.809166666666664, ""ret20"": 0.24789915966386578, ""vol_ma5"": 35696159.0}",,PASS,True,"""prefix-only rolling recomputation""",OpenCode (assistant),2026-07-17T10:13:39Z,"Manual review confirmed check logic, source evidence, and applicable recorded/recalculated values."
STOCK_RS_PULLBACK_v1:002052.SZ:2015-02-09:2015-02-10,ENTRY_IS_NEXT_TRADING_DAY_OPEN,Next trading-day open entry,CRITICAL,"[""2015-02-10"", 11.86]","[""2015-02-10 00:00:00"", 11.86]",,PASS,True,"""first stock bar after trigger""",OpenCode (assistant),2026-07-17T10:13:39Z,"Manual review confirmed check logic, source evidence, and applicable recorded/recalculated values."
STOCK_RS_PULLBACK_v1:002052.SZ:2015-02-09:2015-02-10,ENTRY_DAY_EXECUTABLE,Entry-day execution status,CRITICAL,"{""adj_factor"": null, ""adj_type"": ""qfq"", ""close"": 11.66, ""code"": ""002052.SZ"", ""date"": ""2015-02-10 00:00:00"", ""high"": 11.98, ""is_limit_down"": false, ""is_limit_up"": false, ""is_st"": false, ""is_suspended"": false, ""low"": 11.23, ""open"": 11.86, ""source"": ""tongdaxin_export"", ""volume"": 19711896}","{""executable"": true, ""expected_outcome"": ""valid trade requires executable entry""}",,PASS,True,"""suspension and limit-up flags""",OpenCode (assistant),2026-07-17T10:13:39Z,"Manual review confirmed check logic, source evidence, and applicable recorded/recalculated values."
STOCK_RS_PULLBACK_v1:002052.SZ:2015-02-09:2015-02-10,T1_NO_ENTRY_DAY_EXIT,A-share T+1,CRITICAL,"[""2015-02-10 00:00:00"", ""2015-03-02 00:00:00""]",true,,PASS,True,"""exit must follow entry date""",OpenCode (assistant),2026-07-17T10:13:39Z,"Manual review confirmed check logic, source evidence, and applicable recorded/recalculated values."
STOCK_RS_PULLBACK_v1:002052.SZ:2015-02-09:2015-02-10,SAME_DAY_STOP_TARGET_STOP_FIRST,Stop/target intraday priority,CRITICAL,"""max_holding_exit""","""not_triggered""",,PASS,True,"""post-entry daily bars""",OpenCode (assistant),2026-07-17T10:13:39Z,"Manual review confirmed check logic, source evidence, and applicable recorded/recalculated values."
STOCK_RS_PULLBACK_v1:002052.SZ:2015-02-09:2015-02-10,GAP_STOP_USES_EXECUTABLE_PRICE,Gap stop execution,CRITICAL,12.5,,,PASS,True,"""open price when opening below stop""",OpenCode (assistant),2026-07-17T10:13:39Z,"Manual review confirmed check logic, source evidence, and applicable recorded/recalculated values."
STOCK_RS_PULLBACK_v1:002052.SZ:2015-02-09:2015-02-10,D5_EXIT_BOUNDARY,D5 time-stop boundary,CRITICAL,10,5,5.0,PASS,True,"""max_holding_exit""",OpenCode (assistant),2026-07-17T10:13:39Z,"Manual review confirmed check logic, source evidence, and applicable recorded/recalculated values."
STOCK_RS_PULLBACK_v1:002052.SZ:2015-02-09:2015-02-10,D10_EXIT_BOUNDARY,D10 max-holding boundary,CRITICAL,10,10,0.0,PASS,True,"""max_holding_exit""",OpenCode (assistant),2026-07-17T10:13:39Z,"Manual review confirmed check logic, source evidence, and applicable recorded/recalculated values."
STOCK_RS_PULLBACK_v1:002052.SZ:2015-02-09:2015-02-10,GROSS_RETURN_RECALCULATION,Gross return,CRITICAL,0.0539629005059021,0.053962900505902134,-3.4694469519536136e-17,PASS,True,"""round_trip_cost=0.002""",OpenCode (assistant),2026-07-17T10:13:39Z,"Manual review confirmed check logic, source evidence, and applicable recorded/recalculated values."
STOCK_RS_PULLBACK_v1:002052.SZ:2015-02-09:2015-02-10,NET_RETURN_AND_COST_RECALCULATION,Net return and one cost deduction,CRITICAL,0.0519629005059021,0.05196290050590213,-3.4694469519536136e-17,PASS,True,"""round_trip_cost=0.002""",OpenCode (assistant),2026-07-17T10:13:39Z,"Manual review confirmed check logic, source evidence, and applicable recorded/recalculated values."
STOCK_RS_PULLBACK_v1:002052.SZ:2015-02-09:2015-02-10,R_MULTIPLE_RECALCULATION,R multiple,CRITICAL,1.2075471698113234,1.2075471698113234,0.0,PASS,True,"""round_trip_cost=0.002""",OpenCode (assistant),2026-07-17T10:13:39Z,"Manual review confirmed check logic, source evidence, and applicable recorded/recalculated values."
STOCK_RS_PULLBACK_v1:002052.SZ:2015-02-09:2015-02-10,PRICE_ADJUSTMENT_CONSISTENCY,Adjustment series consistency,CRITICAL,"[""qfq""]","[""qfq""]",,PASS,True,"""signal/entry/exit adj_type""",OpenCode (assistant),2026-07-17T10:13:39Z,"Manual review confirmed check logic, source evidence, and applicable recorded/recalculated values."
STOCK_RS_PULLBACK_v1:002052.SZ:2015-02-09:2015-02-10,EXECUTION_REALISM,Raw execution-price realism,BLOCKING_DATA,"[""False"", false]",true,,NOT_EVALUABLE_EXECUTION_REALISM,True,"""requires raw prices and adjustment factors""",OpenCode (assistant),2026-07-17T10:13:39Z,Confirmed blocking data limitation: sampled bars are qfq-only; raw execution prices and complete adjustment factors are unavailable.
STOCK_RS_PULLBACK_v1:002052.SZ:2015-02-09:2015-02-10,HISTORICAL_ST_STATUS,Historical ST status,BLOCKING_DATA,,,,NOT_EVALUABLE_MISSING_HISTORICAL_ST,True,"""provider history unavailable""",OpenCode (assistant),2026-07-17T10:13:39Z,Confirmed blocking data limitation: source lacks reliable point-in-time historical ST status.
STOCK_RS_PULLBACK_v1:002052.SZ:2015-02-09:2015-02-10,LIMIT_PRICE_VERIFICATION,Board/date-specific limit price,BLOCKING_DATA,,,,NOT_EVALUABLE_LIMIT_PRICE,True,"""requires historical board/ST/listing-stage rules""",OpenCode (assistant),2026-07-17T10:13:39Z,Confirmed blocking data limitation: exact board/date/listing-stage/ST limit prices cannot be reconstructed from frozen inputs.
STOCK_RS_PULLBACK_v1:300001.SZ:2026-05-18:2026-05-19,UNIVERSE_TRADABLE_AT_SIGNAL,Signal-day universe,CRITICAL,"""300001.SZ""",true,,PASS,True,"""signal_date=2026-05-18 00:00:00""",OpenCode (assistant),2026-07-17T10:13:39Z,"Manual review confirmed check logic, source evidence, and applicable recorded/recalculated values."
STOCK_RS_PULLBACK_v1:300001.SZ:2026-05-18:2026-05-19,DATE_ORDER_VALID,Pullback/trigger/entry order,CRITICAL,"[""2026-05-15 00:00:00"", ""2026-05-18 00:00:00"", ""2026-05-19 00:00:00""]",true,,PASS,True,"""strictly increasing dates""",OpenCode (assistant),2026-07-17T10:13:39Z,"Manual review confirmed check logic, source evidence, and applicable recorded/recalculated values."
STOCK_RS_PULLBACK_v1:300001.SZ:2026-05-18:2026-05-19,NO_LOOKAHEAD_IN_INDICATORS,Prefix-only indicator reconstruction,CRITICAL,"{""benchmark_ret20"": 0.03164612347260021, ""high_10d"": 38.89, ""ma20"": 31.3745, ""ma60"": 29.74983333333333, ""ret20"": 0.32911392405063267, ""vol_ma5"": 67016044.0}","{""benchmark_ret20"": 0.03164612347260021, ""high_10d"": 38.89, ""ma20"": 31.3745, ""ma60"": 29.749833333333335, ""ret20"": 0.32911392405063267, ""vol_ma5"": 67016044.0}",,PASS,True,"""prefix-only rolling recomputation""",OpenCode (assistant),2026-07-17T10:13:39Z,"Manual review confirmed check logic, source evidence, and applicable recorded/recalculated values."
STOCK_RS_PULLBACK_v1:300001.SZ:2026-05-18:2026-05-19,ENTRY_IS_NEXT_TRADING_DAY_OPEN,Next trading-day open entry,CRITICAL,"[""2026-05-19"", 37.8]","[""2026-05-19 00:00:00"", 37.8]",,PASS,True,"""first stock bar after trigger""",OpenCode (assistant),2026-07-17T10:13:39Z,"Manual review confirmed check logic, source evidence, and applicable recorded/recalculated values."
STOCK_RS_PULLBACK_v1:300001.SZ:2026-05-18:2026-05-19,ENTRY_DAY_EXECUTABLE,Entry-day execution status,CRITICAL,"{""adj_factor"": null, ""adj_type"": ""qfq"", ""close"": 39.65, ""code"": ""300001.SZ"", ""date"": ""2026-05-19 00:00:00"", ""high"": 39.71, ""is_limit_down"": false, ""is_limit_up"": false, ""is_st"": false, ""is_suspended"": false, ""low"": 37.2, ""open"": 37.8, ""source"": ""tongdaxin_export"", ""volume"": 47119845}","{""executable"": true, ""expected_outcome"": ""valid trade requires executable entry""}",,PASS,True,"""suspension and limit-up flags""",OpenCode (assistant),2026-07-17T10:13:39Z,"Manual review confirmed check logic, source evidence, and applicable recorded/recalculated values."
STOCK_RS_PULLBACK_v1:300001.SZ:2026-05-18:2026-05-19,T1_NO_ENTRY_DAY_EXIT,A-share T+1,CRITICAL,"[""2026-05-19 00:00:00"", ""2026-06-01 00:00:00""]",true,,PASS,True,"""exit must follow entry date""",OpenCode (assistant),2026-07-17T10:13:39Z,"Manual review confirmed check logic, source evidence, and applicable recorded/recalculated values."
STOCK_RS_PULLBACK_v1:300001.SZ:2026-05-18:2026-05-19,SAME_DAY_STOP_TARGET_STOP_FIRST,Stop/target intraday priority,CRITICAL,"""max_holding_exit""","""not_triggered""",,PASS,True,"""post-entry daily bars""",OpenCode (assistant),2026-07-17T10:13:39Z,"Manual review confirmed check logic, source evidence, and applicable recorded/recalculated values."
STOCK_RS_PULLBACK_v1:300001.SZ:2026-05-18:2026-05-19,GAP_STOP_USES_EXECUTABLE_PRICE,Gap stop execution,CRITICAL,37.83,,,PASS,True,"""open price when opening below stop""",OpenCode (assistant),2026-07-17T10:13:39Z,"Manual review confirmed check logic, source evidence, and applicable recorded/recalculated values."
STOCK_RS_PULLBACK_v1:300001.SZ:2026-05-18:2026-05-19,D5_EXIT_BOUNDARY,D5 time-stop boundary,CRITICAL,10,5,5.0,PASS,True,"""max_holding_exit""",OpenCode (assistant),2026-07-17T10:13:39Z,"Manual review confirmed check logic, source evidence, and applicable recorded/recalculated values."
STOCK_RS_PULLBACK_v1:300001.SZ:2026-05-18:2026-05-19,D10_EXIT_BOUNDARY,D10 max-holding boundary,CRITICAL,10,10,0.0,PASS,True,"""max_holding_exit""",OpenCode (assistant),2026-07-17T10:13:39Z,"Manual review confirmed check logic, source evidence, and applicable recorded/recalculated values."
STOCK_RS_PULLBACK_v1:300001.SZ:2026-05-18:2026-05-19,GROSS_RETURN_RECALCULATION,Gross return,CRITICAL,0.0007936507936507,0.0007936507936507908,-9.085614205428527e-17,PASS,True,"""round_trip_cost=0.002""",OpenCode (assistant),2026-07-17T10:13:39Z,"Manual review confirmed check logic, source evidence, and applicable recorded/recalculated values."
STOCK_RS_PULLBACK_v1:300001.SZ:2026-05-18:2026-05-19,NET_RETURN_AND_COST_RECALCULATION,Net return and one cost deduction,CRITICAL,-0.0012063492063492,-0.0012063492063492092,9.107298248878237e-18,PASS,True,"""round_trip_cost=0.002""",OpenCode (assistant),2026-07-17T10:13:39Z,"Manual review confirmed check logic, source evidence, and applicable recorded/recalculated values."
STOCK_RS_PULLBACK_v1:300001.SZ:2026-05-18:2026-05-19,R_MULTIPLE_RECALCULATION,R multiple,CRITICAL,0.0138248847926272,0.013824884792627286,-8.500145032286355e-17,PASS,True,"""round_trip_cost=0.002""",OpenCode (assistant),2026-07-17T10:13:39Z,"Manual review confirmed check logic, source evidence, and applicable recorded/recalculated values."
STOCK_RS_PULLBACK_v1:300001.SZ:2026-05-18:2026-05-19,PRICE_ADJUSTMENT_CONSISTENCY,Adjustment series consistency,CRITICAL,"[""qfq""]","[""qfq""]",,PASS,True,"""signal/entry/exit adj_type""",OpenCode (assistant),2026-07-17T10:13:39Z,"Manual review confirmed check logic, source evidence, and applicable recorded/recalculated values."
STOCK_RS_PULLBACK_v1:300001.SZ:2026-05-18:2026-05-19,EXECUTION_REALISM,Raw execution-price realism,BLOCKING_DATA,"[""False"", false]",true,,NOT_EVALUABLE_EXECUTION_REALISM,True,"""requires raw prices and adjustment factors""",OpenCode (assistant),2026-07-17T10:13:39Z,Confirmed blocking data limitation: sampled bars are qfq-only; raw execution prices and complete adjustment factors are unavailable.
STOCK_RS_PULLBACK_v1:300001.SZ:2026-05-18:2026-05-19,HISTORICAL_ST_STATUS,Historical ST status,BLOCKING_DATA,,,,NOT_EVALUABLE_MISSING_HISTORICAL_ST,True,"""provider history unavailable""",OpenCode (assistant),2026-07-17T10:13:39Z,Confirmed blocking data limitation: source lacks reliable point-in-time historical ST status.
STOCK_RS_PULLBACK_v1:300001.SZ:2026-05-18:2026-05-19,LIMIT_PRICE_VERIFICATION,Board/date-specific limit price,BLOCKING_DATA,,,,NOT_EVALUABLE_LIMIT_PRICE,True,"""requires historical board/ST/listing-stage rules""",OpenCode (assistant),2026-07-17T10:13:39Z,Confirmed blocking data limitation: exact board/date/listing-stage/ST limit prices cannot be reconstructed from frozen inputs.
STOCK_RS_PULLBACK_v1:600221.SH:2010-02-03:invalid,UNIVERSE_TRADABLE_AT_SIGNAL,Signal-day universe,CRITICAL,"""600221.SH""",true,,PASS,True,"""signal_date=2010-02-03 00:00:00""",OpenCode (assistant),2026-07-17T10:13:39Z,"Manual review confirmed check logic, source evidence, and applicable recorded/recalculated values."
STOCK_RS_PULLBACK_v1:600221.SH:2010-02-03:invalid,DATE_ORDER_VALID,Pullback/trigger/entry order,CRITICAL,"[""2010-02-02 00:00:00"", ""2010-02-03 00:00:00"", ""2010-02-04 00:00:00""]",true,,PASS,True,"""strictly increasing dates""",OpenCode (assistant),2026-07-17T10:13:39Z,"Manual review confirmed check logic, source evidence, and applicable recorded/recalculated values."
STOCK_RS_PULLBACK_v1:600221.SH:2010-02-03:invalid,NO_LOOKAHEAD_IN_INDICATORS,Prefix-only indicator reconstruction,CRITICAL,"{""benchmark_ret20"": -0.08781301793191465, ""high_10d"": 3.51, ""ma20"": 3.2305, ""ma60"": 2.9578333333333333, ""ret20"": 0.13861386138613874, ""vol_ma5"": 68282900.4}","{""benchmark_ret20"": -0.08781301793191465, ""high_10d"": 3.51, ""ma20"": 3.2305, ""ma60"": 2.9578333333333333, ""ret20"": 0.13861386138613874, ""vol_ma5"": 68282900.4}",,PASS,True,"""prefix-only rolling recomputation""",OpenCode (assistant),2026-07-17T10:13:39Z,"Manual review confirmed check logic, source evidence, and applicable recorded/recalculated values."
STOCK_RS_PULLBACK_v1:600221.SH:2010-02-03:invalid,ENTRY_IS_NEXT_TRADING_DAY_OPEN,Next trading-day open entry,CRITICAL,"[""2010-02-04"", 3.44]","[""2010-02-04 00:00:00"", 3.44]",,PASS,True,"""first stock bar after trigger""",OpenCode (assistant),2026-07-17T10:13:39Z,"Manual review confirmed check logic, source evidence, and applicable recorded/recalculated values."
STOCK_RS_PULLBACK_v1:600221.SH:2010-02-03:invalid,ENTRY_DAY_EXECUTABLE,Entry-day execution status,CRITICAL,"{""adj_factor"": null, ""adj_type"": ""qfq"", ""close"": 3.82, ""code"": ""600221.SH"", ""date"": ""2010-02-04 00:00:00"", ""high"": 3.82, ""is_limit_down"": false, ""is_limit_up"": true, ""is_st"": false, ""is_suspended"": false, ""low"": 3.37, ""open"": 3.44, ""source"": ""tongdaxin_export"", ""volume"": 169533124}","{""executable"": false, ""expected_outcome"": ""limit-up entry correctly rejected""}",,FAIL,True,"""suspension and limit-up flags""",OpenCode (assistant),2026-07-17T10:13:39Z,"Engine error confirmed: entry bar had positive volume and open below intraday high (not one-price limit-up), so next-open order was executable; daily close-based is_limit_up must not reject open fill. 300039.SZ also used invalid fixed 9.8% threshold under 2022 ChiNext rules."
STOCK_RS_PULLBACK_v1:600221.SH:2010-02-03:invalid,T1_NO_ENTRY_DAY_EXIT,A-share T+1,CRITICAL,"[""2010-02-04 00:00:00"", null]",true,,PASS,True,"""exit must follow entry date""",OpenCode (assistant),2026-07-17T10:13:39Z,"Manual review confirmed check logic, source evidence, and applicable recorded/recalculated values."
STOCK_RS_PULLBACK_v1:600221.SH:2010-02-03:invalid,PRICE_ADJUSTMENT_CONSISTENCY,Adjustment series consistency,CRITICAL,"[""qfq""]","[""qfq""]",,PASS,True,"""signal/entry/exit adj_type""",OpenCode (assistant),2026-07-17T10:13:39Z,"Manual review confirmed check logic, source evidence, and applicable recorded/recalculated values."
STOCK_RS_PULLBACK_v1:600221.SH:2010-02-03:invalid,EXECUTION_REALISM,Raw execution-price realism,BLOCKING_DATA,"[""False"", false]",true,,NOT_EVALUABLE_EXECUTION_REALISM,True,"""requires raw prices and adjustment factors""",OpenCode (assistant),2026-07-17T10:13:39Z,Confirmed blocking data limitation: sampled bars are qfq-only; raw execution prices and complete adjustment factors are unavailable.
STOCK_RS_PULLBACK_v1:600221.SH:2010-02-03:invalid,HISTORICAL_ST_STATUS,Historical ST status,BLOCKING_DATA,,,,NOT_EVALUABLE_MISSING_HISTORICAL_ST,True,"""provider history unavailable""",OpenCode (assistant),2026-07-17T10:13:39Z,Confirmed blocking data limitation: source lacks reliable point-in-time historical ST status.
STOCK_RS_PULLBACK_v1:600221.SH:2010-02-03:invalid,LIMIT_PRICE_VERIFICATION,Board/date-specific limit price,BLOCKING_DATA,,,,NOT_EVALUABLE_LIMIT_PRICE,True,"""requires historical board/ST/listing-stage rules""",OpenCode (assistant),2026-07-17T10:13:39Z,Confirmed blocking data limitation: exact board/date/listing-stage/ST limit prices cannot be reconstructed from frozen inputs.
STOCK_RS_PULLBACK_v1:600221.SH:2010-02-03:invalid,INVALID_REASON_RECONSTRUCTION,Invalid reason,CRITICAL,"""invalid_limit_up_cannot_buy""","""invalid_limit_up_cannot_buy""",,FAIL,True,"""independent invalid reason reconstruction""",OpenCode (assistant),2026-07-17T10:13:39Z,"Engine error confirmed: entry bar had positive volume and open below intraday high (not one-price limit-up), so next-open order was executable; daily close-based is_limit_up must not reject open fill. 300039.SZ also used invalid fixed 9.8% threshold under 2022 ChiNext rules."
STOCK_RS_PULLBACK_v1:601059.SH:2023-08-03:invalid,UNIVERSE_TRADABLE_AT_SIGNAL,Signal-day universe,CRITICAL,"""601059.SH""",true,,PASS,True,"""signal_date=2023-08-03 00:00:00""",OpenCode (assistant),2026-07-17T10:13:39Z,"Manual review confirmed check logic, source evidence, and applicable recorded/recalculated values."
STOCK_RS_PULLBACK_v1:601059.SH:2023-08-03:invalid,DATE_ORDER_VALID,Pullback/trigger/entry order,CRITICAL,"[""2023-08-02 00:00:00"", ""2023-08-03 00:00:00"", ""2023-08-04 00:00:00""]",true,,PASS,True,"""strictly increasing dates""",OpenCode (assistant),2026-07-17T10:13:39Z,"Manual review confirmed check logic, source evidence, and applicable recorded/recalculated values."
STOCK_RS_PULLBACK_v1:601059.SH:2023-08-03:invalid,NO_LOOKAHEAD_IN_INDICATORS,Prefix-only indicator reconstruction,CRITICAL,"{""benchmark_ret20"": 0.04221716218853677, ""high_10d"": 18.33, ""ma20"": 14.8875, ""ma60"": 14.592, ""ret20"": 0.30239303843364773, ""vol_ma5"": 120267837.8}","{""benchmark_ret20"": 0.04221716218853677, ""high_10d"": 18.33, ""ma20"": 14.887499999999998, ""ma60"": 14.592000000000002, ""ret20"": 0.30239303843364773, ""vol_ma5"": 120267837.8}",,PASS,True,"""prefix-only rolling recomputation""",OpenCode (assistant),2026-07-17T10:13:39Z,"Manual review confirmed check logic, source evidence, and applicable recorded/recalculated values."
STOCK_RS_PULLBACK_v1:601059.SH:2023-08-03:invalid,ENTRY_IS_NEXT_TRADING_DAY_OPEN,Next trading-day open entry,CRITICAL,"[""2023-08-04"", 18.51]","[""2023-08-04 00:00:00"", 18.51]",,PASS,True,"""first stock bar after trigger""",OpenCode (assistant),2026-07-17T10:13:39Z,"Manual review confirmed check logic, source evidence, and applicable recorded/recalculated values."
STOCK_RS_PULLBACK_v1:601059.SH:2023-08-03:invalid,ENTRY_DAY_EXECUTABLE,Entry-day execution status,CRITICAL,"{""adj_factor"": null, ""adj_type"": ""qfq"", ""close"": 19.78, ""code"": ""601059.SH"", ""date"": ""2023-08-04 00:00:00"", ""high"": 19.78, ""is_limit_down"": false, ""is_limit_up"": true, ""is_st"": false, ""is_suspended"": false, ""low"": 17.96, ""open"": 18.51, ""source"": ""tongdaxin_export"", ""volume"": 175566023}","{""executable"": false, ""expected_outcome"": ""limit-up entry correctly rejected""}",,FAIL,True,"""suspension and limit-up flags""",OpenCode (assistant),2026-07-17T10:13:39Z,"Engine error confirmed: entry bar had positive volume and open below intraday high (not one-price limit-up), so next-open order was executable; daily close-based is_limit_up must not reject open fill. 300039.SZ also used invalid fixed 9.8% threshold under 2022 ChiNext rules."
STOCK_RS_PULLBACK_v1:601059.SH:2023-08-03:invalid,T1_NO_ENTRY_DAY_EXIT,A-share T+1,CRITICAL,"[""2023-08-04 00:00:00"", null]",true,,PASS,True,"""exit must follow entry date""",OpenCode (assistant),2026-07-17T10:13:39Z,"Manual review confirmed check logic, source evidence, and applicable recorded/recalculated values."
STOCK_RS_PULLBACK_v1:601059.SH:2023-08-03:invalid,PRICE_ADJUSTMENT_CONSISTENCY,Adjustment series consistency,CRITICAL,"[""qfq""]","[""qfq""]",,PASS,True,"""signal/entry/exit adj_type""",OpenCode (assistant),2026-07-17T10:13:39Z,"Manual review confirmed check logic, source evidence, and applicable recorded/recalculated values."
STOCK_RS_PULLBACK_v1:601059.SH:2023-08-03:invalid,EXECUTION_REALISM,Raw execution-price realism,BLOCKING_DATA,"[""False"", false]",true,,NOT_EVALUABLE_EXECUTION_REALISM,True,"""requires raw prices and adjustment factors""",OpenCode (assistant),2026-07-17T10:13:39Z,Confirmed blocking data limitation: sampled bars are qfq-only; raw execution prices and complete adjustment factors are unavailable.
STOCK_RS_PULLBACK_v1:601059.SH:2023-08-03:invalid,HISTORICAL_ST_STATUS,Historical ST status,BLOCKING_DATA,,,,NOT_EVALUABLE_MISSING_HISTORICAL_ST,True,"""provider history unavailable""",OpenCode (assistant),2026-07-17T10:13:39Z,Confirmed blocking data limitation: source lacks reliable point-in-time historical ST status.
STOCK_RS_PULLBACK_v1:601059.SH:2023-08-03:invalid,LIMIT_PRICE_VERIFICATION,Board/date-specific limit price,BLOCKING_DATA,,,,NOT_EVALUABLE_LIMIT_PRICE,True,"""requires historical board/ST/listing-stage rules""",OpenCode (assistant),2026-07-17T10:13:39Z,Confirmed blocking data limitation: exact board/date/listing-stage/ST limit prices cannot be reconstructed from frozen inputs.
STOCK_RS_PULLBACK_v1:601059.SH:2023-08-03:invalid,INVALID_REASON_RECONSTRUCTION,Invalid reason,CRITICAL,"""invalid_limit_up_cannot_buy""","""invalid_limit_up_cannot_buy""",,FAIL,True,"""independent invalid reason reconstruction""",OpenCode (assistant),2026-07-17T10:13:39Z,"Engine error confirmed: entry bar had positive volume and open below intraday high (not one-price limit-up), so next-open order was executable; daily close-based is_limit_up must not reject open fill. 300039.SZ also used invalid fixed 9.8% threshold under 2022 ChiNext rules."
STOCK_RS_PULLBACK_v1:600229.SH:2015-05-13:invalid,UNIVERSE_TRADABLE_AT_SIGNAL,Signal-day universe,CRITICAL,"""600229.SH""",true,,PASS,True,"""signal_date=2015-05-13 00:00:00""",OpenCode (assistant),2026-07-17T10:13:39Z,"Manual review confirmed check logic, source evidence, and applicable recorded/recalculated values."
STOCK_RS_PULLBACK_v1:600229.SH:2015-05-13:invalid,DATE_ORDER_VALID,Pullback/trigger/entry order,CRITICAL,"[""2015-05-11 00:00:00"", ""2015-05-13 00:00:00"", ""2015-05-14 00:00:00""]",true,,PASS,True,"""strictly increasing dates""",OpenCode (assistant),2026-07-17T10:13:39Z,"Manual review confirmed check logic, source evidence, and applicable recorded/recalculated values."
STOCK_RS_PULLBACK_v1:600229.SH:2015-05-13:invalid,NO_LOOKAHEAD_IN_INDICATORS,Prefix-only indicator reconstruction,CRITICAL,"{""benchmark_ret20"": 0.0631475064102851, ""high_10d"": 20.36, ""ma20"": 15.754500000000002, ""ma60"": 12.458666666666666, ""ret20"": 0.4243281471004243, ""vol_ma5"": 28892743.6}","{""benchmark_ret20"": 0.0631475064102851, ""high_10d"": 20.36, ""ma20"": 15.754499999999997, ""ma60"": 12.458666666666666, ""ret20"": 0.4243281471004243, ""vol_ma5"": 28892743.6}",,PASS,True,"""prefix-only rolling recomputation""",OpenCode (assistant),2026-07-17T10:13:39Z,"Manual review confirmed check logic, source evidence, and applicable recorded/recalculated values."
STOCK_RS_PULLBACK_v1:600229.SH:2015-05-13:invalid,ENTRY_IS_NEXT_TRADING_DAY_OPEN,Next trading-day open entry,CRITICAL,"[""2015-05-14"", 20.07]","[""2015-05-14 00:00:00"", 20.07]",,PASS,True,"""first stock bar after trigger""",OpenCode (assistant),2026-07-17T10:13:39Z,"Manual review confirmed check logic, source evidence, and applicable recorded/recalculated values."
STOCK_RS_PULLBACK_v1:600229.SH:2015-05-13:invalid,ENTRY_DAY_EXECUTABLE,Entry-day execution status,CRITICAL,"{""adj_factor"": null, ""adj_type"": ""qfq"", ""close"": 22.32, ""code"": ""600229.SH"", ""date"": ""2015-05-14 00:00:00"", ""high"": 22.32, ""is_limit_down"": false, ""is_limit_up"": true, ""is_st"": false, ""is_suspended"": false, ""low"": 19.81, ""open"": 20.07, ""source"": ""tongdaxin_export"", ""volume"": 29183515}","{""executable"": false, ""expected_outcome"": ""limit-up entry correctly rejected""}",,FAIL,True,"""suspension and limit-up flags""",OpenCode (assistant),2026-07-17T10:13:39Z,"Engine error confirmed: entry bar had positive volume and open below intraday high (not one-price limit-up), so next-open order was executable; daily close-based is_limit_up must not reject open fill. 300039.SZ also used invalid fixed 9.8% threshold under 2022 ChiNext rules."
STOCK_RS_PULLBACK_v1:600229.SH:2015-05-13:invalid,T1_NO_ENTRY_DAY_EXIT,A-share T+1,CRITICAL,"[""2015-05-14 00:00:00"", null]",true,,PASS,True,"""exit must follow entry date""",OpenCode (assistant),2026-07-17T10:13:39Z,"Manual review confirmed check logic, source evidence, and applicable recorded/recalculated values."
STOCK_RS_PULLBACK_v1:600229.SH:2015-05-13:invalid,PRICE_ADJUSTMENT_CONSISTENCY,Adjustment series consistency,CRITICAL,"[""qfq""]","[""qfq""]",,PASS,True,"""signal/entry/exit adj_type""",OpenCode (assistant),2026-07-17T10:13:39Z,"Manual review confirmed check logic, source evidence, and applicable recorded/recalculated values."
STOCK_RS_PULLBACK_v1:600229.SH:2015-05-13:invalid,EXECUTION_REALISM,Raw execution-price realism,BLOCKING_DATA,"[""False"", false]",true,,NOT_EVALUABLE_EXECUTION_REALISM,True,"""requires raw prices and adjustment factors""",OpenCode (assistant),2026-07-17T10:13:39Z,Confirmed blocking data limitation: sampled bars are qfq-only; raw execution prices and complete adjustment factors are unavailable.
STOCK_RS_PULLBACK_v1:600229.SH:2015-05-13:invalid,HISTORICAL_ST_STATUS,Historical ST status,BLOCKING_DATA,,,,NOT_EVALUABLE_MISSING_HISTORICAL_ST,True,"""provider history unavailable""",OpenCode (assistant),2026-07-17T10:13:39Z,Confirmed blocking data limitation: source lacks reliable point-in-time historical ST status.
STOCK_RS_PULLBACK_v1:600229.SH:2015-05-13:invalid,LIMIT_PRICE_VERIFICATION,Board/date-specific limit price,BLOCKING_DATA,,,,NOT_EVALUABLE_LIMIT_PRICE,True,"""requires historical board/ST/listing-stage rules""",OpenCode (assistant),2026-07-17T10:13:39Z,Confirmed blocking data limitation: exact board/date/listing-stage/ST limit prices cannot be reconstructed from frozen inputs.
STOCK_RS_PULLBACK_v1:600229.SH:2015-05-13:invalid,INVALID_REASON_RECONSTRUCTION,Invalid reason,CRITICAL,"""invalid_limit_up_cannot_buy""","""invalid_limit_up_cannot_buy""",,FAIL,True,"""independent invalid reason reconstruction""",OpenCode (assistant),2026-07-17T10:13:39Z,"Engine error confirmed: entry bar had positive volume and open below intraday high (not one-price limit-up), so next-open order was executable; daily close-based is_limit_up must not reject open fill. 300039.SZ also used invalid fixed 9.8% threshold under 2022 ChiNext rules."
STOCK_RS_PULLBACK_v1:300039.SZ:2022-02-18:invalid,UNIVERSE_TRADABLE_AT_SIGNAL,Signal-day universe,CRITICAL,"""300039.SZ""",true,,PASS,True,"""signal_date=2022-02-18 00:00:00""",OpenCode (assistant),2026-07-17T10:13:39Z,"Manual review confirmed check logic, source evidence, and applicable recorded/recalculated values."
STOCK_RS_PULLBACK_v1:300039.SZ:2022-02-18:invalid,DATE_ORDER_VALID,Pullback/trigger/entry order,CRITICAL,"[""2022-02-16 00:00:00"", ""2022-02-18 00:00:00"", ""2022-02-21 00:00:00""]",true,,PASS,True,"""strictly increasing dates""",OpenCode (assistant),2026-07-17T10:13:39Z,"Manual review confirmed check logic, source evidence, and applicable recorded/recalculated values."
STOCK_RS_PULLBACK_v1:300039.SZ:2022-02-18:invalid,NO_LOOKAHEAD_IN_INDICATORS,Prefix-only indicator reconstruction,CRITICAL,"{""benchmark_ret20"": -0.015970872040501516, ""high_10d"": 7.14, ""ma20"": 6.008, ""ma60"": 5.259833333333333, ""ret20"": 0.14700854700854715, ""vol_ma5"": 117069394.6}","{""benchmark_ret20"": -0.015970872040501516, ""high_10d"": 7.14, ""ma20"": 6.007999999999999, ""ma60"": 5.259833333333332, ""ret20"": 0.14700854700854715, ""vol_ma5"": 117069394.6}",,PASS,True,"""prefix-only rolling recomputation""",OpenCode (assistant),2026-07-17T10:13:39Z,"Manual review confirmed check logic, source evidence, and applicable recorded/recalculated values."
STOCK_RS_PULLBACK_v1:300039.SZ:2022-02-18:invalid,ENTRY_IS_NEXT_TRADING_DAY_OPEN,Next trading-day open entry,CRITICAL,"[""2022-02-21"", 6.64]","[""2022-02-21 00:00:00"", 6.64]",,PASS,True,"""first stock bar after trigger""",OpenCode (assistant),2026-07-17T10:13:39Z,"Manual review confirmed check logic, source evidence, and applicable recorded/recalculated values."
STOCK_RS_PULLBACK_v1:300039.SZ:2022-02-18:invalid,ENTRY_DAY_EXECUTABLE,Entry-day execution status,CRITICAL,"{""adj_factor"": null, ""adj_type"": ""qfq"", ""close"": 7.45, ""code"": ""300039.SZ"", ""date"": ""2022-02-21 00:00:00"", ""high"": 7.93, ""is_limit_down"": false, ""is_limit_up"": true, ""is_st"": false, ""is_suspended"": false, ""low"": 6.39, ""open"": 6.64, ""source"": ""tongdaxin_export"", ""volume"": 158808007}","{""executable"": false, ""expected_outcome"": ""limit-up entry correctly rejected""}",,FAIL,True,"""suspension and limit-up flags""",OpenCode (assistant),2026-07-17T10:13:39Z,"Engine error confirmed: entry bar had positive volume and open below intraday high (not one-price limit-up), so next-open order was executable; daily close-based is_limit_up must not reject open fill. 300039.SZ also used invalid fixed 9.8% threshold under 2022 ChiNext rules."
STOCK_RS_PULLBACK_v1:300039.SZ:2022-02-18:invalid,T1_NO_ENTRY_DAY_EXIT,A-share T+1,CRITICAL,"[""2022-02-21 00:00:00"", null]",true,,PASS,True,"""exit must follow entry date""",OpenCode (assistant),2026-07-17T10:13:39Z,"Manual review confirmed check logic, source evidence, and applicable recorded/recalculated values."
STOCK_RS_PULLBACK_v1:300039.SZ:2022-02-18:invalid,PRICE_ADJUSTMENT_CONSISTENCY,Adjustment series consistency,CRITICAL,"[""qfq""]","[""qfq""]",,PASS,True,"""signal/entry/exit adj_type""",OpenCode (assistant),2026-07-17T10:13:39Z,"Manual review confirmed check logic, source evidence, and applicable recorded/recalculated values."
STOCK_RS_PULLBACK_v1:300039.SZ:2022-02-18:invalid,EXECUTION_REALISM,Raw execution-price realism,BLOCKING_DATA,"[""False"", false]",true,,NOT_EVALUABLE_EXECUTION_REALISM,True,"""requires raw prices and adjustment factors""",OpenCode (assistant),2026-07-17T10:13:39Z,Confirmed blocking data limitation: sampled bars are qfq-only; raw execution prices and complete adjustment factors are unavailable.
STOCK_RS_PULLBACK_v1:300039.SZ:2022-02-18:invalid,HISTORICAL_ST_STATUS,Historical ST status,BLOCKING_DATA,,,,NOT_EVALUABLE_MISSING_HISTORICAL_ST,True,"""provider history unavailable""",OpenCode (assistant),2026-07-17T10:13:39Z,Confirmed blocking data limitation: source lacks reliable point-in-time historical ST status.
STOCK_RS_PULLBACK_v1:300039.SZ:2022-02-18:invalid,LIMIT_PRICE_VERIFICATION,Board/date-specific limit price,BLOCKING_DATA,,,,NOT_EVALUABLE_LIMIT_PRICE,True,"""requires historical board/ST/listing-stage rules""",OpenCode (assistant),2026-07-17T10:13:39Z,Confirmed blocking data limitation: exact board/date/listing-stage/ST limit prices cannot be reconstructed from frozen inputs.
STOCK_RS_PULLBACK_v1:300039.SZ:2022-02-18:invalid,INVALID_REASON_RECONSTRUCTION,Invalid reason,CRITICAL,"""invalid_limit_up_cannot_buy""","""invalid_limit_up_cannot_buy""",,FAIL,True,"""independent invalid reason reconstruction""",OpenCode (assistant),2026-07-17T10:13:39Z,"Engine error confirmed: entry bar had positive volume and open below intraday high (not one-price limit-up), so next-open order was executable; daily close-based is_limit_up must not reject open fill. 300039.SZ also used invalid fixed 9.8% threshold under 2022 ChiNext rules."
STOCK_RS_PULLBACK_v1:000034.SZ:2015-11-09:invalid,UNIVERSE_TRADABLE_AT_SIGNAL,Signal-day universe,CRITICAL,"""000034.SZ""",true,,PASS,True,"""signal_date=2015-11-09 00:00:00""",OpenCode (assistant),2026-07-17T10:13:39Z,"Manual review confirmed check logic, source evidence, and applicable recorded/recalculated values."
STOCK_RS_PULLBACK_v1:000034.SZ:2015-11-09:invalid,DATE_ORDER_VALID,Pullback/trigger/entry order,CRITICAL,"[""2015-11-06 00:00:00"", ""2015-11-09 00:00:00"", ""2015-11-10 00:00:00""]",true,,PASS,True,"""strictly increasing dates""",OpenCode (assistant),2026-07-17T10:13:39Z,"Manual review confirmed check logic, source evidence, and applicable recorded/recalculated values."
STOCK_RS_PULLBACK_v1:000034.SZ:2015-11-09:invalid,NO_LOOKAHEAD_IN_INDICATORS,Prefix-only indicator reconstruction,CRITICAL,"{""benchmark_ret20"": 0.11389075003843141, ""high_10d"": 11.33, ""ma20"": 10.1985, ""ma60"": 7.100833333333333, ""ret20"": 0.2207505518763797, ""vol_ma5"": 25407258.2}","{""benchmark_ret20"": 0.11389075003843141, ""high_10d"": 11.33, ""ma20"": 10.1985, ""ma60"": 7.100833333333335, ""ret20"": 0.2207505518763797, ""vol_ma5"": 25407258.2}",,PASS,True,"""prefix-only rolling recomputation""",OpenCode (assistant),2026-07-17T10:13:39Z,"Manual review confirmed check logic, source evidence, and applicable recorded/recalculated values."
STOCK_RS_PULLBACK_v1:000034.SZ:2015-11-09:invalid,ENTRY_IS_NEXT_TRADING_DAY_OPEN,Next trading-day open entry,CRITICAL,"[""2015-11-10"", 10.92]","[""2015-11-10 00:00:00"", 10.92]",,PASS,True,"""first stock bar after trigger""",OpenCode (assistant),2026-07-17T10:13:39Z,"Manual review confirmed check logic, source evidence, and applicable recorded/recalculated values."
STOCK_RS_PULLBACK_v1:000034.SZ:2015-11-09:invalid,ENTRY_DAY_EXECUTABLE,Entry-day execution status,CRITICAL,"{""adj_factor"": null, ""adj_type"": ""qfq"", ""close"": 12.32, ""code"": ""000034.SZ"", ""date"": ""2015-11-10 00:00:00"", ""high"": 12.32, ""is_limit_down"": false, ""is_limit_up"": true, ""is_st"": false, ""is_suspended"": false, ""low"": 10.81, ""open"": 10.92, ""source"": ""tongdaxin_export"", ""volume"": 34412551}","{""executable"": false, ""expected_outcome"": ""limit-up entry correctly rejected""}",,FAIL,True,"""suspension and limit-up flags""",OpenCode (assistant),2026-07-17T10:13:39Z,"Engine error confirmed: entry bar had positive volume and open below intraday high (not one-price limit-up), so next-open order was executable; daily close-based is_limit_up must not reject open fill. 300039.SZ also used invalid fixed 9.8% threshold under 2022 ChiNext rules."
STOCK_RS_PULLBACK_v1:000034.SZ:2015-11-09:invalid,T1_NO_ENTRY_DAY_EXIT,A-share T+1,CRITICAL,"[""2015-11-10 00:00:00"", null]",true,,PASS,True,"""exit must follow entry date""",OpenCode (assistant),2026-07-17T10:13:39Z,"Manual review confirmed check logic, source evidence, and applicable recorded/recalculated values."
STOCK_RS_PULLBACK_v1:000034.SZ:2015-11-09:invalid,PRICE_ADJUSTMENT_CONSISTENCY,Adjustment series consistency,CRITICAL,"[""qfq""]","[""qfq""]",,PASS,True,"""signal/entry/exit adj_type""",OpenCode (assistant),2026-07-17T10:13:39Z,"Manual review confirmed check logic, source evidence, and applicable recorded/recalculated values."
STOCK_RS_PULLBACK_v1:000034.SZ:2015-11-09:invalid,EXECUTION_REALISM,Raw execution-price realism,BLOCKING_DATA,"[""False"", false]",true,,NOT_EVALUABLE_EXECUTION_REALISM,True,"""requires raw prices and adjustment factors""",OpenCode (assistant),2026-07-17T10:13:39Z,Confirmed blocking data limitation: sampled bars are qfq-only; raw execution prices and complete adjustment factors are unavailable.
STOCK_RS_PULLBACK_v1:000034.SZ:2015-11-09:invalid,HISTORICAL_ST_STATUS,Historical ST status,BLOCKING_DATA,,,,NOT_EVALUABLE_MISSING_HISTORICAL_ST,True,"""provider history unavailable""",OpenCode (assistant),2026-07-17T10:13:39Z,Confirmed blocking data limitation: source lacks reliable point-in-time historical ST status.
STOCK_RS_PULLBACK_v1:000034.SZ:2015-11-09:invalid,LIMIT_PRICE_VERIFICATION,Board/date-specific limit price,BLOCKING_DATA,,,,NOT_EVALUABLE_LIMIT_PRICE,True,"""requires historical board/ST/listing-stage rules""",OpenCode (assistant),2026-07-17T10:13:39Z,Confirmed blocking data limitation: exact board/date/listing-stage/ST limit prices cannot be reconstructed from frozen inputs.
STOCK_RS_PULLBACK_v1:000034.SZ:2015-11-09:invalid,INVALID_REASON_RECONSTRUCTION,Invalid reason,CRITICAL,"""invalid_limit_up_cannot_buy""","""invalid_limit_up_cannot_buy""",,FAIL,True,"""independent invalid reason reconstruction""",OpenCode (assistant),2026-07-17T10:13:39Z,"Engine error confirmed: entry bar had positive volume and open below intraday high (not one-price limit-up), so next-open order was executable; daily close-based is_limit_up must not reject open fill. 300039.SZ also used invalid fixed 9.8% threshold under 2022 ChiNext rules."
