code,date,status,affine_feasible,affine_slope_min,affine_slope_max,affine_intercept_min,affine_intercept_max,affine_unbounded_slope,ratio_feasible,ratio_slope_min,ratio_slope_max
920245.BJ,2023-01-11,PASS_ROUNDING_INTERVAL_SET,True,0.0,inf,-3.54,-3.5300000000000002,True,True,0.6744827586206896,0.6754022988505747
920395.BJ,2023-01-12,PASS_ROUNDING_INTERVAL_SET,True,0.0,inf,-10.850000000000001,-10.84,True,True,0.2252766868975366,0.22599071760085684
920509.BJ,2022-11-10,PASS_ROUNDING_INTERVAL_SET,True,0.0,inf,-5.540000000000001,-5.529999999999998,True,True,0.5927967658948915,0.5935317897831681
600010.SH,2001-03-20,PASS_ROUNDING_INTERVAL_SET,True,0.0,0.25,-0.09687500000000004,-0.09187500000000004,False,True,0.11026615969581749,0.1111111111111111
600010.SH,2001-03-21,PASS_ROUNDING_INTERVAL_SET,True,0.0,0.24999999999999445,-0.09562499999998175,-0.09062499999998175,False,True,0.11043412033511044,0.11127933383800151
600010.SH,2001-03-27,PASS_ROUNDING_INTERVAL_SET,True,0.0,0.3333333333333309,-0.3724999999999917,-0.36749999999999183,False,True,0.11060948081264109,0.11161048689138577
600010.SH,2001-03-28,PASS_ROUNDING_INTERVAL_SET,True,0.0,0.3333333333333309,-0.37083333333332524,-0.36583333333332513,False,True,0.11077618688771665,0.11177794448612154
600010.SH,2001-04-24,PASS_ROUNDING_INTERVAL_SET,True,0.0,0.3333333333333309,-0.3724999999999917,-0.36749999999999183,False,True,0.11060948081264109,0.11161048689138577
600010.SH,2001-07-10,PASS_ROUNDING_INTERVAL_SET,True,0.0,0.25,-0.06937499999999996,-0.06437499999999996,False,True,0.11508220157255183,0.1158493248045487
600010.SH,2001-09-03,PASS_ROUNDING_INTERVAL_SET,True,0.0,0.2000000000000009,0.050499999999997325,0.05549999999999733,False,True,0.10849453322119428,0.10925771476230192
600010.SH,2002-06-19,PASS_ROUNDING_INTERVAL_SET,True,0.0,0.2000000000000009,0.0014999999999977254,0.00649999999999773,False,True,0.10029791459781529,0.10127826941986234
600010.SH,2002-07-31,PASS_ROUNDING_INTERVAL_SET,True,0.0,0.25,-0.09687500000000004,-0.09187500000000004,False,True,0.1072410632447296,0.10828025477707005
600010.SH,2002-08-21,PASS_ROUNDING_INTERVAL_SET,True,0.0,0.2000000000000009,0.03949999999999754,0.04449999999999754,False,True,0.1072410632447296,0.1080835603996367
600010.SH,2002-08-22,PASS_ROUNDING_INTERVAL_SET,True,0.0,0.2000000000000009,0.03949999999999754,0.04449999999999754,False,True,0.1072410632447296,0.1080835603996367
600010.SH,2002-09-10,PASS_ROUNDING_INTERVAL_SET,True,0.0,0.2000000000000009,0.025499999999997636,0.03049999999999764,False,True,0.10490856592877768,0.10581506196377503
600010.SH,2002-11-06,PASS_ROUNDING_INTERVAL_SET,True,0.0,0.3333333333333309,-0.320833333333327,-0.31583333333332697,False,True,0.10418695228821812,0.10551790900290417
600010.SH,2003-06-23,PASS_ROUNDING_INTERVAL_SET,True,0.0,0.33333333333334075,-0.2958333333333518,-0.2908333333333518,False,True,0.10732196589769308,0.1086739780658026
600010.SH,2003-08-12,PASS_ROUNDING_INTERVAL_SET,True,0.0,0.25,-0.09437499999999999,-0.08937499999999998,False,True,0.10531803962460896,0.10651499482936919
600010.SH,2003-08-27,PASS_ROUNDING_INTERVAL_SET,True,0.0,0.25,-0.10187500000000005,-0.09687500000000004,False,True,0.10253583241455347,0.10382513661202185
600010.SH,2003-09-29,PASS_ROUNDING_INTERVAL_SET,True,0.0,0.19999999999999735,-0.0014999999999943392,0.0035000000000056652,False,True,0.0996483001172333,0.10081112398609501
600010.SH,2004-07-19,PASS_ROUNDING_INTERVAL_SET,True,0.0,0.19999999999999735,0.030500000000005523,0.03550000000000553,False,True,0.10735826296743065,0.10846245530393325
600010.SH,2004-08-03,PASS_ROUNDING_INTERVAL_SET,True,0.0,0.25,-0.07937500000000003,-0.07437500000000002,False,True,0.10493046776232616,0.10638297872340426
600010.SH,2004-09-08,PASS_ROUNDING_INTERVAL_SET,True,0.0,0.25,-0.07062500000000005,-0.06562500000000004,False,True,0.10851808634772461,0.10982658959537571
600010.SH,2004-11-18,PASS_ROUNDING_INTERVAL_SET,True,0.0,0.24999999999999445,-0.06937499999998809,-0.06437499999998808,False,True,0.10877192982456141,0.11008111239860949
600010.SH,2004-11-19,PASS_ROUNDING_INTERVAL_SET,True,0.0,0.25,-0.07062500000000005,-0.06562500000000004,False,True,0.10851808634772461,0.10982658959537571
600010.SH,2004-11-24,PASS_ROUNDING_INTERVAL_SET,True,0.0,0.19999999999999735,0.037500000000005695,0.0425000000000057,False,True,0.10877192982456141,0.10982658959537571
600010.SH,2004-12-24,PASS_ROUNDING_INTERVAL_SET,True,0.0,0.2000000000000009,0.044499999999997986,0.04949999999999799,False,True,0.11010215664018161,0.1111111111111111
600010.SH,2005-01-11,PASS_ROUNDING_INTERVAL_SET,True,0.0,0.3333333333333309,-0.2474999999999949,-0.2424999999999949,False,True,0.10709987966305655,0.1087216248506571
600010.SH,2005-01-12,PASS_ROUNDING_INTERVAL_SET,True,0.0,0.24999999999999445,-0.0731249999999884,-0.06812499999998839,False,True,0.10735826296743065,0.1087216248506571
600010.SH,2005-01-17,PASS_ROUNDING_INTERVAL_SET,True,0.0,0.25,-0.075625,-0.070625,False,True,0.10648714810281518,0.10787878787878788
600010.SH,2005-09-12,PASS_ROUNDING_INTERVAL_SET,True,0.0,0.25,-0.06312499999999999,-0.05812499999999998,False,True,0.11111111111111112,0.1123227917121047
600010.SH,2005-09-16,PASS_ROUNDING_INTERVAL_SET,True,0.0,0.4999999999999889,-0.6362499999999746,-0.6312499999999744,False,True,0.11062431544359257,0.1123227917121047
600010.SH,2005-09-20,PASS_ROUNDING_INTERVAL_SET,True,0.0,0.2000000000000009,0.051499999999997936,0.05649999999999794,False,True,0.1113561190738699,0.1123227917121047
600010.SH,2005-09-30,PASS_ROUNDING_INTERVAL_SET,True,0.0,0.2000000000000009,0.051499999999997936,0.05649999999999794,False,True,0.1113561190738699,0.1123227917121047
600010.SH,2005-10-17,PASS_ROUNDING_INTERVAL_SET,True,0.0,0.5000000000000111,-0.6162500000000245,-0.6112500000000246,False,True,0.11010215664018161,0.11186440677966102
600010.SH,2005-11-29,PASS_ROUNDING_INTERVAL_SET,True,0.0,0.49999999999999445,-0.048749999999994464,-0.04374999999999446,False,True,0.22531645569620254,0.22807017543859648
600010.SH,2005-12-27,PASS_ROUNDING_INTERVAL_SET,True,0.0,0.9999999999999778,-0.5774999999999763,-0.5724999999999761,False,True,0.23076923076923075,0.23433874709976796
600010.SH,2006-08-25,PASS_ROUNDING_INTERVAL_SET,True,0.0,0.9999999999999778,-0.4324999999999768,-0.4274999999999769,False,True,0.29156626506024097,0.2949640287769784
600022.SH,2014-06-09,PASS_ROUNDING_INTERVAL_SET,False,,,,,False,True,0.6807817589576548,0.6872964169381106
600022.SH,2014-06-11,PASS_ROUNDING_INTERVAL_SET,False,,,,,False,True,0.6807817589576548,0.6872964169381106
600022.SH,2014-06-18,PASS_ROUNDING_INTERVAL_SET,False,,,,,False,True,0.6807817589576548,0.6872964169381106
600053.SH,1997-08-08,PASS_ROUNDING_INTERVAL_SET,True,0.0,1.0000000000001776,-1.9075000000012148,-1.902500000001214,False,True,0.36040980607391143,0.36087751371115173
600053.SH,2006-06-08,PASS_ROUNDING_INTERVAL_SET,True,0.0,inf,-2.8899999999999997,-2.88,True,True,0.24246395806028834,0.2450851900393185
600055.SH,1997-08-28,PASS_ROUNDING_INTERVAL_SET,True,0.0,0.08333333333333272,-0.5677083333333285,-0.5627083333333285,False,True,0.005972964476579691,0.006552262090483619
600063.SH,2008-09-19,PASS_ROUNDING_INTERVAL_SET,True,0.0,0.4999999999999889,-0.39874999999997196,-0.39374999999997184,False,True,0.17111770524233433,0.17241379310344826
600067.SH,2003-06-18,PASS_ROUNDING_INTERVAL_SET,True,0.0,0.25000000000000555,-0.9418750000000257,-0.9368750000000255,False,True,0.022343324250681196,0.02333152468800868
600103.SH,2003-08-15,PASS_ROUNDING_INTERVAL_SET,True,0.0,0.9999999999999556,-0.24749999999991945,-0.24249999999991934,False,True,0.43172413793103454,0.4332874828060522
600106.SH,2003-08-27,PASS_ROUNDING_INTERVAL_SET,True,0.0,0.25,-0.583125,-0.578125,False,True,0.046464646464646465,0.04755525787006028
600108.SH,2004-04-15,PASS_ROUNDING_INTERVAL_SET,True,0.0,1.0,-1.1124999999999998,-1.1075,False,True,0.3080241587575496,0.30921619293712316
600109.SH,2002-08-07,PASS_ROUNDING_INTERVAL_SET,True,0.0,0.16666666666667038,-0.8095833333333574,-0.8045833333333573,False,True,0.02055060100814269,0.021227325357005018
600110.SH,2003-09-11,PASS_ROUNDING_INTERVAL_SET,True,0.0,0.4999999999999778,-0.10874999999994284,-0.10374999999994294,False,True,0.22882181110029212,0.22987390882638212
600118.SH,2005-06-14,PASS_ROUNDING_INTERVAL_SET,True,0.0,inf,-3.66,-3.6500000000000004,True,True,0.36732929991356955,0.369057908383751
600120.SH,1999-12-14,PASS_ROUNDING_INTERVAL_SET,True,0.0,0.111111111111107,-1.4508333333332701,-1.4458333333332702,False,True,0.008304836345872008,0.00860529306705634
600125.SH,2002-09-06,PASS_ROUNDING_INTERVAL_SET,True,0.0,0.1666666666666753,-0.8445833333333872,-0.8395833333333871,False,True,0.0156312625250501,0.016354208216992426
600126.SH,2016-09-08,PASS_ROUNDING_INTERVAL_SET,True,0.0,inf,-2.5999999999999996,-2.59,True,True,0.666880204996797,0.6681614349775785
600157.SH,1999-03-26,PASS_ROUNDING_INTERVAL_SET,True,0.0,0.05882352941176417,-0.09808823529411287,-0.09308823529411286,False,True,0.02389654202980039,0.02422723475355054
600157.SH,2000-08-29,PASS_ROUNDING_INTERVAL_SET,True,0.0,0.11111111111111015,-0.011944444444435764,-0.00694444444443576,False,True,0.05489655172413793,0.05517430688992588
600157.SH,2001-05-16,PASS_ROUNDING_INTERVAL_SET,True,0.0,0.08333333333333395,0.16520833333332863,0.17020833333332863,False,True,0.052425919895799415,0.05266558966074314
600157.SH,2001-05-28,PASS_ROUNDING_INTERVAL_SET,True,0.0,0.07692307692307863,0.20557692307691022,0.21057692307691023,False,True,0.05210753401924992,0.05231984205330702
600157.SH,2001-05-29,PASS_ROUNDING_INTERVAL_SET,True,0.0,0.08333333333333519,0.15729166666665262,0.16229166666665262,False,True,0.05210753401924992,0.052354297003622
600157.SH,2001-06-20,PASS_ROUNDING_INTERVAL_SET,True,0.0,0.08333333333333395,0.16895833333332844,0.17395833333332844,False,True,0.05256368913253789,0.0528
600157.SH,2001-06-28,PASS_ROUNDING_INTERVAL_SET,True,0.0,0.08333333333333519,0.1727083333333187,0.1777083333333187,False,True,0.05269881826892366,0.05293185419968305
600157.SH,2001-07-04,PASS_ROUNDING_INTERVAL_SET,True,0.0,0.11111111111111358,-0.04638888888890813,-0.041388888888908126,False,True,0.05256368913253789,0.052901571016351394
600157.SH,2001-07-05,PASS_ROUNDING_INTERVAL_SET,True,0.0,0.10000000000000223,0.03924999999998269,0.04424999999998269,False,True,0.05252980986142442,0.052833813640730067
600157.SH,2001-07-19,PASS_ROUNDING_INTERVAL_SET,True,0.0,0.11111111111111358,-0.04638888888890824,-0.04138888888890824,False,True,0.052598023589416634,0.05293185419968305
600157.SH,2001-10-31,PASS_ROUNDING_INTERVAL_SET,True,0.0,0.10000000000000223,-0.06175000000001135,-0.05675000000001135,False,True,0.04390725209669462,0.04445530043966781
600157.SH,2001-11-27,PASS_ROUNDING_INTERVAL_SET,True,0.0,0.11111111111111138,-0.11583333333333479,-0.11083333333333478,False,True,0.044476327116212334,0.04504504504504504
600157.SH,2002-07-26,PASS_ROUNDING_INTERVAL_SET,True,0.0,0.1666666666666753,-0.3995833333333772,-0.3945833333333772,False,True,0.04390725209669462,0.04462972045120158
600157.SH,2002-09-04,PASS_ROUNDING_INTERVAL_SET,True,0.0,0.16666666666667038,-0.40208333333335194,-0.39708333333335194,False,True,0.04330512692882031,0.04403760514596735
600157.SH,2002-09-06,PASS_ROUNDING_INTERVAL_SET,True,0.0,0.14285714285714604,-0.2825000000000159,-0.2775000000000159,False,True,0.04290762241292276,0.04360902255639098
600157.SH,2002-09-12,PASS_ROUNDING_INTERVAL_SET,True,0.0,0.12500000000000278,-0.18968750000001416,-0.18468750000001416,False,True,0.043820777941900535,0.04445530043966781
600157.SH,2002-09-25,PASS_ROUNDING_INTERVAL_SET,True,0.0,0.10000000000000223,-0.06475000000001119,-0.05975000000001113,False,True,0.04352176088044021,0.04408122833085686
600157.SH,2002-10-10,PASS_ROUNDING_INTERVAL_SET,True,0.0,0.25000000000000555,-0.784375000000026,-0.7793750000000259,False,True,0.04115446285408872,0.042043640234167116
600157.SH,2003-08-11,PASS_ROUNDING_INTERVAL_SET,True,0.0,0.11111111111111029,-0.15527777777777474,-0.15027777777777473,False,True,0.034529451591062965,0.03545150501672241
600157.SH,2003-08-22,PASS_ROUNDING_INTERVAL_SET,True,0.0,0.1428571428571424,-0.2724999999999984,-0.2674999999999984,False,True,0.033816425120772944,0.03485987696514012
600157.SH,2004-03-24,PASS_ROUNDING_INTERVAL_SET,True,0.0,0.09090909090909145,-0.06340909090909314,-0.05840909090909313,False,True,0.03763109191856878,0.03834449178332319
600157.SH,2004-04-07,PASS_ROUNDING_INTERVAL_SET,True,0.0,0.09090909090909145,-0.06340909090909314,-0.05840909090909313,False,True,0.03763109191856878,0.03834449178332319
600157.SH,2004-06-02,PASS_ROUNDING_INTERVAL_SET,True,0.0,0.125,-0.21343750000000003,-0.20843750000000003,False,True,0.03061986557132188,0.03173431734317343
600157.SH,2004-06-10,PASS_ROUNDING_INTERVAL_SET,True,0.0,0.09090909090909145,-0.10840909090909262,-0.10340909090909262,False,True,0.028067361668003204,0.029156816390858944
600157.SH,2004-08-09,PASS_ROUNDING_INTERVAL_SET,True,0.0,0.125,-0.21531250000000002,-0.2103125,False,True,0.028883684621389537,0.030069390902081727
600157.SH,2004-08-13,PASS_ROUNDING_INTERVAL_SET,True,0.0,0.09090909090909145,-0.10840909090909262,-0.10340909090909262,False,True,0.028067361668003204,0.029156816390858944
600157.SH,2004-08-18,PASS_ROUNDING_INTERVAL_SET,True,0.0,0.09999999999999956,-0.13624999999999865,-0.13124999999999865,False,True,0.028112449799196786,0.029249011857707508
600157.SH,2004-11-05,PASS_ROUNDING_INTERVAL_SET,True,0.0,0.1428571428571424,-0.2689285714285703,-0.2639285714285703,False,True,0.018645731108930325,0.02032913843175218
600157.SH,2004-12-28,PASS_ROUNDING_INTERVAL_SET,True,0.0,0.1428571428571424,-0.26821428571428446,-0.26321428571428446,False,True,0.022706630336058128,0.0242152466367713
600157.SH,2004-12-29,PASS_ROUNDING_INTERVAL_SET,True,0.0,0.11111111111111138,-0.18083333333333407,-0.17583333333333406,False,True,0.022706630336058128,0.02412868632707775
600157.SH,2005-01-17,PASS_ROUNDING_INTERVAL_SET,True,0.0,0.09090909090909073,-0.13522727272727225,-0.13022727272727225,False,True,0.01875616979269497,0.02028985507246377
600157.SH,2005-01-18,PASS_ROUNDING_INTERVAL_SET,True,0.0,0.09090909090909073,-0.13568181818181774,-0.13068181818181773,False,True,0.0187192118226601,0.020250723240115717
600157.SH,2005-01-20,PASS_ROUNDING_INTERVAL_SET,True,0.0,0.1428571428571424,-0.27035714285714174,-0.26535714285714174,False,True,0.01857282502443793,0.020250723240115717
600157.SH,2005-01-25,PASS_ROUNDING_INTERVAL_SET,True,0.0,0.11111111111111029,-0.1852777777777756,-0.1802777777777756,False,True,0.020095693779904306,0.021636876763875823
600157.SH,2005-02-23,PASS_ROUNDING_INTERVAL_SET,True,0.0,0.09090909090909073,-0.13522727272727225,-0.13022727272727225,False,True,0.01875616979269497,0.02028985507246377
600157.SH,2005-02-24,PASS_ROUNDING_INTERVAL_SET,True,0.0,0.11111111111111138,-0.1875000000000007,-0.1825000000000007,False,True,0.018682399213372666,0.02028985507246377
600157.SH,2005-03-09,PASS_ROUNDING_INTERVAL_SET,True,0.0,0.1428571428571424,-0.2682142857142845,-0.2632142857142845,False,True,0.020095693779904306,0.021718602455146365
600157.SH,2005-03-11,PASS_ROUNDING_INTERVAL_SET,True,0.0,0.25,-0.541875,-0.536875,False,True,0.018645731108930325,0.020447906523855894
600157.SH,2005-03-16,PASS_ROUNDING_INTERVAL_SET,True,0.0,0.16666666666666544,-0.3254166666666637,-0.3204166666666637,False,True,0.015608740894901146,0.01747173689619733
600157.SH,2005-04-19,PASS_ROUNDING_INTERVAL_SET,True,0.0,0.0909090909090906,-0.156136363636363,-0.151136363636363,False,True,0.008323424494649227,0.010428736964078793
600157.SH,2005-04-22,PASS_ROUNDING_INTERVAL_SET,True,0.0,0.08333333333333325,-0.14395833333333316,-0.13895833333333313,False,True,0.006165228113440197,0.008383233532934131
600157.SH,2005-05-17,PASS_ROUNDING_INTERVAL_SET,True,0.0,0.1428571428571423,-0.2639285714285703,-0.2589285714285703,False,True,0.0038412291933418692,0.006289308176100629
600157.SH,2005-05-18,PASS_ROUNDING_INTERVAL_SET,True,0.0,0.11111111111111131,-0.20305555555555593,-0.19805555555555596,False,True,0.003821656050955414,0.006226650062266501
600157.SH,2005-06-02,PASS_ROUNDING_INTERVAL_SET,True,0.0,0.33333333333333043,-0.6841666666666603,-0.6791666666666603,False,True,0.010285714285714287,0.012485811577752554
600157.SH,2005-11-14,PASS_ROUNDING_INTERVAL_SET,True,0.0,0.14285714285714227,-0.2667857142857131,-0.2617857142857131,False,True,0.001314060446780552,0.003870967741935484
600157.SH,2005-11-17,PASS_ROUNDING_INTERVAL_SET,True,0.0,0.11111111111111076,-0.2036111111111104,-0.19861111111111043,False,True,0.003811944091486658,0.006211180124223602
600157.SH,2005-11-21,PASS_ROUNDING_INTERVAL_SET,True,0.0,0.11111111111111127,-0.19972222222222255,-0.19472222222222255,False,True,0.006180469715698393,0.008464328899637243
600157.SH,2005-11-24,PASS_ROUNDING_INTERVAL_SET,True,0.0,0.33333333333333054,-0.6624999999999942,-0.6574999999999942,False,True,0.00606060606060606,0.00842358604091456
600157.SH,2005-11-25,PASS_ROUNDING_INTERVAL_SET,True,0.0,0.20000000000000068,-0.3875000000000014,-0.3825000000000014,False,True,0.00606060606060606,0.008383233532934131
600157.SH,2005-11-28,PASS_ROUNDING_INTERVAL_SET,True,0.0,0.14285714285714227,-0.2639285714285702,-0.25892857142857023,False,True,0.006180469715698393,0.00850546780072904
600157.SH,2005-11-30,PASS_ROUNDING_INTERVAL_SET,True,0.0,0.12499999999999922,-0.22906249999999845,-0.22406249999999847,False,True,0.0038412291933418692,0.006273525721455458
600157.SH,2005-12-01,PASS_ROUNDING_INTERVAL_SET,True,0.0,0.19999999999999898,-0.376499999999998,-0.371499999999998,False,True,0.0038314176245210726,0.006305170239596469
600157.SH,2005-12-15,PASS_ROUNDING_INTERVAL_SET,True,0.0,0.16666666666666533,-0.310416666666664,-0.305416666666664,False,True,0.0038412291933418692,0.006305170239596469
600157.SH,2005-12-22,PASS_ROUNDING_INTERVAL_SET,True,0.0,0.24999999999999697,-0.47562499999999414,-0.47062499999999413,False,True,0.0013003901170351106,0.0038610038610038607
600157.SH,2005-12-26,PASS_ROUNDING_INTERVAL_SET,True,0.0,0.11111111111111131,-0.2025000000000004,-0.1975000000000004,False,True,0.0038314176245210726,0.006242197253433209
600157.SH,2005-12-29,PASS_ROUNDING_INTERVAL_SET,True,0.0,0.20000000000000068,-0.37950000000000134,-0.3745000000000014,False,True,0.006180469715698393,0.008547008547008546
600157.SH,2006-01-05,PASS_ROUNDING_INTERVAL_SET,True,0.0,0.14285714285714227,-0.26821428571428446,-0.2632142857142845,False,True,0.006090133982947625,0.008383233532934131
600157.SH,2006-03-13,PASS_ROUNDING_INTERVAL_SET,True,0.0,0.1428571428571424,-0.2682142857142847,-0.2632142857142847,False,True,0.013933547695605574,0.015839493136219643
600157.SH,2006-03-14,PASS_ROUNDING_INTERVAL_SET,True,0.0,0.125,-0.2240625,-0.2190625,False,True,0.014054054054054054,0.015940488841657812
600157.SH,2006-03-21,PASS_ROUNDING_INTERVAL_SET,True,0.0,0.07692307692307705,-0.10403846153846186,-0.09903846153846185,False,True,0.017293997965412002,0.018830525272547076
600157.SH,2006-03-24,PASS_ROUNDING_INTERVAL_SET,True,0.0,0.08333333333333333,-0.11979166666666666,-0.11479166666666665,False,True,0.017293997965412002,0.018867924528301886
600157.SH,2006-07-06,PASS_ROUNDING_INTERVAL_SET,True,0.0,0.09090909090909073,-0.08477272727272661,-0.0797727272727266,False,True,0.033769813921433495,0.034623217922606926
600157.SH,2006-08-11,PASS_ROUNDING_INTERVAL_SET,True,0.0,0.08333333333333333,-0.08812499999999998,-0.08312499999999998,False,True,0.027160493827160494,0.02824858757062147
600157.SH,2006-10-27,PASS_ROUNDING_INTERVAL_SET,True,0.0,0.16666666666666544,-0.3479166666666627,-0.3429166666666627,False,True,0.028928850664581705,0.030209140201394268
600157.SH,2006-11-06,PASS_ROUNDING_INTERVAL_SET,True,0.0,0.09999999999999956,-0.1342499999999986,-0.1292499999999986,False,True,0.028974158183241974,0.030069390902081727
600159.SH,2005-07-19,PASS_ROUNDING_INTERVAL_SET,True,0.0,0.9999999999999778,-0.5024999999999781,-0.49749999999997796,False,True,0.24556962025316456,0.24937027707808562
600166.SH,1998-09-30,PASS_ROUNDING_INTERVAL_SET,True,0.0,0.10000000000000045,-0.4477500000000031,-0.4427500000000031,False,True,0.016722408026755852,0.017336776097381042
600166.SH,1998-11-30,PASS_ROUNDING_INTERVAL_SET,True,0.0,0.0625000000000007,-0.1932812500000049,-0.1882812500000049,False,True,0.01746880570409982,0.01797673598872048
600166.SH,1998-12-07,PASS_ROUNDING_INTERVAL_SET,True,0.0,0.03846153846153879,-0.028173076923079188,-0.023173076923079183,False,True,0.017172086225794664,0.017569021154535677
600166.SH,1998-12-25,PASS_ROUNDING_INTERVAL_SET,True,0.0,0.04166666666666698,-0.05864583333333542,-0.05364583333333542,False,True,0.01636848115721355,0.016822429906542057
600166.SH,1998-12-29,PASS_ROUNDING_INTERVAL_SET,True,0.0,0.07692307692307758,-0.28980769230769654,-0.28480769230769654,False,True,0.015934706568208317,0.016544824932666412
600166.SH,1999-01-13,PASS_ROUNDING_INTERVAL_SET,True,0.0,0.0526315789473691,-0.13539473684210956,-0.13039473684210956,False,True,0.015531660692951013,0.016084739113377797
600166.SH,1999-01-15,PASS_ROUNDING_INTERVAL_SET,True,0.0,0.05882352941176478,-0.17632352941176516,-0.17132352941176515,False,True,0.015445544554455445,0.01602188354826104
600166.SH,1999-01-21,PASS_ROUNDING_INTERVAL_SET,True,0.0,0.05000000000000067,-0.11587500000000431,-0.1108750000000043,False,True,0.015971951694585117,0.016494054468738015
600166.SH,1999-03-08,PASS_ROUNDING_INTERVAL_SET,True,0.0,0.043478260869565515,-0.07771739130434968,-0.07271739130434968,False,True,0.015544041450777204,0.016046966731898243
600166.SH,1999-03-25,PASS_ROUNDING_INTERVAL_SET,True,0.0,0.0588235294117654,-0.17573529411765143,-0.17073529411765143,False,True,0.015470051566838556,0.016046966731898243
600166.SH,1999-03-26,PASS_ROUNDING_INTERVAL_SET,True,0.0,0.04761904761904787,-0.10345238095238252,-0.09845238095238251,False,True,0.015556441962504986,0.016084739113377797
600166.SH,1999-04-07,PASS_ROUNDING_INTERVAL_SET,True,0.0,0.04000000000000032,-0.051700000000002105,-0.0467000000000021,False,True,0.015971951694585117,0.016431027894535728
600166.SH,1999-04-13,PASS_ROUNDING_INTERVAL_SET,True,0.0,0.0714285714285721,-0.2562500000000042,-0.2512500000000042,False,True,0.014973694860380412,0.0156062424969988
600166.SH,1999-05-05,PASS_ROUNDING_INTERVAL_SET,True,0.0,0.0714285714285721,-0.2555357142857183,-0.2505357142857183,False,True,0.014012738853503185,0.014687368862778013
600166.SH,1999-05-12,PASS_ROUNDING_INTERVAL_SET,True,0.0,0.04166666666666698,-0.08260416666666845,-0.07760416666666844,False,True,0.013590530469092503,0.014169171318162303
600166.SH,1999-12-10,PASS_ROUNDING_INTERVAL_SET,True,0.0,0.05882352941176417,0.04544117647059309,0.050441176470593097,False,True,0.03193557345181894,0.032187070151306736
600166.SH,2000-11-03,PASS_ROUNDING_INTERVAL_SET,True,0.0,0.08333333333333395,-0.1602083333333374,-0.1552083333333374,False,True,0.02942300343905235,0.029912911775842484
600166.SH,2001-02-26,PASS_ROUNDING_INTERVAL_SET,True,0.0,0.06666666666666736,-0.0425000000000047,-0.037500000000004696,False,True,0.030167597765363124,0.030570902394106814
600166.SH,2001-04-30,PASS_ROUNDING_INTERVAL_SET,True,0.0,0.09090909090909145,-0.20431818181818556,-0.19931818181818556,False,True,0.030458715596330274,0.030942846741900256
600166.SH,2001-05-15,PASS_ROUNDING_INTERVAL_SET,True,0.0,0.0625000000000007,-0.0014062500000048828,0.0035937499999951217,False,True,0.031149301825993552,0.031504424778761066
600166.SH,2001-05-29,PASS_ROUNDING_INTERVAL_SET,True,0.0,0.08333333333333395,-0.14854166666667107,-0.14354166666667106,False,True,0.03106033559443056,0.031504424778761066
600166.SH,2001-06-07,PASS_ROUNDING_INTERVAL_SET,True,0.0,0.10000000000000223,-0.2622500000000165,-0.2572500000000165,False,True,0.032214309935571374,0.03267093297406534
600166.SH,2001-08-15,PASS_ROUNDING_INTERVAL_SET,True,0.0,0.10000000000000223,-0.2692500000000135,-0.2642500000000135,False,True,0.02772031443938767,0.028313500205170296
600166.SH,2001-08-21,PASS_ROUNDING_INTERVAL_SET,True,0.0,0.08333333333333395,-0.16604166666667036,-0.16104166666667036,False,True,0.02785862785862786,0.028406751749691234
600166.SH,2001-11-15,PASS_ROUNDING_INTERVAL_SET,True,0.0,0.09090909090909292,-0.24250000000000912,-0.23750000000000912,False,True,0.01840490797546012,0.019283746556473833
600166.SH,2001-12-11,PASS_ROUNDING_INTERVAL_SET,True,0.0,0.0625000000000007,-0.09328125000000345,-0.08828125000000345,False,True,0.021794221996958945,0.022443890274314218
600166.SH,2001-12-28,PASS_ROUNDING_INTERVAL_SET,True,0.0,0.0714285714285721,-0.15482142857143158,-0.14982142857143158,False,True,0.018425460636515914,0.019241341396371636
600166.SH,2002-02-28,PASS_ROUNDING_INTERVAL_SET,True,0.0,0.10000000000000223,-0.2857500000000094,-0.2807500000000094,False,True,0.0160427807486631,0.017028772753963597
600166.SH,2002-03-11,PASS_ROUNDING_INTERVAL_SET,True,0.0,0.0625000000000007,-0.11046875000000322,-0.10546875000000322,False,True,0.01915708812260536,0.019903173749327596
600166.SH,2002-03-25,PASS_ROUNDING_INTERVAL_SET,True,0.0,0.0625000000000007,-0.10203125000000329,-0.09703125000000329,False,True,0.020515518148342977,0.021210553543714438
600166.SH,2002-05-14,PASS_ROUNDING_INTERVAL_SET,True,0.0,0.0714285714285721,-0.13803571428571756,-0.13303571428571756,False,True,0.021343050494534093,0.02206259620318112
600166.SH,2002-05-28,PASS_ROUNDING_INTERVAL_SET,True,0.0,0.0625000000000007,-0.10734375000000312,-0.10234375000000312,False,True,0.019369120088544547,0.02011963023382273
600166.SH,2002-08-30,PASS_ROUNDING_INTERVAL_SET,True,0.0,0.07692307692307758,-0.14519230769231123,-0.14019230769231122,False,True,0.02484763244256915,0.025474756831866608
600166.SH,2002-09-02,PASS_ROUNDING_INTERVAL_SET,True,0.0,0.07692307692307758,-0.14634615384615735,-0.14134615384615734,False,True,0.024777933613838243,0.02540415704387991
600166.SH,2002-09-17,PASS_ROUNDING_INTERVAL_SET,True,0.0,0.06666666666666736,-0.1105000000000034,-0.1055000000000034,False,True,0.022017409114183307,0.022692889561270805
600166.SH,2002-09-25,PASS_ROUNDING_INTERVAL_SET,True,0.0,0.14285714285714604,-0.4853571428571586,-0.4803571428571586,False,True,0.021927587965323812,0.02278481012658228
600166.SH,2002-10-18,PASS_ROUNDING_INTERVAL_SET,True,0.0,0.0625000000000007,-0.10734375000000312,-0.10234375000000312,False,True,0.019369120088544547,0.02011963023382273
600166.SH,2002-10-23,PASS_ROUNDING_INTERVAL_SET,True,0.0,0.07692307692307863,-0.1694230769230849,-0.1644230769230849,False,True,0.020075963103635373,0.020866773675762444
600166.SH,2002-11-01,PASS_ROUNDING_INTERVAL_SET,True,0.0,0.0625000000000007,-0.10296875000000327,-0.09796875000000327,False,True,0.020075963103635373,0.0208
600166.SH,2002-12-11,PASS_ROUNDING_INTERVAL_SET,True,0.0,0.06666666666666736,-0.11816666666666997,-0.11316666666666997,False,True,0.02075572112825971,0.021477213200628602
600166.SH,2002-12-19,PASS_ROUNDING_INTERVAL_SET,True,0.0,0.09090909090909145,-0.2320454545454572,-0.2270454545454572,False,True,0.021320852834113363,0.02210796915167095
600166.SH,2003-02-11,PASS_ROUNDING_INTERVAL_SET,True,0.0,0.11111111111111358,-0.33083333333334686,-0.32583333333334685,False,True,0.02521779000458505,0.025920873124147346
600166.SH,2003-02-17,PASS_ROUNDING_INTERVAL_SET,True,0.0,0.09090909090909292,-0.22204545454546543,-0.21704545454546542,False,True,0.02473168455436304,0.02540415704387991
600166.SH,2004-08-16,PASS_ROUNDING_INTERVAL_SET,True,0.0,0.1666666666666679,-0.3220833333333372,-0.3170833333333372,False,True,0.031426269137792104,0.032721468475658426
600166.SH,2005-01-19,PASS_ROUNDING_INTERVAL_SET,True,0.0,0.3333333333333309,-0.8424999999999921,-0.837499999999992,False,True,0.03634957463263728,0.037721324095458045
600169.SH,1998-11-04,PASS_ROUNDING_INTERVAL_SET,True,0.0,0.11111111111111138,0.29805555555555474,0.3030555555555548,False,True,0.10780017528483786,0.10785159620362382
600169.SH,1998-11-26,PASS_ROUNDING_INTERVAL_SET,True,0.0,0.11111111111111029,0.30527777777778026,0.31027777777778026,False,True,0.10699241786015165,0.10705394190871369
600169.SH,1998-12-09,PASS_ROUNDING_INTERVAL_SET,True,0.0,0.1428571428571424,0.21178571428571563,0.21678571428571564,False,True,0.10717299578059072,0.10758965804837364
600169.SH,1999-01-25,PASS_ROUNDING_INTERVAL_SET,True,0.0,0.1428571428571424,0.2060714285714298,0.2110714285714298,False,True,0.10832587287376902,0.10875331564986737
600169.SH,1999-03-02,PASS_ROUNDING_INTERVAL_SET,True,0.0,0.16666666666666544,0.13791666666666974,0.14291666666666974,False,True,0.11024390243902438,0.11089681774349082
600169.SH,2002-09-24,PASS_ROUNDING_INTERVAL_SET,True,0.0,0.3333333333333235,-0.10916666666663288,-0.10416666666663299,False,True,0.1506245407788391,0.15142648134601316
600169.SH,2003-07-17,PASS_ROUNDING_INTERVAL_SET,True,0.0,0.4999999999999889,-0.5287499999999711,-0.523749999999971,False,True,0.1486097794822627,0.14995224450811842
600169.SH,2004-03-25,PASS_ROUNDING_INTERVAL_SET,True,0.0,0.25,0.11062499999999997,0.11562499999999998,False,True,0.14826498422712933,0.14911366006256516
600169.SH,2005-11-30,PASS_ROUNDING_INTERVAL_SET,True,0.0,0.19999999999999912,0.16550000000000165,0.17050000000000165,False,True,0.14603616133518776,0.1467764060356653
600179.SH,2011-12-15,PASS_ROUNDING_INTERVAL_SET,True,0.0,inf,-2.9499999999999997,-2.94,True,True,0.5159967186218212,0.5176374077112387
600195.SH,2000-02-15,PASS_ROUNDING_INTERVAL_SET,True,0.0,inf,-9.690000000000001,-9.68,True,True,0.10567604983848639,0.10659898477157359
600199.SH,2007-04-16,PASS_ROUNDING_INTERVAL_SET,True,0.0,inf,-4.750000000000002,-4.74,True,True,0.4168201350521792,0.4180478821362799
600208.SH,2006-03-14,PASS_ROUNDING_INTERVAL_SET,True,0.0,0.9999999999999778,-0.857499999999978,-0.8524999999999778,False,True,0.06801007556675064,0.07268170426065164
600219.SH,2005-02-17,PASS_ROUNDING_INTERVAL_SET,True,0.0,0.24999999999999412,-0.8006249999999803,-0.7956249999999803,False,True,0.005235602094240839,0.006691449814126393
600226.SH,2001-12-06,PASS_ROUNDING_INTERVAL_SET,True,0.0,0.12499999999999445,0.49781250000005595,0.5028125000000558,False,True,0.08724832214765102,0.08739787076008912
600226.SH,2004-04-01,PASS_ROUNDING_INTERVAL_SET,True,0.0,0.125,0.03281250000000002,0.03781250000000003,False,True,0.06684315023163469,0.06745252128356255
600226.SH,2004-09-03,PASS_ROUNDING_INTERVAL_SET,True,0.0,0.16666666666666544,-0.14874999999999644,-0.14374999999999644,False,True,0.057167985927880395,0.05831157528285466
600226.SH,2005-03-31,PASS_ROUNDING_INTERVAL_SET,True,0.0,0.125,-0.08218749999999997,-0.07718749999999996,False,True,0.04396843291995491,0.04540420819490588
600226.SH,2005-06-23,PASS_ROUNDING_INTERVAL_SET,True,0.0,0.16666666666666544,-0.17208333333333084,-0.16708333333333084,False,True,0.0407911001236094,0.04263093788063337
600226.SH,2005-09-15,PASS_ROUNDING_INTERVAL_SET,True,0.0,0.16666666666666544,-0.16624999999999734,-0.16124999999999734,False,True,0.04498269896193772,0.04664391353811149
600226.SH,2005-09-16,PASS_ROUNDING_INTERVAL_SET,True,0.0,0.16666666666666544,-0.16624999999999734,-0.16124999999999734,False,True,0.04498269896193772,0.04664391353811149
600226.SH,2005-12-21,PASS_ROUNDING_INTERVAL_SET,True,0.0,0.3333333333333309,-0.5308333333333279,-0.5258333333333279,False,True,0.0464326160815402,0.0483689538807649
600226.SH,2005-12-22,PASS_ROUNDING_INTERVAL_SET,True,0.0,0.19999999999999735,-0.23749999999999413,-0.23249999999999413,False,True,0.04632768361581921,0.04804469273743016
600226.SH,2006-11-23,PASS_ROUNDING_INTERVAL_SET,True,0.0,0.19999999999999735,-0.0854999999999943,-0.0804999999999943,False,True,0.08013937282229965,0.08151549942594717
600227.SH,2003-08-19,PASS_ROUNDING_INTERVAL_SET,True,0.0,0.3333333333333333,-0.025833333333333153,-0.02083333333333326,False,True,0.1638541099618944,0.16440586001085186
600239.SH,2005-12-26,PASS_ROUNDING_INTERVAL_SET,True,0.0,0.4999999999999889,-0.47624999999998663,-0.4712499999999866,False,True,0.05197505197505198,0.0556701030927835
600239.SH,2006-02-10,PASS_ROUNDING_INTERVAL_SET,True,0.0,0.5,-0.48375,-0.47875,False,True,0.07936507936507937,0.08231173380035027
600239.SH,2006-03-27,PASS_ROUNDING_INTERVAL_SET,True,0.0,0.3333333333333309,-0.26583333333333026,-0.26083333333333025,False,True,0.061386138613861385,0.06457925636007827
600246.SH,2003-08-25,PASS_ROUNDING_INTERVAL_SET,True,0.0,0.14285714285714604,-0.5810714285714523,-0.5760714285714524,False,True,0.03249581239530988,0.033011003667889297
600246.SH,2003-09-05,PASS_ROUNDING_INTERVAL_SET,True,0.0,0.25000000000001665,-1.3618750000001165,-1.3568750000001166,False,True,0.027549194991055456,0.028184088476632185
600255.SH,2001-10-24,PASS_ROUNDING_INTERVAL_SET,True,0.0,inf,-20.46,-20.45,True,True,0.07231920199501247,0.07277261391974608
600255.SH,2003-10-09,PASS_ROUNDING_INTERVAL_SET,True,0.0,0.11111111111111358,0.11027777777776471,0.11527777777776471,False,True,0.06603325415676958,0.06641544983513896
600255.SH,2003-10-17,PASS_ROUNDING_INTERVAL_SET,True,0.0,0.11111111111111358,0.10527777777776515,0.11027777777776515,False,True,0.06582155046318869,0.06621556307394878
600255.SH,2004-11-26,PASS_ROUNDING_INTERVAL_SET,True,0.0,0.11111111111111358,0.10472222222220995,0.10972222222220995,False,True,0.06612821807168097,0.06653326663331667
600255.SH,2004-12-06,PASS_ROUNDING_INTERVAL_SET,True,0.0,0.11111111111111358,0.09638888888887709,0.1013888888888771,False,True,0.06568575932737782,0.06611140031233734
600255.SH,2004-12-07,PASS_ROUNDING_INTERVAL_SET,True,0.0,0.14285714285714604,-0.054642857142872314,-0.04964285714287231,False,True,0.06568575932737782,0.06624934793948879
600255.SH,2005-05-31,PASS_ROUNDING_INTERVAL_SET,True,0.0,0.19999999999999735,-0.25549999999999184,-0.25049999999999184,False,True,0.05814905814905815,0.05930138099106417
600255.SH,2005-07-14,PASS_ROUNDING_INTERVAL_SET,True,0.0,0.11111111111111029,0.009166666666669043,0.014166666666669048,False,True,0.057167985927880395,0.05800865800865801
600268.SH,2003-07-31,PASS_ROUNDING_INTERVAL_SET,True,0.0,0.14285714285714604,-0.727500000000018,-0.722500000000018,False,True,0.006675567423230974,0.0075187969924812035
600280.SH,2001-09-21,PASS_ROUNDING_INTERVAL_SET,True,0.0,0.11111111111110891,0.11472222222224138,0.11972222222224127,False,True,0.062192652588949966,0.062446043165467625
600280.SH,2002-06-12,PASS_ROUNDING_INTERVAL_SET,True,0.0,0.14285714285714604,-0.22035714285716235,-0.21535714285716234,False,True,0.05344757241942064,0.0539553752535497
600280.SH,2003-01-28,PASS_ROUNDING_INTERVAL_SET,True,0.0,0.14285714285714604,-0.22250000000001813,-0.21750000000001812,False,True,0.0517470145953118,0.052307692307692305
600280.SH,2003-07-31,PASS_ROUNDING_INTERVAL_SET,True,0.0,0.16666666666667038,-0.35458333333335224,-0.34958333333335223,False,True,0.04855321235899951,0.049244271087274506
600280.SH,2004-04-02,PASS_ROUNDING_INTERVAL_SET,True,0.0,0.12500000000000278,-0.1771875000000116,-0.1721875000000116,False,True,0.04129263913824057,0.04208654416123296
600280.SH,2004-08-13,PASS_ROUNDING_INTERVAL_SET,True,0.0,0.1666666666666679,-0.34375000000000483,-0.3387500000000048,False,True,0.03917790622992935,0.04015296367112811
600280.SH,2004-08-19,PASS_ROUNDING_INTERVAL_SET,True,0.0,0.16666666666666544,-0.3462499999999951,-0.3412499999999951,False,True,0.03969754253308129,0.04065040650406504
600280.SH,2004-09-07,PASS_ROUNDING_INTERVAL_SET,True,0.0,0.2000000000000009,-0.46050000000000313,-0.4555000000000031,False,True,0.033788641265276774,0.03497501784439686
600280.SH,2004-09-08,PASS_ROUNDING_INTERVAL_SET,True,0.0,0.2000000000000009,-0.45950000000000313,-0.4545000000000031,False,True,0.03383729301655867,0.035025017869907075
600280.SH,2005-03-17,PASS_ROUNDING_INTERVAL_SET,True,0.0,0.16666666666666544,-0.2920833333333285,-0.28708333333332847,False,True,0.046290424857324035,0.04719949653870358
600280.SH,2005-11-09,PASS_ROUNDING_INTERVAL_SET,True,0.0,0.1428571428571442,-0.18464285714286233,-0.17964285714286232,False,True,0.04743339831059129,0.04829362524146813
600300.SH,2003-07-23,PASS_ROUNDING_INTERVAL_SET,True,0.0,0.5000000000000111,-1.7637500000000568,-1.7587500000000573,False,True,0.078345498783455,0.07916464303059738
600305.SH,2002-08-07,PASS_ROUNDING_INTERVAL_SET,True,0.0,0.20000000000000445,-1.0355000000000327,-1.0305000000000326,False,True,0.029581774906494388,0.0301592680447306
600310.SH,2003-02-20,PASS_ROUNDING_INTERVAL_SET,True,0.0,0.20000000000000445,-0.7035000000000307,-0.6985000000000305,False,True,0.04896626768226333,0.04951210697506325
600318.SH,2007-03-22,PASS_ROUNDING_INTERVAL_SET,True,0.0,inf,-7.700000000000001,-7.6899999999999995,True,True,0.3041120650700406,0.3050158156348848
600320.SH,2001-05-10,PASS_ROUNDING_INTERVAL_SET,True,0.0,0.14285714285714604,-0.6267857142857385,-0.6217857142857384,False,True,0.030042918454935622,0.03056194544857049
600320.SH,2002-09-13,PASS_ROUNDING_INTERVAL_SET,True,0.0,0.5000000000000555,-2.8562500000003466,-2.851250000000347,False,True,0.021225470564677613,0.021991203518592566
600320.SH,2002-11-04,PASS_ROUNDING_INTERVAL_SET,True,0.0,0.16666666666667038,-0.7787500000000218,-0.7737500000000217,False,True,0.01668806161745828,0.017454235845040446
600320.SH,2003-03-25,PASS_ROUNDING_INTERVAL_SET,True,0.0,0.12500000000000278,-0.5453125000000155,-0.5403125000000155,False,True,0.013833110218652387,0.014621178555604788
600320.SH,2003-08-06,PASS_ROUNDING_INTERVAL_SET,True,0.0,0.14285714285714604,-0.6239285714285899,-0.6189285714285899,False,True,0.01766479965532098,0.01841541755888651
600320.SH,2003-08-21,PASS_ROUNDING_INTERVAL_SET,True,0.0,0.10000000000000045,-0.3697500000000027,-0.3647500000000027,False,True,0.018383924754168446,0.01907587961000424
600326.SH,2004-08-03,PASS_ROUNDING_INTERVAL_SET,True,0.0,0.25,-0.14687499999999998,-0.14187499999999997,False,True,0.09111880046136102,0.09257142857142858
600331.SH,2003-07-17,PASS_ROUNDING_INTERVAL_SET,True,0.0,0.16666666666667038,-0.5970833333333515,-0.5920833333333515,False,True,0.022062596203181115,0.02294747577766446
600331.SH,2003-08-22,PASS_ROUNDING_INTERVAL_SET,True,0.0,0.25000000000000555,-1.0043750000000253,-0.9993750000000252,False,True,0.01481075150850247,0.015838339705079196
600331.SH,2003-09-10,PASS_ROUNDING_INTERVAL_SET,True,0.0,0.16666666666667038,-0.6337500000000165,-0.6287500000000165,False,True,0.011844331641285955,0.012885154061624653
600353.SH,2006-02-27,PASS_ROUNDING_INTERVAL_SET,True,0.0,0.25,-0.44562500000000005,-0.44062500000000004,False,True,0.02383654937570942,0.025871766029246342
600353.SH,2006-03-22,PASS_ROUNDING_INTERVAL_SET,True,0.0,0.25,-0.444375,-0.439375,False,True,0.018050541516245487,0.02026221692491061
600359.SH,2000-06-19,PASS_ROUNDING_INTERVAL_SET,True,0.0,inf,-4.140000000000001,-4.129999999999997,True,True,0.6694610778443113,0.6702594810379243
600391.SH,2008-09-19,PASS_ROUNDING_INTERVAL_SET,True,0.0,inf,-6.7299999999999995,-6.72,True,True,0.5318260869565218,0.5325217391304348
600396.SH,2004-09-08,PASS_ROUNDING_INTERVAL_SET,True,0.0,1.0,-1.7675,-1.7625000000000002,False,True,0.2223095051060487,0.22352941176470587
600400.SH,2001-09-24,PASS_ROUNDING_INTERVAL_SET,True,0.0,0.1666666666666753,-0.4712500000000672,-0.46625000000006733,False,True,0.05303760848601735,0.05347422350304195
600400.SH,2002-08-30,PASS_ROUNDING_INTERVAL_SET,True,0.0,0.16666666666667038,-0.49375000000002456,-0.48875000000002444,False,True,0.04588547591960561,0.04643261608154021
600400.SH,2002-09-18,PASS_ROUNDING_INTERVAL_SET,True,0.0,0.16666666666667038,-0.499583333333357,-0.49458333333335713,False,True,0.04422700587084148,0.044799376704324115
600400.SH,2003-07-03,PASS_ROUNDING_INTERVAL_SET,True,0.0,0.14285714285714604,-0.42892857142858587,-0.42392857142858587,False,True,0.02384914032168608,0.024766097963676393
600400.SH,2003-07-16,PASS_ROUNDING_INTERVAL_SET,True,0.0,0.11111111111111358,-0.28527777777778895,-0.28027777777778895,False,True,0.023875624652970568,0.024738867509620673
600400.SH,2003-07-29,PASS_ROUNDING_INTERVAL_SET,True,0.0,0.14285714285714604,-0.43964285714287094,-0.43464285714287093,False,True,0.020337013364323066,0.021325648414985594
600400.SH,2003-07-30,PASS_ROUNDING_INTERVAL_SET,True,0.0,0.14285714285714604,-0.43964285714287094,-0.43464285714287093,False,True,0.020337013364323066,0.021325648414985594
600400.SH,2003-07-31,PASS_ROUNDING_INTERVAL_SET,True,0.0,0.25000000000000555,-0.900625000000024,-0.8956250000000239,False,True,0.020337013364323066,0.021399652978600348
600400.SH,2003-08-21,PASS_ROUNDING_INTERVAL_SET,True,0.0,0.16666666666667038,-0.5454166666666823,-0.5404166666666823,False,True,0.018441403926234383,0.019492025989367986
600400.SH,2003-10-14,PASS_ROUNDING_INTERVAL_SET,True,0.0,0.19999999999999735,-0.68049999999999,-0.67549999999999,False,True,0.009927200529450696,0.011176857330703486
600400.SH,2005-02-17,PASS_ROUNDING_INTERVAL_SET,True,0.0,0.125,-0.3840625,-0.37906249999999997,False,True,0.012393998695368558,0.013557133634602972
600400.SH,2006-09-06,PASS_ROUNDING_INTERVAL_SET,True,0.0,0.33333333333333065,-0.44749999999999596,-0.44249999999999595,False,True,0.018242122719734664,0.021346469622331693
600400.SH,2006-09-29,PASS_ROUNDING_INTERVAL_SET,True,0.0,0.33333333333333065,-0.44749999999999596,-0.44249999999999595,False,True,0.018242122719734664,0.021346469622331693
600400.SH,2006-11-03,PASS_ROUNDING_INTERVAL_SET,True,0.0,0.3333333333333309,-0.4424999999999962,-0.43749999999999617,False,True,0.024154589371980676,0.02711323763955343
600435.SH,2003-09-18,PASS_ROUNDING_INTERVAL_SET,True,0.0,0.09090909090909292,-0.09477272727273772,-0.08977272727273772,False,True,0.036284470246734396,0.03685974150311154
600435.SH,2003-09-19,PASS_ROUNDING_INTERVAL_SET,True,0.0,0.12500000000000278,-0.2709375000000144,-0.26593750000001437,False,True,0.036284470246734396,0.036965914546327416
600435.SH,2004-09-08,PASS_ROUNDING_INTERVAL_SET,True,0.0,0.3333333333333309,-1.0758333333333243,-1.0708333333333244,False,True,0.019795221843003412,0.02107409925220938
600435.SH,2004-11-30,PASS_ROUNDING_INTERVAL_SET,True,0.0,0.09090909090909073,-0.19931818181818123,-0.19431818181818122,False,True,0.01663051337671728,0.01779359430604982
600435.SH,2004-12-17,PASS_ROUNDING_INTERVAL_SET,True,0.0,0.19999999999999735,-0.5724999999999911,-0.5674999999999911,False,True,0.014232209737827716,0.015613382899628252
600435.SH,2005-01-06,PASS_ROUNDING_INTERVAL_SET,True,0.0,0.125,-0.3253125,-0.3203125,False,True,0.011709601873536299,0.013107170393215113
600435.SH,2005-01-19,PASS_ROUNDING_INTERVAL_SET,True,0.0,0.1428571428571424,-0.38321428571428423,-0.3782142857142842,False,True,0.010358565737051795,0.011820330969267141
600435.SH,2005-01-27,PASS_ROUNDING_INTERVAL_SET,True,0.0,0.1428571428571423,-0.38464285714285545,-0.37964285714285545,False,True,0.00893582453290008,0.010441767068273091
600435.SH,2005-02-18,PASS_ROUNDING_INTERVAL_SET,True,0.0,0.1428571428571422,-0.3853571428571409,-0.3803571428571409,False,True,0.007468879668049794,0.009023789991796555
600435.SH,2005-02-25,PASS_ROUNDING_INTERVAL_SET,True,0.0,0.09090909090909145,-0.2161363636363654,-0.2111363636363654,False,True,0.011709601873536299,0.013046815042210285
600435.SH,2005-03-04,PASS_ROUNDING_INTERVAL_SET,True,0.0,0.10000000000000045,-0.24525000000000147,-0.24025000000000146,False,True,0.011709601873536299,0.013066871637202153
600435.SH,2005-03-07,PASS_ROUNDING_INTERVAL_SET,True,0.0,0.11111111111111138,-0.28138888888888974,-0.27638888888888974,False,True,0.011691348402182385,0.013066871637202153
600435.SH,2005-04-19,PASS_ROUNDING_INTERVAL_SET,True,0.0,0.16666666666666533,-0.45874999999999616,-0.45374999999999616,False,True,0.002638522427440633,0.004351610095735422
600435.SH,2005-11-14,PASS_ROUNDING_INTERVAL_SET,True,0.0,0.09090909090909063,-0.2429545454545447,-0.2379545454545447,False,True,0.0009165902841429881,0.002695417789757412
600435.SH,2005-11-17,PASS_ROUNDING_INTERVAL_SET,True,0.0,0.10000000000000034,-0.26775000000000093,-0.2627500000000009,False,True,0.0009165902841429881,0.0027002700270027003
600435.SH,2005-11-21,PASS_ROUNDING_INTERVAL_SET,True,0.0,0.09999999999999949,-0.26474999999999854,-0.25974999999999854,False,True,0.002680965147453083,0.004389815627743635
600435.SH,2005-11-25,PASS_ROUNDING_INTERVAL_SET,True,0.0,0.16666666666666533,-0.4545833333333295,-0.4495833333333295,False,True,0.0026619343389529724,0.004389815627743635
600435.SH,2005-12-30,PASS_ROUNDING_INTERVAL_SET,True,0.0,0.12499999999999988,-0.33343749999999966,-0.32843749999999966,False,True,0.004359197907585004,0.006018916595012897
600435.SH,2006-01-04,PASS_ROUNDING_INTERVAL_SET,True,0.0,0.11111111111111127,-0.29361111111111154,-0.2886111111111116,False,True,0.004359197907585004,0.006008583690987124
600435.SH,2006-01-25,PASS_ROUNDING_INTERVAL_SET,True,0.0,0.09999999999999949,-0.24974999999999847,-0.2447499999999984,False,True,0.009023789991796555,0.010492332526230832
600435.SH,2006-02-17,PASS_ROUNDING_INTERVAL_SET,True,0.0,0.11111111111111013,-0.2897222222222193,-0.2847222222222194,False,True,0.00598802395209581,0.007582139848357202
600435.SH,2006-02-23,PASS_ROUNDING_INTERVAL_SET,True,0.0,0.16666666666666521,-0.454583333333329,-0.44958333333332906,False,True,0.005957446808510639,0.007582139848357202
600435.SH,2006-03-10,PASS_ROUNDING_INTERVAL_SET,True,0.0,0.12499999999999983,-0.3321874999999995,-0.3271874999999995,False,True,0.005957446808510639,0.007556675062972292
600435.SH,2006-03-13,PASS_ROUNDING_INTERVAL_SET,True,0.0,0.12499999999999983,-0.33031249999999945,-0.3253124999999995,False,True,0.00598802395209581,0.007594936708860759
600435.SH,2006-03-14,PASS_ROUNDING_INTERVAL_SET,True,0.0,0.20000000000000062,-0.5555000000000019,-0.5505000000000018,False,True,0.0059271803556308214,0.007556675062972292
600435.SH,2006-03-23,PASS_ROUNDING_INTERVAL_SET,True,0.0,0.12499999999999992,-0.32718749999999974,-0.32218749999999974,False,True,0.008994276369582992,0.010492332526230832
600439.SH,2004-03-25,PASS_ROUNDING_INTERVAL_SET,True,0.0,0.1428571428571424,-0.6653571428571393,-0.6603571428571392,False,True,0.030114871158025455,0.03060278207109737
600446.SH,2005-09-12,PASS_ROUNDING_INTERVAL_SET,True,0.0,0.09090909090909283,-0.39159090909091787,-0.3865909090909179,False,True,0.002727768685215493,0.0037735849056603774
600446.SH,2005-11-24,PASS_ROUNDING_INTERVAL_SET,True,0.0,0.09090909090909283,-0.39204545454546336,-0.3870454545454634,False,True,0.002724795640326975,0.003769520732364028
600446.SH,2006-01-19,PASS_ROUNDING_INTERVAL_SET,True,0.0,0.09090909090909283,-0.39159090909091787,-0.3865909090909179,False,True,0.002727768685215493,0.0037735849056603774
600446.SH,2006-02-15,PASS_ROUNDING_INTERVAL_SET,True,0.0,0.10000000000000211,-0.43975000000000947,-0.43475000000000946,False,True,0.0005621135469364811,0.0016675931072818234
600459.SH,2005-12-26,PASS_ROUNDING_INTERVAL_SET,True,0.0,0.1666666666666642,3.475416666666675,3.4804166666666747,False,False,,
600460.SH,2003-09-18,PASS_ROUNDING_INTERVAL_SET,True,0.0,0.12499999999999722,-0.40718749999997716,-0.40218749999997705,False,True,0.037844383893430214,0.03826453751129858
600468.SH,2003-07-29,PASS_ROUNDING_INTERVAL_SET,True,0.0,0.14285714285714604,-0.13035714285716182,-0.12535714285716182,False,True,0.06041402619349387,0.06089878202435951
600468.SH,2003-08-05,PASS_ROUNDING_INTERVAL_SET,True,0.0,0.16666666666667038,-0.2695833333333555,-0.2645833333333555,False,True,0.060745705906996225,0.06127553147144644
600478.SH,2004-09-06,PASS_ROUNDING_INTERVAL_SET,True,0.0,0.19999999999999735,-0.03249999999999209,-0.027499999999992086,False,True,0.09456066945606695,0.09543568464730288
600478.SH,2004-11-02,PASS_ROUNDING_INTERVAL_SET,True,0.0,0.1428571428571424,0.14464285714285852,0.14964285714285852,False,True,0.0948905109489051,0.09542902967121089
600478.SH,2004-12-28,PASS_ROUNDING_INTERVAL_SET,True,0.0,0.1428571428571424,0.15035714285714424,0.15535714285714425,False,True,0.09505106048703849,0.09557109557109557
600478.SH,2005-11-23,PASS_ROUNDING_INTERVAL_SET,True,0.0,0.16666666666666544,0.03958333333333586,0.04458333333333586,False,True,0.09316770186335405,0.09424724602203183
600478.SH,2005-11-24,PASS_ROUNDING_INTERVAL_SET,True,0.0,0.2000000000000009,-0.0285000000000018,-0.023500000000001797,False,True,0.09293680297397769,0.09424724602203183
600478.SH,2005-11-30,PASS_ROUNDING_INTERVAL_SET,True,0.0,0.2000000000000009,-0.030500000000001803,-0.0255000000000018,False,True,0.0922882427307206,0.09363295880149813
600478.SH,2006-01-05,PASS_ROUNDING_INTERVAL_SET,True,0.0,0.16666666666666666,0.03708333333333336,0.04208333333333336,False,True,0.09275730622617534,0.09386733416770963
600478.SH,2006-09-25,PASS_ROUNDING_INTERVAL_SET,True,0.0,0.125,0.21531249999999996,0.22031249999999997,False,True,0.09703287890938252,0.09738717339667458
600490.SH,2004-09-07,PASS_ROUNDING_INTERVAL_SET,True,0.0,0.11111111111111138,0.05583333333333218,0.060833333333332185,False,True,0.06202898550724638,0.06253585771658061
600490.SH,2004-09-08,PASS_ROUNDING_INTERVAL_SET,True,0.0,0.20000000000001156,-0.3295000000000501,-0.3245000000000501,False,True,0.06188548293811451,0.06267970097757333
600490.SH,2005-03-07,PASS_ROUNDING_INTERVAL_SET,True,0.0,0.11111111111111138,0.06305555555555431,0.06805555555555431,False,True,0.06253458771444383,0.06301369863013698
600490.SH,2005-07-13,PASS_ROUNDING_INTERVAL_SET,True,0.0,0.125,-0.04968750000000002,-0.04468750000000002,False,True,0.05030674846625766,0.05174488567990373
600490.SH,2005-07-21,PASS_ROUNDING_INTERVAL_SET,True,0.0,0.19999999999999912,-0.19849999999999834,-0.19349999999999834,False,True,0.048239895697522815,0.05019305019305019
600490.SH,2005-07-25,PASS_ROUNDING_INTERVAL_SET,True,0.0,0.2000000000000009,-0.2015000000000018,-0.19650000000000178,False,True,0.049180327868852465,0.051058530510585315
600490.SH,2005-07-27,PASS_ROUNDING_INTERVAL_SET,True,0.0,0.09090909090909073,0.021590909090909438,0.026590909090909443,False,True,0.050805452292441135,0.051869722557297944
600490.SH,2005-08-04,PASS_ROUNDING_INTERVAL_SET,True,0.0,0.12499999999999861,-0.044687499999996966,-0.03968749999999696,False,True,0.052143684820393985,0.05346985210466439
600490.SH,2005-08-30,PASS_ROUNDING_INTERVAL_SET,True,0.0,0.125,-0.034062499999999996,-0.02906249999999999,False,True,0.0560303893637227,0.05706267539756782
600490.SH,2005-09-12,PASS_ROUNDING_INTERVAL_SET,True,0.0,0.08333333333333272,0.09437500000000182,0.09937500000000182,False,True,0.058008658008658016,0.058524173027989825
600490.SH,2005-12-23,PASS_ROUNDING_INTERVAL_SET,True,0.0,0.2000000000000009,-0.21850000000000214,-0.21350000000000213,False,True,0.05385427666314677,0.055381400208986416
600490.SH,2006-01-09,PASS_ROUNDING_INTERVAL_SET,True,0.0,0.19999999999999735,-0.2284999999999932,-0.2234999999999932,False,True,0.0555014605647517,0.05689488910318225
600490.SH,2006-01-10,PASS_ROUNDING_INTERVAL_SET,True,0.0,0.1428571428571424,-0.08249999999999885,-0.07749999999999885,False,True,0.05539358600583091,0.05656759348034516
600490.SH,2006-02-20,PASS_ROUNDING_INTERVAL_SET,True,0.0,0.12499999999999861,-0.03843749999999657,-0.03343749999999657,False,True,0.05458290422245109,0.05572441742654508
600490.SH,2006-03-06,PASS_ROUNDING_INTERVAL_SET,True,0.0,0.1428571428571424,-0.0839285714285703,-0.0789285714285703,False,True,0.05424769703172979,0.05549949545913219
600490.SH,2006-03-16,PASS_ROUNDING_INTERVAL_SET,True,0.0,0.2000000000000009,-0.2255000000000022,-0.2205000000000022,False,True,0.05402650356778797,0.05549949545913219
600490.SH,2006-03-28,PASS_ROUNDING_INTERVAL_SET,True,0.0,0.1428571428571424,-0.08178571428571313,-0.07678571428571312,False,True,0.0555014605647517,0.056676272814601344
600490.SH,2006-04-18,PASS_ROUNDING_INTERVAL_SET,True,0.0,0.09999999999999956,0.03225000000000117,0.03725000000000117,False,True,0.056137012369172214,0.05695611577964518
600497.SH,2004-08-11,PASS_ROUNDING_INTERVAL_SET,True,0.0,0.06666666666666736,-0.049833333333337615,-0.04483333333333761,False,True,0.02923013585837793,0.029686864579097194
600497.SH,2004-08-19,PASS_ROUNDING_INTERVAL_SET,True,0.0,0.052631578947368605,0.0024999999999990585,0.007499999999999063,False,True,0.02655721873491067,0.02702702702702703
600497.SH,2004-08-26,PASS_ROUNDING_INTERVAL_SET,True,0.0,0.14285714285714604,-0.46750000000001635,-0.46250000000001634,False,True,0.025841053144807412,0.02663438256658596
600497.SH,2004-08-27,PASS_ROUNDING_INTERVAL_SET,True,0.0,0.06666666666666736,-0.07316666666667021,-0.0681666666666702,False,True,0.026121241991128634,0.02671199611461875
600497.SH,2004-09-08,PASS_ROUNDING_INTERVAL_SET,True,0.0,0.14285714285714604,-0.4582142857143018,-0.4532142857143018,False,True,0.02617283950617284,0.026974006866110845
600497.SH,2004-11-08,PASS_ROUNDING_INTERVAL_SET,True,0.0,0.0625000000000007,-0.03609375000000392,-0.031093750000003917,False,True,0.02803738317757009,0.028521281263712155
600497.SH,2004-12-01,PASS_ROUNDING_INTERVAL_SET,True,0.0,0.05882352941176478,-0.009264705882353341,-0.004264705882353337,False,True,0.02862024775736865,0.02905263157894737
600497.SH,2004-12-08,PASS_ROUNDING_INTERVAL_SET,True,0.0,0.05555555555555624,0.0023611111111072614,0.007361111111107266,False,True,0.02798756108396268,0.02842151289899432
600497.SH,2005-01-31,PASS_ROUNDING_INTERVAL_SET,True,0.0,0.06666666666666815,-0.07883333333334058,-0.07383333333334058,False,True,0.025218733916623774,0.02584896097313736
600497.SH,2005-05-20,PASS_ROUNDING_INTERVAL_SET,True,0.0,0.0625000000000007,-0.061406250000003326,-0.05640625000000332,False,True,0.024775962045334735,0.02540176257128046
600497.SH,2005-08-02,PASS_ROUNDING_INTERVAL_SET,True,0.0,0.050000000000000225,0.0018749999999989886,0.006874999999998993,False,True,0.025210084033613443,0.02575342465753425
600497.SH,2005-08-09,PASS_ROUNDING_INTERVAL_SET,True,0.0,0.08333333333333395,-0.1481250000000029,-0.1431250000000029,False,True,0.025557368134855898,0.026301663982823405
600497.SH,2005-08-24,PASS_ROUNDING_INTERVAL_SET,True,0.0,0.0714285714285721,-0.09375000000000303,-0.08875000000000302,False,True,0.025210084033613443,0.025923883066740212
600497.SH,2005-09-02,PASS_ROUNDING_INTERVAL_SET,True,0.0,0.07692307692307863,-0.11673076923077713,-0.11173076923077713,False,True,0.025697102241662106,0.026415094339622646
600497.SH,2005-11-24,PASS_ROUNDING_INTERVAL_SET,True,0.0,0.06666666666666736,-0.061500000000003496,-0.05650000000000349,False,True,0.027241208519068846,0.027818448023426066
600497.SH,2005-11-29,PASS_ROUNDING_INTERVAL_SET,True,0.0,0.11111111111111358,-0.28638888888890135,-0.28138888888890135,False,True,0.027214250371103414,0.027954879843060332
600497.SH,2005-11-30,PASS_ROUNDING_INTERVAL_SET,True,0.0,0.10000000000000223,-0.22825000000001128,-0.22325000000001127,False,True,0.0273224043715847,0.0280373831775701
600497.SH,2005-12-01,PASS_ROUNDING_INTERVAL_SET,True,0.0,0.0625000000000007,-0.03984375000000351,-0.034843750000003504,False,True,0.02729528535980149,0.027845627747923797
600515.SH,2008-09-19,PASS_ROUNDING_INTERVAL_SET,True,0.0,inf,-0.96,-0.9500000000000002,True,True,0.5685393258426966,0.5730337078651685
600518.SH,2001-03-23,PASS_ROUNDING_INTERVAL_SET,True,0.0,0.025641025641025626,-0.1672435897435895,-0.1622435897435895,False,True,0.00818194425183747,0.008368774866236795
600518.SH,2001-03-29,PASS_ROUNDING_INTERVAL_SET,True,0.0,0.040000000000001174,-0.43210000000002174,-0.42710000000002174,False,True,0.008275674942341608,0.008489421910793694
600518.SH,2001-04-06,PASS_ROUNDING_INTERVAL_SET,True,0.0,0.02857142857142906,-0.2177857142857234,-0.2127857142857234,False,True,0.00844617240917013,0.008633284632753355
600518.SH,2001-05-10,PASS_ROUNDING_INTERVAL_SET,True,0.0,0.018867924528302115,-0.03702830188679673,-0.03202830188679673,False,True,0.008441645450891062,0.00858766019289206
600518.SH,2001-05-11,PASS_ROUNDING_INTERVAL_SET,True,0.0,0.022222222222222802,-0.09994444444445533,-0.09494444444445532,False,True,0.008434864104967197,0.008599021034528379
600518.SH,2001-06-12,PASS_ROUNDING_INTERVAL_SET,True,0.0,0.03333333333333368,-0.30841666666667356,-0.30341666666667355,False,True,0.008918477578193694,0.009101109587333251
600518.SH,2001-06-25,PASS_ROUNDING_INTERVAL_SET,True,0.0,0.018867924528302115,-0.024292452830193212,-0.019292452830193207,False,True,0.008813386128496614,0.008947700063011972
600518.SH,2001-06-26,PASS_ROUNDING_INTERVAL_SET,True,0.0,0.017857142857143026,-0.004866071428574814,0.00013392857142519032,False,True,0.008804389434732678,0.00893194112466977
600518.SH,2001-06-27,PASS_ROUNDING_INTERVAL_SET,True,0.0,0.025641025641025626,-0.15891025641025613,-0.15391025641025613,False,True,0.008777509222745197,0.008943191837762942
600518.SH,2001-07-10,PASS_ROUNDING_INTERVAL_SET,True,0.0,0.027777777777777846,-0.2000694444444457,-0.19506944444444568,False,True,0.008596746462108187,0.008777675881042842
600518.SH,2001-07-18,PASS_ROUNDING_INTERVAL_SET,True,0.0,0.020000000000000302,-0.05355000000000576,-0.048550000000005755,False,True,0.00858539162594109,0.008734193716594969
600518.SH,2001-07-20,PASS_ROUNDING_INTERVAL_SET,True,0.0,0.03448275862069063,-0.32887931034484646,-0.32387931034484646,False,True,0.008700168809245552,0.008892898569403276
600518.SH,2001-08-03,PASS_ROUNDING_INTERVAL_SET,True,0.0,0.027777777777778394,-0.2017361111111215,-0.1967361111111215,False,True,0.00788573128998661,0.008096569998527897
600518.SH,2001-08-23,PASS_ROUNDING_INTERVAL_SET,True,0.0,0.020000000000000018,-0.07805000000000029,-0.07305000000000028,False,True,0.007583965330444204,0.007773205304069501
600518.SH,2001-09-11,PASS_ROUNDING_INTERVAL_SET,True,0.0,0.01639344262295085,-0.0102868852459021,-0.005286885245902095,False,True,0.00789042727408069,0.008042111419798216
600518.SH,2001-09-14,PASS_ROUNDING_INTERVAL_SET,True,0.0,0.02083333333333349,-0.08890625000000257,-0.08390625000000257,False,True,0.007723761926397092,0.007911628601283775
600518.SH,2001-09-20,PASS_ROUNDING_INTERVAL_SET,True,0.0,0.03448275862069063,-0.31405172413794724,-0.30905172413794724,False,True,0.007726102105741554,0.007959153025979878
600518.SH,2001-09-25,PASS_ROUNDING_INTERVAL_SET,True,0.0,0.01960784313725527,-0.06808823529412378,-0.06308823529412377,False,True,0.007737824305871642,0.007918721051845212
600518.SH,2001-10-31,PASS_ROUNDING_INTERVAL_SET,True,0.0,0.015873015873015824,-0.042182539682539016,-0.03718253968253901,False,True,0.006395030147999269,0.006608322914806215
600518.SH,2001-11-06,PASS_ROUNDING_INTERVAL_SET,True,0.0,0.023809523809523735,-0.15255952380952284,-0.14755952380952284,False,True,0.006185567010309278,0.006458756228086363
600518.SH,2001-11-09,PASS_ROUNDING_INTERVAL_SET,True,0.0,0.016393442622950755,-0.057991803278687665,-0.05299180327868766,False,True,0.005964979796036175,0.006204173716864072
600518.SH,2001-11-28,PASS_ROUNDING_INTERVAL_SET,True,0.0,0.025641025641025626,-0.17493589743589721,-0.1699358974358972,False,True,0.006589492430988424,0.006850518180221325
600518.SH,2001-11-30,PASS_ROUNDING_INTERVAL_SET,True,0.0,0.030303030303029835,-0.24431818181817516,-0.23931818181817516,False,True,0.0065290277042526915,0.006802721088435374
600518.SH,2001-12-06,PASS_ROUNDING_INTERVAL_SET,True,0.0,0.018867924528301862,-0.08014150943396192,-0.07514150943396192,False,True,0.006582458637253158,0.00680984808800419
600518.SH,2001-12-07,PASS_ROUNDING_INTERVAL_SET,True,0.0,0.04166666666666636,-0.4046874999999956,-0.3996874999999956,False,True,0.006535947712418301,0.006831318970047294
600518.SH,2001-12-12,PASS_ROUNDING_INTERVAL_SET,True,0.0,0.04761904761904747,-0.4863095238095217,-0.4813095238095217,False,True,0.0063006300630063005,0.0066106842951581205
600518.SH,2001-12-14,PASS_ROUNDING_INTERVAL_SET,True,0.0,0.02439024390243904,-0.16250000000000017,-0.15750000000000017,False,True,0.006144107242599144,0.006418485237483954
600518.SH,2001-12-17,PASS_ROUNDING_INTERVAL_SET,True,0.0,0.03225806451612882,-0.26814516129031973,-0.26314516129031973,False,True,0.006144107242599144,0.006442113013068286
600518.SH,2001-12-18,PASS_ROUNDING_INTERVAL_SET,True,0.0,0.02083333333333318,-0.11317708333333124,-0.10817708333333123,False,True,0.0061786182362853406,0.006437373551590951
600518.SH,2002-02-08,PASS_ROUNDING_INTERVAL_SET,True,0.0,0.022727272727272683,-0.14017045454545393,-0.13517045454545393,False,True,0.006144107242599144,0.006411430664956952
600518.SH,2002-03-11,PASS_ROUNDING_INTERVAL_SET,True,0.0,0.022727272727272683,-0.13380681818181756,-0.12880681818181755,False,True,0.006594189983960079,0.006843305843130374
600518.SH,2002-03-12,PASS_ROUNDING_INTERVAL_SET,True,0.0,0.0222222222222221,-0.1286111111111094,-0.1236111111111094,False,True,0.0065544729849424275,0.006800348735832607
600518.SH,2002-03-27,PASS_ROUNDING_INTERVAL_SET,True,0.0,0.02941176470588239,-0.22860294117647112,-0.22360294117647112,False,True,0.006769658045478216,0.007033796534568537
600518.SH,2002-03-29,PASS_ROUNDING_INTERVAL_SET,True,0.0,0.03448275862068936,-0.3033620689655131,-0.2983620689655131,False,True,0.006531332744924978,0.006814607723222086
600518.SH,2002-04-03,PASS_ROUNDING_INTERVAL_SET,True,0.0,0.017543859649122705,-0.06539473684210387,-0.06039473684210386,False,True,0.006385696040868455,0.006613047363717605
600518.SH,2002-04-11,PASS_ROUNDING_INTERVAL_SET,True,0.0,0.05882352941176417,-0.64808823529411,-0.6430882352941101,False,True,0.006531332744924978,0.006843305843130374
600518.SH,2002-04-12,PASS_ROUNDING_INTERVAL_SET,True,0.0,0.03225806451612882,-0.26798387096773896,-0.26298387096773895,False,True,0.006587146163432438,0.006867406233491812
600518.SH,2002-04-15,PASS_ROUNDING_INTERVAL_SET,True,0.0,0.043478260869565175,-0.42923913043478196,-0.42423913043478195,False,True,0.006547513714386834,0.006845708267509216
600518.SH,2002-04-16,PASS_ROUNDING_INTERVAL_SET,True,0.0,0.05555555555555569,-0.6026388888888907,-0.5976388888888908,False,True,0.006524422500440839,0.00683371298405467
600518.SH,2002-04-17,PASS_ROUNDING_INTERVAL_SET,True,0.0,0.07692307692307758,-0.9090384615384708,-0.9040384615384709,False,True,0.006503779223062049,0.006824146981627297
600518.SH,2002-04-18,PASS_ROUNDING_INTERVAL_SET,True,0.0,0.05882352941176417,-0.6504411764705806,-0.6454411764705805,False,True,0.00651293786305228,0.006824146981627297
600518.SH,2002-04-22,PASS_ROUNDING_INTERVAL_SET,True,0.0,0.03225806451612882,-0.2699193548387067,-0.2649193548387067,False,True,0.006559120723276015,0.006838506049447659
600518.SH,2002-04-24,PASS_ROUNDING_INTERVAL_SET,True,0.0,0.03030303030303016,-0.2441666666666647,-0.2391666666666647,False,True,0.006325682270016265,0.006608322914806215
600518.SH,2002-04-25,PASS_ROUNDING_INTERVAL_SET,True,0.0,0.025641025641025626,-0.1789102564102562,-0.1739102564102562,False,True,0.006339431262452453,0.006608322914806215
600518.SH,2002-05-15,PASS_ROUNDING_INTERVAL_SET,True,0.0,0.02040816326530606,-0.10147959183673377,-0.09647959183673377,False,True,0.006589492430988424,0.006826535970593383
600518.SH,2002-05-17,PASS_ROUNDING_INTERVAL_SET,True,0.0,0.016393442622950755,-0.04946721311475319,-0.044467213114753185,False,True,0.006390359685959467,0.006608322914806215
600518.SH,2002-05-30,PASS_ROUNDING_INTERVAL_SET,True,0.0,0.022727272727272683,-0.14051136363636305,-0.13551136363636304,False,True,0.005960392232263027,0.006239364719228588
600518.SH,2002-06-04,PASS_ROUNDING_INTERVAL_SET,True,0.0,0.03448275862068936,-0.2912931034482722,-0.2862931034482722,False,True,0.005730092867022327,0.006055870287165461
600518.SH,2002-06-17,PASS_ROUNDING_INTERVAL_SET,True,0.0,0.047619047619046666,-0.4689285714285588,-0.4639285714285589,False,True,0.005914901736309865,0.006246450880181715
600518.SH,2002-06-27,PASS_ROUNDING_INTERVAL_SET,True,0.0,0.02222222222222228,-0.12750000000000078,-0.12250000000000077,False,True,0.006577777777777778,0.006824146981627297
600518.SH,2002-07-03,PASS_ROUNDING_INTERVAL_SET,True,0.0,0.03030303030303016,-0.23931818181817982,-0.23431818181817982,False,True,0.006605963220853419,0.006881948120698782
600518.SH,2002-07-04,PASS_ROUNDING_INTERVAL_SET,True,0.0,0.0714285714285712,-0.8151785714285682,-0.8101785714285681,False,True,0.006605963220853419,0.006928406466512702
600518.SH,2002-07-05,PASS_ROUNDING_INTERVAL_SET,True,0.0,0.050000000000000225,-0.5176250000000031,-0.5126250000000032,False,True,0.006582458637253158,0.006889242183359831
600518.SH,2002-07-23,PASS_ROUNDING_INTERVAL_SET,True,0.0,0.03225806451612882,-0.26895161290322267,-0.26395161290322267,False,True,0.006976348477114174,0.007240276140764439
600518.SH,2002-07-24,PASS_ROUNDING_INTERVAL_SET,True,0.0,0.023255813953488216,-0.13645348837209073,-0.13145348837209073,False,True,0.0069810999489187805,0.007215975834871622
600518.SH,2002-07-25,PASS_ROUNDING_INTERVAL_SET,True,0.0,0.02702702702702672,-0.19236486486486035,-0.18736486486486034,False,True,0.006971603468797823,0.0072208228379513
600518.SH,2002-07-26,PASS_ROUNDING_INTERVAL_SET,True,0.0,0.02127659574468076,-0.10781914893616887,-0.10281914893616886,False,True,0.006971603468797823,0.007196652719665272
600518.SH,2002-08-01,PASS_ROUNDING_INTERVAL_SET,True,0.0,0.023255813953488216,-0.13622093023255585,-0.13122093023255585,False,True,0.006985857897427159,0.0072208228379513
600518.SH,2002-08-05,PASS_ROUNDING_INTERVAL_SET,True,0.0,0.02499999999999989,-0.16081249999999833,-0.15581249999999833,False,True,0.007151172459670714,0.007385524372230429
600518.SH,2002-08-08,PASS_ROUNDING_INTERVAL_SET,True,0.0,0.03448275862068936,-0.30749999999999544,-0.30249999999999544,False,True,0.007285089849441477,0.007538091419406576
600518.SH,2002-09-16,PASS_ROUNDING_INTERVAL_SET,True,0.0,0.022727272727272683,-0.1259659090909084,-0.1209659090909084,False,True,0.007165472421263123,0.007390376088027591
600518.SH,2002-09-20,PASS_ROUNDING_INTERVAL_SET,True,0.0,0.026315789473684056,-0.18164473684210294,-0.17664473684210294,False,True,0.007132194393763476,0.00737100737100737
600518.SH,2002-09-23,PASS_ROUNDING_INTERVAL_SET,True,0.0,0.023809523809523735,-0.14279761904761792,-0.13779761904761792,False,True,0.0071535518216602895,0.007383100902378999
600518.SH,2002-09-25,PASS_ROUNDING_INTERVAL_SET,True,0.0,0.023255813953488216,-0.1345930232558116,-0.1295930232558116,False,True,0.007151172459670714,0.0073782587309394985
600518.SH,2002-09-26,PASS_ROUNDING_INTERVAL_SET,True,0.0,0.01724137931034479,-0.04280172413793046,-0.037801724137930454,False,True,0.007189433205149641,0.007380679022470068
600518.SH,2002-10-08,PASS_ROUNDING_INTERVAL_SET,True,0.0,0.022727272727272683,-0.1294886363636357,-0.12448863636363569,False,True,0.006964498046543231,0.007196652719665272
600518.SH,2002-10-10,PASS_ROUNDING_INTERVAL_SET,True,0.0,0.019230769230769263,-0.07956730769230813,-0.07456730769230813,False,True,0.006828926632813868,0.0070507308684436805
600518.SH,2002-10-14,PASS_ROUNDING_INTERVAL_SET,True,0.0,0.02941176470588239,-0.22889705882352995,-0.22389705882352995,False,True,0.006573103570794102,0.006845708267509216
600518.SH,2002-10-15,PASS_ROUNDING_INTERVAL_SET,True,0.0,0.02702702702702698,-0.19371621621621554,-0.18871621621621554,False,True,0.006601248884924175,0.006867406233491812
600518.SH,2002-10-16,PASS_ROUNDING_INTERVAL_SET,True,0.0,0.03030303030303016,-0.23931818181817982,-0.23431818181817982,False,True,0.006605963220853419,0.006881948120698782
600518.SH,2002-10-21,PASS_ROUNDING_INTERVAL_SET,True,0.0,0.021739130434782587,-0.12157608695652145,-0.11657608695652144,False,True,0.00641378046545721,0.00666786808433952
600518.SH,2002-10-24,PASS_ROUNDING_INTERVAL_SET,True,0.0,0.023255813953488216,-0.14029069767441638,-0.13529069767441637,False,True,0.006613047363717605,0.006864988558352402
600518.SH,2002-10-31,PASS_ROUNDING_INTERVAL_SET,True,0.0,0.0625,-0.6876562500000001,-0.68265625,False,True,0.006624888093106535,0.006943208118212569
600518.SH,2002-11-06,PASS_ROUNDING_INTERVAL_SET,True,0.0,0.0357142857142856,-0.317946428571427,-0.312946428571427,False,True,0.006568436002130303,0.006855334856741079
600518.SH,2002-11-07,PASS_ROUNDING_INTERVAL_SET,True,0.0,0.03999999999999947,-0.3758999999999925,-0.3708999999999925,False,True,0.006596541272954181,0.006891676974730518
600518.SH,2002-11-11,PASS_ROUNDING_INTERVAL_SET,True,0.0,0.02857142857142848,-0.21564285714285591,-0.2106428571428559,False,True,0.006399707441945511,0.00667990612023831
600518.SH,2002-11-18,PASS_ROUNDING_INTERVAL_SET,True,0.0,0.03846153846153826,-0.3502884615384588,-0.34528846153845877,False,True,0.006406736225517115,0.006708975521305531
600518.SH,2002-11-19,PASS_ROUNDING_INTERVAL_SET,True,0.0,0.024390243902438827,-0.15871951219511926,-0.15371951219511926,False,True,0.006395030147999269,0.00666066606660666
600518.SH,2002-12-04,PASS_ROUNDING_INTERVAL_SET,True,0.0,0.037037037037037125,-0.3306481481481494,-0.3256481481481494,False,True,0.006409082585607032,0.006708975521305531
600518.SH,2002-12-06,PASS_ROUNDING_INTERVAL_SET,True,0.0,0.02499999999999989,-0.16756249999999853,-0.16256249999999853,False,True,0.006201841759067845,0.0064802814293649326
600518.SH,2002-12-12,PASS_ROUNDING_INTERVAL_SET,True,0.0,0.026315789473684056,-0.18374999999999794,-0.17874999999999794,False,True,0.0062252405206564805,0.006509205876883021
600518.SH,2002-12-13,PASS_ROUNDING_INTERVAL_SET,True,0.0,0.026315789473684056,-0.18374999999999794,-0.17874999999999794,False,True,0.0062252405206564805,0.006509205876883021
600518.SH,2003-01-07,PASS_ROUNDING_INTERVAL_SET,True,0.0,0.02702702702702698,-0.19385135135135068,-0.18885135135135067,False,True,0.006598894239343678,0.006864988558352402
600518.SH,2003-01-22,PASS_ROUNDING_INTERVAL_SET,True,0.0,0.020833333333333332,-0.10203124999999996,-0.09703124999999996,False,True,0.006838506049447659,0.0070701845145714785
600518.SH,2003-01-23,PASS_ROUNDING_INTERVAL_SET,True,0.0,0.023809523809523735,-0.14494047619047512,-0.13994047619047512,False,True,0.006828926632813868,0.007075064710957722
600518.SH,2003-01-24,PASS_ROUNDING_INTERVAL_SET,True,0.0,0.023809523809523735,-0.14577380952380847,-0.14077380952380847,False,True,0.006812227074235808,0.007058013427440179
600518.SH,2003-02-12,PASS_ROUNDING_INTERVAL_SET,True,0.0,0.05263157894736713,-0.5656578947368234,-0.5606578947368233,False,True,0.0067462376751427095,0.007045884172538237
600518.SH,2003-02-26,PASS_ROUNDING_INTERVAL_SET,True,0.0,0.02777777777777757,-0.20326388888888566,-0.19826388888888566,False,True,0.007296902870115129,0.007533258535021638
600518.SH,2003-02-28,PASS_ROUNDING_INTERVAL_SET,True,0.0,0.01851851851851844,-0.058842592592591364,-0.05384259259259136,False,True,0.007339748817484913,0.007533258535021638
600518.SH,2003-03-06,PASS_ROUNDING_INTERVAL_SET,True,0.0,0.04166666666666636,-0.41635416666666203,-0.411354166666662,False,True,0.007094538854974426,0.007366181044360779
600518.SH,2003-03-07,PASS_ROUNDING_INTERVAL_SET,True,0.0,0.03225806451612882,-0.2718548387096742,-0.2668548387096742,False,True,0.007122743084313401,0.0073782587309394985
600518.SH,2003-03-13,PASS_ROUNDING_INTERVAL_SET,True,0.0,0.0357142857142856,-0.32401785714285547,-0.31901785714285547,False,True,0.007122743084313401,0.007385524372230429
600518.SH,2003-04-02,PASS_ROUNDING_INTERVAL_SET,True,0.0,0.06666666666666578,-0.7551666666666539,-0.750166666666654,False,True,0.0068409051043676556,0.007154074332577212
600518.SH,2003-04-04,PASS_ROUNDING_INTERVAL_SET,True,0.0,0.02777777777777757,-0.20159722222221926,-0.19659722222221926,False,True,0.006828926632813868,0.007089745806674736
600518.SH,2003-04-09,PASS_ROUNDING_INTERVAL_SET,True,0.0,0.03846153846153826,-0.3560576923076895,-0.3510576923076895,False,True,0.006575439843611161,0.006867406233491812
600518.SH,2003-04-10,PASS_ROUNDING_INTERVAL_SET,True,0.0,0.02127659574468076,-0.11292553191489235,-0.10792553191489235,False,True,0.006605963220853419,0.00684811237928007
600518.SH,2003-05-16,PASS_ROUNDING_INTERVAL_SET,True,0.0,0.01851851851851844,-0.0628240740740729,-0.05782407407407289,False,True,0.007165472421263123,0.007366181044360779
600518.SH,2003-05-27,PASS_ROUNDING_INTERVAL_SET,True,0.0,0.014925373134328334,-0.012947761194029489,-0.007947761194029485,False,True,0.00701934600239685,0.007196652719665272
600518.SH,2003-05-28,PASS_ROUNDING_INTERVAL_SET,True,0.0,0.024390243902438827,-0.15201219512194833,-0.14701219512194832,False,True,0.007002561912894962,0.007242715176014822
600518.SH,2003-05-29,PASS_ROUNDING_INTERVAL_SET,True,0.0,0.02499999999999989,-0.1601874999999984,-0.1551874999999984,False,True,0.007016943351018312,0.007259834543305757
600518.SH,2003-05-30,PASS_ROUNDING_INTERVAL_SET,True,0.0,0.03448275862068936,-0.3002586206896509,-0.2952586206896509,False,True,0.006995393277597679,0.007264740665652981
600518.SH,2003-06-04,PASS_ROUNDING_INTERVAL_SET,True,0.0,0.01851851851851844,-0.06541666666666554,-0.060416666666665536,False,True,0.00701934600239685,0.007228105563960329
600518.SH,2003-06-05,PASS_ROUNDING_INTERVAL_SET,True,0.0,0.029411764705882085,-0.22551470588234904,-0.22051470588234903,False,True,0.007002561912894962,0.007259834543305757
600518.SH,2003-06-17,PASS_ROUNDING_INTERVAL_SET,True,0.0,0.027777777777777846,-0.19979166666666764,-0.19479166666666764,False,True,0.006860158311345646,0.007121764808059754
600518.SH,2003-06-19,PASS_ROUNDING_INTERVAL_SET,True,0.0,0.02040816326530606,-0.093826530612244,-0.08882653061224399,False,True,0.006889242183359831,0.007119291543670777
600518.SH,2003-06-25,PASS_ROUNDING_INTERVAL_SET,True,0.0,0.029411764705882085,-0.2216911764705844,-0.2166911764705844,False,True,0.006881948120698783,0.0071490845684394075
600518.SH,2003-07-14,PASS_ROUNDING_INTERVAL_SET,True,0.0,0.03448275862068936,-0.2976724137930993,-0.2926724137930993,False,True,0.006824146981627297,0.007102026675905076
600518.SH,2003-07-15,PASS_ROUNDING_INTERVAL_SET,True,0.0,0.05555555555555569,-0.5970833333333352,-0.5920833333333353,False,True,0.006838506049447659,0.007144101759888483
600518.SH,2003-07-16,PASS_ROUNDING_INTERVAL_SET,True,0.0,0.05882352941176417,-0.6410294117646982,-0.6360294117646983,False,True,0.006860158311345646,0.0071690855044588215
600518.SH,2003-07-23,PASS_ROUNDING_INTERVAL_SET,True,0.0,0.021739130434782587,-0.11407608695652144,-0.10907608695652143,False,True,0.00685774573588887,0.00709465305416162
600518.SH,2003-07-24,PASS_ROUNDING_INTERVAL_SET,True,0.0,0.0714285714285712,-0.8183928571428538,-0.8133928571428539,False,True,0.006872246696035243,0.007189198667368052
600518.SH,2003-08-05,PASS_ROUNDING_INTERVAL_SET,True,0.0,0.017543859649122705,-0.06486842105263022,-0.05986842105263021,False,True,0.00629650829994276,0.006535947712418301
600518.SH,2003-08-07,PASS_ROUNDING_INTERVAL_SET,True,0.0,0.018867924528301862,-0.0829716981132072,-0.07797169811320723,False,True,0.006277344493056876,0.006526198023494313
600518.SH,2003-08-13,PASS_ROUNDING_INTERVAL_SET,True,0.0,0.03333333333333289,-0.27174999999999416,-0.26674999999999416,False,True,0.00629650829994276,0.006602527824938691
600518.SH,2003-08-15,PASS_ROUNDING_INTERVAL_SET,True,0.0,0.111111111111107,-1.2897222222221687,-1.2847222222221686,False,True,0.005960392232263027,0.006323050392795554
600518.SH,2003-08-29,PASS_ROUNDING_INTERVAL_SET,True,0.0,0.023255813953488216,-0.14412790697674224,-0.13912790697674224,False,True,0.005831490046249749,0.006127693220003953
600518.SH,2003-09-01,PASS_ROUNDING_INTERVAL_SET,True,0.0,0.026315789473684303,-0.18414473684210644,-0.17914473684210644,False,True,0.005796522086747951,0.00610356369364048
600518.SH,2003-09-05,PASS_ROUNDING_INTERVAL_SET,True,0.0,0.040000000000000036,-0.3571000000000004,-0.3521000000000004,False,True,0.005775741884086835,0.006113192664168803
600518.SH,2003-09-08,PASS_ROUNDING_INTERVAL_SET,True,0.0,0.022727272727272683,-0.1391477272727267,-0.1341477272727267,False,True,0.0057988402319536095,0.00609157005305561
600518.SH,2003-09-12,PASS_ROUNDING_INTERVAL_SET,True,0.0,0.03703703703703664,-0.31694444444443953,-0.31194444444443953,False,True,0.005531653349723418,0.005876393110435664
600518.SH,2003-09-24,PASS_ROUNDING_INTERVAL_SET,True,0.0,0.03999999999999947,-0.3476999999999935,-0.3426999999999935,False,True,0.005593536357986328,0.005946278449866721
600518.SH,2003-09-26,PASS_ROUNDING_INTERVAL_SET,True,0.0,0.111111111111107,-1.2030555555555063,-1.1980555555555061,False,True,0.005229031583350764,0.005626172119191498
600518.SH,2003-10-13,PASS_ROUNDING_INTERVAL_SET,True,0.0,0.03225806451612882,-0.25701612903225557,-0.25201612903225556,False,True,0.005277601857715854,0.005626172119191498
600518.SH,2003-10-23,PASS_ROUNDING_INTERVAL_SET,True,0.0,0.029411764705882085,-0.22330882352940867,-0.21830882352940867,False,True,0.004998913279721799,0.005354465624330691
600518.SH,2003-11-11,PASS_ROUNDING_INTERVAL_SET,True,0.0,0.05263157894736804,-0.4288157894736808,-0.4238157894736808,False,True,0.0024993057484032216,0.003022808463863699
600518.SH,2003-11-17,PASS_ROUNDING_INTERVAL_SET,True,0.0,0.03571428571428555,-0.2797321428571414,-0.27473214285714137,False,True,0.0024745669507836134,0.0029786081776333605
600518.SH,2003-11-19,PASS_ROUNDING_INTERVAL_SET,True,0.0,0.033333333333333263,-0.25424999999999937,-0.24924999999999936,False,True,0.0029641606036108865,0.003447361442588173
600518.SH,2003-11-26,PASS_ROUNDING_INTERVAL_SET,True,0.0,0.03030303030303016,-0.2284090909090895,-0.2234090909090895,False,True,0.0033565711334882526,0.0038080731150038085
600518.SH,2003-11-27,PASS_ROUNDING_INTERVAL_SET,True,0.0,0.016129032258064505,-0.09028225806451601,-0.085282258064516,False,True,0.003375746559335238,0.003773584905660378
600518.SH,2003-11-28,PASS_ROUNDING_INTERVAL_SET,True,0.0,0.0357142857142856,-0.2808035714285703,-0.2758035714285703,False,True,0.0033565711334882526,0.0038177653346907615
600518.SH,2003-12-04,PASS_ROUNDING_INTERVAL_SET,True,0.0,0.03030303030303016,-0.22810606060605915,-0.22310606060605914,False,True,0.003749062734316421,0.004179985247110892
600518.SH,2003-12-05,PASS_ROUNDING_INTERVAL_SET,True,0.0,0.0434782608695645,-0.36228260869564494,-0.35728260869564493,False,True,0.0037285607755406414,0.004177930695502581
600518.SH,2003-12-16,PASS_ROUNDING_INTERVAL_SET,True,0.0,0.027777777777777846,-0.2063194444444451,-0.2013194444444451,False,True,0.0033273611466598414,0.0037697914048755977
600518.SH,2003-12-18,PASS_ROUNDING_INTERVAL_SET,True,0.0,0.03030303030303016,-0.23053030303030164,-0.22553030303030164,False,True,0.003332478851576519,0.003781194857574994
600518.SH,2004-01-13,PASS_ROUNDING_INTERVAL_SET,True,0.0,0.01960784313725472,-0.10887254901960577,-0.10387254901960577,False,True,0.0050361287497262975,0.005354465624330691
600518.SH,2004-01-16,PASS_ROUNDING_INTERVAL_SET,True,0.0,0.023809523809523735,-0.15541666666666581,-0.1504166666666658,False,True,0.005306728932286139,0.005630865484880084
600518.SH,2004-03-03,PASS_ROUNDING_INTERVAL_SET,True,0.0,0.025641025641025626,-0.17596153846153828,-0.17096153846153828,False,True,0.005565862708719852,0.005883546358287686
600518.SH,2004-03-04,PASS_ROUNDING_INTERVAL_SET,True,0.0,0.0357142857142856,-0.2986607142857129,-0.2936607142857129,False,True,0.005558987029030266,0.005902707103602687
600518.SH,2004-03-25,PASS_ROUNDING_INTERVAL_SET,True,0.0,0.0178571428571428,-0.07656249999999928,-0.07156249999999928,False,True,0.005843239975821076,0.006108374384236453
600518.SH,2004-03-26,PASS_ROUNDING_INTERVAL_SET,True,0.0,0.02702702702702698,-0.19263513513513456,-0.18763513513513455,False,True,0.005803482089253552,0.006113192664168803
600518.SH,2004-05-10,PASS_ROUNDING_INTERVAL_SET,True,0.0,0.025641025641025394,-0.17429487179486872,-0.1692948717948687,False,True,0.005822124071471592,0.006127693220003953
600518.SH,2004-05-18,PASS_ROUNDING_INTERVAL_SET,True,0.0,0.01724137931034479,-0.07676724137930988,-0.07176724137930987,False,True,0.0053407391582995095,0.005628517823639776
600518.SH,2004-05-19,PASS_ROUNDING_INTERVAL_SET,True,0.0,0.022727272727272683,-0.14267045454545402,-0.137670454545454,False,True,0.005306728932286139,0.005626172119191498
600518.SH,2004-06-02,PASS_ROUNDING_INTERVAL_SET,True,0.0,0.028571428571428626,-0.10507142857142897,-0.10007142857142896,False,True,0.007140428425705542,0.00763865825307207
600518.SH,2004-06-09,PASS_ROUNDING_INTERVAL_SET,True,0.0,0.04166666666666698,-0.20156250000000217,-0.19656250000000217,False,True,0.006179571065067248,0.006788138620936049
600518.SH,2004-06-24,PASS_ROUNDING_INTERVAL_SET,True,0.0,0.026315789473684424,-0.08875000000000159,-0.08375000000000159,False,True,0.007130730050933785,0.007613373055279709
600518.SH,2004-08-02,PASS_ROUNDING_INTERVAL_SET,True,0.0,0.028571428571428588,-0.12964285714285723,-0.12464285714285724,False,True,0.0030368763557483735,0.003789473684210526
600518.SH,2004-08-12,PASS_ROUNDING_INTERVAL_SET,True,0.0,0.030303030303030446,-0.1397727272727281,-0.1347727272727281,False,True,0.003034243606415258,0.003792667509481669
600518.SH,2004-08-16,PASS_ROUNDING_INTERVAL_SET,True,0.0,0.05263157894736853,-0.2703947368421059,-0.2653947368421059,False,True,0.0030159414045669974,0.0038151759220008477
600518.SH,2004-08-17,PASS_ROUNDING_INTERVAL_SET,True,0.0,0.040000000000000265,-0.19550000000000153,-0.19050000000000156,False,True,0.0030368763557483735,0.0038216560509554145
600518.SH,2004-08-18,PASS_ROUNDING_INTERVAL_SET,True,0.0,0.038461538461538734,-0.18663461538461695,-0.18163461538461695,False,True,0.0030368763557483735,0.003818413237165889
600518.SH,2004-08-20,PASS_ROUNDING_INTERVAL_SET,True,0.0,0.04000000000000028,-0.1977000000000016,-0.19270000000000156,False,True,0.0022451728783116293,0.003074220465524813
600518.SH,2004-09-06,PASS_ROUNDING_INTERVAL_SET,True,0.0,0.09090909090909137,-0.4543181818181842,-0.44931818181818417,False,True,0.0004948045522018802,0.0014684287812041115
600518.SH,2004-09-07,PASS_ROUNDING_INTERVAL_SET,True,0.0,0.0769230769230775,-0.38365384615384907,-0.37865384615384906,False,True,0.0004948045522018802,0.0014655593551538837
600518.SH,2004-09-16,PASS_ROUNDING_INTERVAL_SET,True,0.0,0.037037037037037104,-0.18027777777777815,-0.17527777777777814,False,True,0.0014224751066856329,0.0023116042533518266
600518.SH,2004-10-18,PASS_ROUNDING_INTERVAL_SET,True,0.0,0.02325581395348849,-0.1071511627906983,-0.1021511627906983,False,True,0.001427891480247501,0.002286236854138089
600518.SH,2004-10-20,PASS_ROUNDING_INTERVAL_SET,True,0.0,0.029411764705882526,-0.13948529411764798,-0.13448529411764798,False,True,0.001427891480247501,0.0023052097740894426
600518.SH,2004-10-21,PASS_ROUNDING_INTERVAL_SET,True,0.0,0.03333333333333366,-0.16108333333333508,-0.15608333333333507,False,True,0.0014197823000473258,0.0023009664058904747
600518.SH,2004-10-27,PASS_ROUNDING_INTERVAL_SET,True,0.0,0.027027027027027202,-0.11587837837837942,-0.11087837837837944,False,True,0.00377992440151197,0.004480651731160897
600518.SH,2004-10-28,PASS_ROUNDING_INTERVAL_SET,True,0.0,0.035714285714285775,-0.16848214285714322,-0.16348214285714321,False,True,0.003764115432873275,0.004495300367797303
600518.SH,2004-11-02,PASS_ROUNDING_INTERVAL_SET,True,0.0,0.05263157894736902,-0.2709210526315826,-0.26592105263158256,False,True,0.0037484381507705126,0.004510045100451005
600518.SH,2004-11-03,PASS_ROUNDING_INTERVAL_SET,True,0.0,0.03846153846153847,-0.1847115384615385,-0.17971153846153853,False,True,0.003767266638760988,0.004506349856616141
600518.SH,2004-11-11,PASS_ROUNDING_INTERVAL_SET,True,0.0,0.03333333333333346,-0.1532500000000008,-0.1482500000000008,False,True,0.004401760704281712,0.005080109417741305
600518.SH,2004-11-15,PASS_ROUNDING_INTERVAL_SET,True,0.0,0.037037037037037375,-0.172314814814817,-0.167314814814817,False,True,0.005072181037846273,0.005731753916698511
600518.SH,2004-11-25,PASS_ROUNDING_INTERVAL_SET,True,0.0,0.05263157894736857,-0.2746052631578957,-0.2696052631578957,False,True,0.004391217564870259,0.0051120723554856475
600518.SH,2004-12-02,PASS_ROUNDING_INTERVAL_SET,True,0.0,0.07142857142857201,-0.3891071428571464,-0.3841071428571464,False,True,0.0037021801727684083,0.004473363155754371
600518.SH,2004-12-07,PASS_ROUNDING_INTERVAL_SET,True,0.0,0.030303030303030446,-0.1355303030303039,-0.1305303030303039,False,True,0.0037767519932857744,0.00449162923642303
600518.SH,2004-12-08,PASS_ROUNDING_INTERVAL_SET,True,0.0,0.08333333333333383,-0.45187500000000297,-0.44687500000000296,False,True,0.0037735849056603774,0.0045662100456621
600518.SH,2004-12-09,PASS_ROUNDING_INTERVAL_SET,True,0.0,0.03125000000000013,-0.14085937500000079,-0.1358593750000008,False,True,0.0037831021437578815,0.0045026606631191155
600518.SH,2004-12-10,PASS_ROUNDING_INTERVAL_SET,True,0.0,0.02857142857142873,-0.12621428571428667,-0.12121428571428669,False,True,0.0037546933667083854,0.0044588569112282124
600518.SH,2004-12-13,PASS_ROUNDING_INTERVAL_SET,True,0.0,0.20000000000000417,-1.145500000000025,-1.140500000000025,False,True,0.00377992440151197,0.004600585529067336
600518.SH,2004-12-17,PASS_ROUNDING_INTERVAL_SET,True,0.0,0.02941176470588235,-0.13345588235294115,-0.12845588235294114,False,True,0.0030554343081623746,0.0038151759220008477
600518.SH,2004-12-21,PASS_ROUNDING_INTERVAL_SET,True,0.0,0.058823529411765337,-0.30161764705882704,-0.2966176470588271,False,True,0.0022512381809995496,0.0031042128603104213
600518.SH,2004-12-27,PASS_ROUNDING_INTERVAL_SET,True,0.0,0.02941176470588235,-0.13345588235294115,-0.12845588235294114,False,True,0.0030554343081623746,0.0038151759220008477
600518.SH,2004-12-28,PASS_ROUNDING_INTERVAL_SET,True,0.0,0.03333333333333344,-0.1579166666666673,-0.1529166666666673,False,True,0.003023758099352052,0.003789473684210526
600518.SH,2004-12-29,PASS_ROUNDING_INTERVAL_SET,True,0.0,0.03703703703703708,-0.17990740740740765,-0.17490740740740762,False,True,0.0030159414045669974,0.003789473684210526
600518.SH,2005-01-04,PASS_ROUNDING_INTERVAL_SET,True,0.0,0.03448275862068975,-0.16474137931034538,-0.15974137931034538,False,True,0.0022716946842344385,0.0030987162461266044
600518.SH,2005-01-10,PASS_ROUNDING_INTERVAL_SET,True,0.0,0.02702702702702708,-0.1239864864864868,-0.11898648648648677,False,True,0.0022675736961451243,0.0030715225976305394
600518.SH,2005-01-12,PASS_ROUNDING_INTERVAL_SET,True,0.0,0.04545454545454605,-0.22647727272727605,-0.22147727272727605,False,True,0.002259376412110257,0.0031014621178555605
600518.SH,2005-01-13,PASS_ROUNDING_INTERVAL_SET,True,0.0,0.06666666666666729,-0.3451666666666701,-0.34016666666667017,False,True,0.0022512381809995496,0.003109729009329187
600518.SH,2005-01-17,PASS_ROUNDING_INTERVAL_SET,True,0.0,0.0434782608695658,-0.21336956521739453,-0.20836956521739453,False,True,0.0022799817601459184,0.0031263957123715946
600518.SH,2005-02-03,PASS_ROUNDING_INTERVAL_SET,True,0.0,0.03846153846153875,-0.19028846153846302,-0.185288461538463,False,True,0.0004923682914820285,0.0014402304368698992
600518.SH,2005-03-03,PASS_ROUNDING_INTERVAL_SET,True,0.0,0.03225806451612916,-0.15266129032258138,-0.14766129032258138,False,True,0.0022696323195642303,0.0030905077262693157
600518.SH,2005-03-04,PASS_ROUNDING_INTERVAL_SET,True,0.0,0.033333333333333444,-0.15858333333333396,-0.15358333333333396,False,True,0.0022696323195642303,0.003093239063190455
600518.SH,2005-03-07,PASS_ROUNDING_INTERVAL_SET,True,0.0,0.05000000000000017,-0.25062500000000093,-0.24562500000000095,False,True,0.0022675736961451243,0.0031180400890868593
600518.SH,2005-03-09,PASS_ROUNDING_INTERVAL_SET,True,0.0,0.041666666666666914,-0.20364583333333475,-0.19864583333333474,False,True,0.0030554343081623746,0.0038477982043608385
600518.SH,2005-03-22,PASS_ROUNDING_INTERVAL_SET,True,0.0,0.03703703703703735,-0.1810185185185202,-0.17601851851852018,False,True,0.0014170996693434103,0.002303086135421465
600518.SH,2005-03-23,PASS_ROUNDING_INTERVAL_SET,True,0.0,0.029411764705882526,-0.1409558823529421,-0.13595588235294212,False,True,0.0014144271570014143,0.002284148012791229
600518.SH,2005-03-24,PASS_ROUNDING_INTERVAL_SET,True,0.0,0.03846153846153876,-0.18951923076923238,-0.1845192307692324,False,True,0.001410437235543018,0.002294630564479119
600518.SH,2005-03-25,PASS_ROUNDING_INTERVAL_SET,True,0.0,0.05263157894736857,-0.2667105263157903,-0.2617105263157903,False,True,0.0014012143858010274,0.002294630564479119
600518.SH,2005-04-07,PASS_ROUNDING_INTERVAL_SET,True,0.0,0.03225806451612917,-0.15572580645161366,-0.15072580645161365,False,True,0.0014170996693434103,0.002294630564479119
600518.SH,2005-04-14,PASS_ROUNDING_INTERVAL_SET,True,0.0,0.024390243902439126,-0.1131097560975615,-0.10810975609756152,False,True,0.001427891480247501,0.002290426019239579
600518.SH,2005-04-18,PASS_ROUNDING_INTERVAL_SET,True,0.0,0.027777777777777818,-0.1354861111111113,-0.1304861111111113,False,True,0.0004943153732081067,0.001431980906921241
600518.SH,2005-04-19,PASS_ROUNDING_INTERVAL_SET,True,0.0,0.07142857142857204,-0.3612500000000031,-0.3562500000000031,False,True,0.00048756704046806434,0.001443001443001443
600518.SH,2005-04-20,PASS_ROUNDING_INTERVAL_SET,True,0.0,0.06666666666666729,-0.3335000000000032,-0.3285000000000032,False,True,0.0004923682914820285,0.001455604075691412
600518.SH,2005-04-22,PASS_ROUNDING_INTERVAL_SET,True,0.0,0.05263157894736904,-0.25986842105263475,-0.25486842105263474,False,True,0.0004967709885742673,0.0014627011214041932
600518.SH,2005-04-29,PASS_ROUNDING_INTERVAL_SET,True,0.0,0.05263157894736855,-0.2609210526315796,-0.2559210526315796,False,True,0.0004948045522018802,0.0014570179698882952
600518.SH,2005-08-10,PASS_ROUNDING_INTERVAL_SET,True,0.0,0.04000000000000028,-0.19150000000000153,-0.18650000000000153,False,True,0.0023094688221709002,0.003160270880361174
600518.SH,2005-08-11,PASS_ROUNDING_INTERVAL_SET,True,0.0,0.03703703703703733,-0.1769444444444461,-0.17194444444444607,False,True,0.002292526364053186,0.003131991051454139
600518.SH,2005-08-22,PASS_ROUNDING_INTERVAL_SET,True,0.0,0.034482758620689766,-0.16612068965517301,-0.161120689655173,False,True,0.001427891480247501,0.002315886984715146
600518.SH,2005-08-23,PASS_ROUNDING_INTERVAL_SET,True,0.0,0.034482758620689766,-0.16353448275862126,-0.15853448275862128,False,True,0.0014485755673587638,0.0023485204321277596
600518.SH,2005-08-25,PASS_ROUNDING_INTERVAL_SET,True,0.0,0.03448275862068975,-0.1638793103448281,-0.1588793103448281,False,True,0.002282062984938384,0.0031124944419742106
600518.SH,2005-08-26,PASS_ROUNDING_INTERVAL_SET,True,0.0,0.03846153846153875,-0.18490384615384775,-0.17990384615384772,False,True,0.002290426019239578,0.003131991051454139
600518.SH,2005-08-29,PASS_ROUNDING_INTERVAL_SET,True,0.0,0.045454545454545685,-0.223977272727274,-0.218977272727274,False,True,0.002282062984938384,0.003131991051454139
600518.SH,2005-09-01,PASS_ROUNDING_INTERVAL_SET,True,0.0,0.041666666666666935,-0.20281250000000148,-0.19781250000000147,False,True,0.0022862368541380885,0.003131991051454139
600518.SH,2005-09-23,PASS_ROUNDING_INTERVAL_SET,True,0.0,0.03448275862068974,-0.15905172413793153,-0.15405172413793156,False,True,0.0038022813688212928,0.004536082474226804
600518.SH,2005-11-03,PASS_ROUNDING_INTERVAL_SET,True,0.0,0.03448275862068995,-0.12129310344827723,-0.11629310344827724,False,True,0.0038610038610038607,0.004810261892036345
600518.SH,2005-11-16,PASS_ROUNDING_INTERVAL_SET,True,0.0,0.03333333333333363,-0.1160833333333347,-0.11108333333333471,False,True,0.0038610038610038607,0.004805125467164976
600518.SH,2005-12-06,PASS_ROUNDING_INTERVAL_SET,True,0.0,0.03703703703703732,-0.12953703703703837,-0.12453703703703839,False,True,0.004774535809018568,0.005673027333677154
600518.SH,2005-12-07,PASS_ROUNDING_INTERVAL_SET,True,0.0,0.045454545454545664,-0.1698863636363646,-0.16488636363636464,False,True,0.004759386567953465,0.005684754521963825
600518.SH,2005-12-13,PASS_ROUNDING_INTERVAL_SET,True,0.0,0.05882352941176536,-0.2333823529411797,-0.2283823529411797,False,True,0.0056093829678735335,0.006516290726817043
600518.SH,2005-12-14,PASS_ROUNDING_INTERVAL_SET,True,0.0,0.04166666666666695,-0.15010416666666807,-0.14510416666666806,False,True,0.005586592178770949,0.00644521566683193
600518.SH,2005-12-15,PASS_ROUNDING_INTERVAL_SET,True,0.0,0.034482758620689974,-0.11405172413793263,-0.10905172413793263,False,True,0.0056093829678735335,0.006438831104507182
600518.SH,2005-12-16,PASS_ROUNDING_INTERVAL_SET,True,0.0,0.05882352941176536,-0.2333823529411797,-0.2283823529411797,False,True,0.0056093829678735335,0.006516290726817043
600518.SH,2005-12-19,PASS_ROUNDING_INTERVAL_SET,True,0.0,0.07142857142857206,-0.29446428571428884,-0.28946428571428884,False,True,0.005620848237097598,0.006549118387909321
600518.SH,2006-02-07,PASS_ROUNDING_INTERVAL_SET,True,0.0,0.03846153846153847,-0.1368269230769231,-0.13182692307692312,False,True,0.004759386567953465,0.005661348430262481
600518.SH,2006-02-10,PASS_ROUNDING_INTERVAL_SET,True,0.0,0.0500000000000006,-0.19187500000000288,-0.18687500000000287,False,True,0.00474934036939314,0.005684754521963825
600518.SH,2006-02-17,PASS_ROUNDING_INTERVAL_SET,True,0.0,0.058823529411765316,-0.23191176470588523,-0.22691176470588525,False,True,0.004779607010090282,0.00573813249869588
600518.SH,2006-02-22,PASS_ROUNDING_INTERVAL_SET,True,0.0,0.05555555555555616,-0.21958333333333616,-0.21458333333333618,False,True,0.0038188761593016913,0.004815409309791333
600518.SH,2006-02-23,PASS_ROUNDING_INTERVAL_SET,True,0.0,0.0588235294117647,-0.23338235294117646,-0.22838235294117643,False,True,0.0038356164383561648,0.004841312533620226
600518.SH,2006-02-28,PASS_ROUNDING_INTERVAL_SET,True,0.0,0.05263157894736902,-0.20565789473684487,-0.20065789473684487,False,True,0.0038272279934390375,0.0048205677557579
600518.SH,2006-03-02,PASS_ROUNDING_INTERVAL_SET,True,0.0,0.040000000000000265,-0.14330000000000126,-0.13830000000000126,False,True,0.004779607010090282,0.005690636316606312
600518.SH,2006-03-03,PASS_ROUNDING_INTERVAL_SET,True,0.0,0.06250000000000061,-0.25078125000000295,-0.24578125000000295,False,True,0.004754358161648177,0.005714285714285714
600518.SH,2006-03-06,PASS_ROUNDING_INTERVAL_SET,True,0.0,0.058823529411765316,-0.2325000000000029,-0.22750000000000292,False,True,0.004769475357710652,0.005726184279021344
600518.SH,2006-03-08,PASS_ROUNDING_INTERVAL_SET,True,0.0,0.07692307692307747,-0.31557692307692553,-0.3105769230769256,False,True,0.003839824465167307,0.0048674959437533805
600518.SH,2006-03-09,PASS_ROUNDING_INTERVAL_SET,True,0.0,0.07692307692307852,-0.317115384615392,-0.312115384615392,False,True,0.003823047515019115,0.004846526655896608
600518.SH,2006-03-10,PASS_ROUNDING_INTERVAL_SET,True,0.0,0.06666666666666726,-0.27050000000000274,-0.2655000000000028,False,True,0.0038188761593016913,0.004830917874396135
600518.SH,2006-03-28,PASS_ROUNDING_INTERVAL_SET,True,0.0,0.08333333333333383,-0.3510416666666691,-0.3460416666666691,False,True,0.004734350341925302,0.005714285714285714
600518.SH,2006-04-04,PASS_ROUNDING_INTERVAL_SET,True,0.0,0.03571428571428605,-0.11651785714285887,-0.11151785714285886,False,True,0.006394490900147565,0.007180469123982769
600518.SH,2006-04-10,PASS_ROUNDING_INTERVAL_SET,True,0.0,0.030303030303030488,-0.08446969696969796,-0.07946969696969795,False,True,0.007125890736342042,0.007830492860432981
600518.SH,2006-04-27,PASS_ROUNDING_INTERVAL_SET,True,0.0,0.04166666666666698,-0.1457291666666683,-0.1407291666666683,False,True,0.0070788107597923545,0.007844946931241348
600518.SH,2006-05-08,PASS_ROUNDING_INTERVAL_SET,True,0.0,0.031250000000000173,-0.08492187500000095,-0.07992187500000095,False,True,0.007816091954022988,0.00848593121929433
600518.SH,2006-06-14,PASS_ROUNDING_INTERVAL_SET,True,0.0,0.0588235294117654,-0.12044117647059105,-0.11544117647059104,False,True,0.014366021236727044,0.015290519877675842
600518.SH,2006-06-15,PASS_ROUNDING_INTERVAL_SET,True,0.0,0.10000000000000223,-0.28975000000000906,-0.28475000000000905,False,True,0.014206300185299565,0.015253203172666263
600518.SH,2006-08-31,PASS_ROUNDING_INTERVAL_SET,True,0.0,0.0714285714285721,-0.16339285714286045,-0.15839285714286044,False,True,0.018964633521271142,0.019706922688226377
600518.SH,2006-09-01,PASS_ROUNDING_INTERVAL_SET,True,0.0,0.07692307692307758,-0.19019230769231094,-0.18519230769231093,False,True,0.018964633521271142,0.019726858877086497
600518.SH,2006-10-17,PASS_ROUNDING_INTERVAL_SET,True,0.0,0.0625000000000007,-0.11703125000000347,-0.11203125000000347,False,True,0.019529293940911366,0.020206998521439135
600525.SH,2003-05-28,PASS_ROUNDING_INTERVAL_SET,True,0.0,0.09090909090908852,0.20977272727274743,0.21477272727274743,False,True,0.057915057915057924,0.05812924166420773
600558.SH,2004-08-11,PASS_ROUNDING_INTERVAL_SET,True,0.0,0.25,-0.399375,-0.394375,False,True,0.06587712805329386,0.06696100073583518
600558.SH,2005-11-28,PASS_ROUNDING_INTERVAL_SET,True,0.0,0.25,-0.464375,-0.459375,False,True,0.03128153380423814,0.03303303303303303
600562.SH,2003-07-03,PASS_ROUNDING_INTERVAL_SET,True,0.0,0.20000000000000445,-0.8035000000000261,-0.798500000000026,False,True,0.03123662815575524,0.031955688112484025
600568.SH,2004-08-25,PASS_ROUNDING_INTERVAL_SET,True,0.0,0.24999999999999445,-0.08812499999998558,-0.08312499999998557,False,True,0.1078717201166181,0.10896817743490839
600568.SH,2005-05-31,PASS_ROUNDING_INTERVAL_SET,True,0.0,0.16666666666666544,0.08458333333333579,0.08958333333333579,False,True,0.10466582597730138,0.10559006211180123
600568.SH,2005-06-29,PASS_ROUNDING_INTERVAL_SET,True,0.0,0.16666666666666544,0.09125000000000255,0.09625000000000256,False,True,0.10545454545454545,0.1063321385902031
600568.SH,2005-07-19,PASS_ROUNDING_INTERVAL_SET,True,0.0,0.16666666666666544,0.06125000000000208,0.06625000000000208,False,True,0.10197869101978693,0.1031390134529148
600568.SH,2005-09-05,PASS_ROUNDING_INTERVAL_SET,True,0.0,0.16666666666666544,0.09125000000000255,0.09625000000000256,False,True,0.10545454545454545,0.1063321385902031
600568.SH,2005-09-28,PASS_ROUNDING_INTERVAL_SET,True,0.0,0.1428571428571424,0.1325000000000009,0.1375000000000009,False,True,0.10493046776232616,0.10559006211180123
600568.SH,2005-10-17,PASS_ROUNDING_INTERVAL_SET,True,0.0,0.1666666666666679,0.0854166666666642,0.0904166666666642,False,True,0.10493046776232616,0.10585305105853052
600568.SH,2005-12-16,PASS_ROUNDING_INTERVAL_SET,True,0.0,0.16666666666666666,0.07625000000000004,0.08125000000000004,False,True,0.1039136302294197,0.1049136786188579
600568.SH,2005-12-20,PASS_ROUNDING_INTERVAL_SET,True,0.0,0.25,-0.078125,-0.073125,False,True,0.1039136302294197,0.1054739652870494
600568.SH,2006-01-05,PASS_ROUNDING_INTERVAL_SET,True,0.0,0.19999999999999912,0.01650000000000168,0.021500000000001684,False,True,0.10424710424710425,0.10546378653113087
600568.SH,2006-01-25,PASS_ROUNDING_INTERVAL_SET,True,0.0,0.16666666666666666,0.07625000000000004,0.08125000000000004,False,True,0.1039136302294197,0.1049136786188579
600568.SH,2006-02-10,PASS_ROUNDING_INTERVAL_SET,True,0.0,0.3333333333333309,-0.23916666666666186,-0.23416666666666186,False,True,0.10381077529566361,0.10560625814863103
600568.SH,2006-02-27,PASS_ROUNDING_INTERVAL_SET,True,0.0,0.19999999999999912,0.014500000000001734,0.019500000000001738,False,True,0.10381077529566361,0.10505836575875487
600568.SH,2006-03-14,PASS_ROUNDING_INTERVAL_SET,True,0.0,0.3333333333333309,-0.2291666666666622,-0.22416666666666218,False,True,0.10344827586206896,0.10533515731874145
600568.SH,2006-03-15,PASS_ROUNDING_INTERVAL_SET,True,0.0,0.19999999999999912,0.01150000000000162,0.016500000000001624,False,True,0.1031636863823934,0.1044776119402985
600568.SH,2006-03-16,PASS_ROUNDING_INTERVAL_SET,True,0.0,0.25,-0.080625,-0.075625,False,True,0.102880658436214,0.1044776119402985
600568.SH,2006-03-17,PASS_ROUNDING_INTERVAL_SET,True,0.0,0.19999999999999912,0.012500000000001565,0.01750000000000157,False,True,0.10344827586206896,0.10476190476190475
600568.SH,2006-03-20,PASS_ROUNDING_INTERVAL_SET,True,0.0,0.24999999999999722,-0.07937499999999492,-0.07437499999999492,False,True,0.1031636863823934,0.10476190476190475
600568.SH,2006-03-22,PASS_ROUNDING_INTERVAL_SET,True,0.0,0.19999999999999912,0.01150000000000162,0.016500000000001624,False,True,0.1031636863823934,0.1044776119402985
600568.SH,2006-03-31,PASS_ROUNDING_INTERVAL_SET,True,0.0,0.3333333333333309,-0.2324999999999955,-0.22749999999999548,False,True,0.102880658436214,0.10476190476190475
600568.SH,2006-04-05,PASS_ROUNDING_INTERVAL_SET,True,0.0,0.16666666666666666,0.07625000000000004,0.08125000000000004,False,True,0.1039136302294197,0.1049136786188579
600568.SH,2006-04-06,PASS_ROUNDING_INTERVAL_SET,True,0.0,0.3333333333333309,-0.23749999999999538,-0.23249999999999538,False,True,0.10307898259705489,0.1049136786188579
600568.SH,2006-09-08,PASS_ROUNDING_INTERVAL_SET,True,0.0,0.25,0.08062500000000006,0.08562500000000006,False,True,0.14670255720053837,0.14780292942743012
600568.SH,2008-04-24,PASS_ROUNDING_INTERVAL_SET,True,0.0,1.0000000000001776,-2.8925000000007466,-2.887500000000746,False,True,0.15544967242406194,0.15645449137418205
600575.SH,2003-07-07,PASS_ROUNDING_INTERVAL_SET,True,0.0,0.09090909090909292,-0.33613636363637434,-0.33113636363637433,False,True,0.013698630136986299,0.014492753623188408
600575.SH,2003-08-15,PASS_ROUNDING_INTERVAL_SET,True,0.0,0.11111111111111358,-0.4447222222222349,-0.4397222222222349,False,True,0.012189176011701608,0.013049782503624941
600575.SH,2003-08-21,PASS_ROUNDING_INTERVAL_SET,True,0.0,0.14285714285714604,-0.6096428571428734,-0.6046428571428734,False,True,0.011335633316904877,0.012236906510034264
600575.SH,2003-08-27,PASS_ROUNDING_INTERVAL_SET,True,0.0,0.11111111111111138,-0.448055555555557,-0.44305555555555687,False,True,0.01054746358613762,0.011448481831757094
600575.SH,2003-08-28,PASS_ROUNDING_INTERVAL_SET,True,0.0,0.12500000000000278,-0.517812500000014,-0.512812500000014,False,True,0.010536879076768688,0.011448481831757094
600575.SH,2004-04-02,PASS_ROUNDING_INTERVAL_SET,True,0.0,0.12500000000000278,-0.5165625000000136,-0.5115625000000136,False,True,0.009708737864077669,0.010643689812468325
600575.SH,2004-11-26,PASS_ROUNDING_INTERVAL_SET,True,0.0,0.12500000000000278,-0.5109375000000129,-0.5059375000000128,False,True,0.007053716766142158,0.008068854222700378
600575.SH,2004-12-01,PASS_ROUNDING_INTERVAL_SET,True,0.0,0.1250000000000027,-0.5090625000000121,-0.5040625000000121,False,True,0.006094182825484764,0.007138934651290501
600575.SH,2004-12-30,PASS_ROUNDING_INTERVAL_SET,True,0.0,0.09090909090909283,-0.36931818181818976,-0.36431818181818976,False,True,0.000607164541590771,0.0017974835230677054
600575.SH,2006-09-20,PASS_ROUNDING_INTERVAL_SET,True,0.0,0.12499999999999983,-0.3540624999999995,-0.3490624999999995,False,True,0.005622489959839359,0.007137192704203013
600575.SH,2006-09-26,PASS_ROUNDING_INTERVAL_SET,True,0.0,0.11111111111111018,-0.31416666666666376,-0.3091666666666638,False,True,0.004095004095004095,0.005649717514124293
600575.SH,2006-10-17,PASS_ROUNDING_INTERVAL_SET,True,0.0,0.11111111111111013,-0.3080555555555524,-0.3030555555555524,False,True,0.007081038552321009,0.008533747090768037
600575.SH,2006-11-03,PASS_ROUNDING_INTERVAL_SET,True,0.0,0.1428571428571424,-0.40678571428571275,-0.40178571428571275,False,True,0.00984102952308857,0.011235955056179777
600575.SH,2006-12-25,PASS_ROUNDING_INTERVAL_SET,True,0.0,0.1428571428571423,-0.4067857142857125,-0.40178571428571247,False,True,0.008507347254447023,0.009946442234123947
600594.SH,2004-08-24,PASS_ROUNDING_INTERVAL_SET,True,0.0,0.09090909090908852,-0.7052272727272466,-0.7002272727272465,False,True,0.013406044080890706,0.013791544200768708
600595.SH,2002-09-24,PASS_ROUNDING_INTERVAL_SET,True,0.0,0.14285714285714285,1.9225000000000003,1.9275000000000002,False,False,,
600601.SH,1990-12-20,PASS_ROUNDING_INTERVAL_SET,True,0.0,0.0010764262648008391,1.0652664155005402,1.0702664155005401,False,False,,
600601.SH,1990-12-24,PASS_ROUNDING_INTERVAL_SET,True,0.0,0.11111111111110453,-10.741944444443737,-10.736944444443738,False,True,0.0054777277918929635,0.005522029870220648
600601.SH,1991-01-15,PASS_ROUNDING_INTERVAL_SET,True,0.0,0.0038610038610037735,0.6829054054054167,0.6879054054054166,False,False,,
600601.SH,1991-01-16,PASS_ROUNDING_INTERVAL_SET,True,0.0,0.007751937984496007,0.18699612403102273,0.19199612403102262,False,True,0.004609560424471863,0.0046253830090360855
600601.SH,1991-01-17,PASS_ROUNDING_INTERVAL_SET,True,0.0,0.007751937984496007,0.18699612403102273,0.19199612403102262,False,True,0.004609560424471863,0.0046253830090360855
600601.SH,1991-01-18,PASS_ROUNDING_INTERVAL_SET,True,0.0,0.015624999999999306,-0.806289062499912,-0.801289062499912,False,True,0.004633189408726169,0.004660858620621841
600601.SH,1991-02-06,PASS_ROUNDING_INTERVAL_SET,True,0.0,0.004184100418409927,0.6689225941422734,0.6739225941422733,False,False,,
600601.SH,1991-02-19,PASS_ROUNDING_INTERVAL_SET,True,0.0,0.0038610038610037735,0.6917857142857253,0.6967857142857252,False,False,,
600601.SH,1991-02-20,PASS_ROUNDING_INTERVAL_SET,True,0.0,0.008403361344537652,0.1119537815126257,0.11695378151262559,False,True,0.0046441769925495546,0.00466177540864297
600601.SH,1991-02-21,PASS_ROUNDING_INTERVAL_SET,True,0.0,0.007462686567163842,0.2274067164179533,0.23240671641795319,False,True,0.004626803961331733,0.0046416890264204145
600601.SH,1991-02-22,PASS_ROUNDING_INTERVAL_SET,True,0.0,0.007751937984495836,0.1854457364341453,0.1904457364341452,False,True,0.004602338379585202,0.004618172606636917
600601.SH,1991-03-12,PASS_ROUNDING_INTERVAL_SET,True,0.0,0.041666666666666664,0.11239583333333347,0.11739583333333337,False,True,0.02303695716106264,0.023124207239730705
600601.SH,1991-05-20,PASS_ROUNDING_INTERVAL_SET,True,0.0,0.012658227848101123,0.9137025316455725,0.9187025316455724,False,False,,
600601.SH,1991-05-21,PASS_ROUNDING_INTERVAL_SET,True,0.0,0.012658227848101123,0.9111708860759522,0.9161708860759521,False,False,,
600601.SH,1991-05-29,PASS_ROUNDING_INTERVAL_SET,True,0.0,0.013513513513513318,0.9098986486486523,0.9148986486486522,False,False,,
600601.SH,1991-06-03,PASS_ROUNDING_INTERVAL_SET,True,0.0,0.05263157894736793,0.12539473684211488,0.13039473684211478,False,True,0.029489937982533857,0.029600705378511144
600601.SH,1991-06-13,PASS_ROUNDING_INTERVAL_SET,True,0.0,0.029411764705882047,0.5491911764705948,0.5541911764705947,False,True,0.02761132651862296,0.02762559738897307
600601.SH,1991-06-14,PASS_ROUNDING_INTERVAL_SET,True,0.0,0.012658227848101123,0.9059810126582308,0.9109810126582307,False,False,,
600601.SH,1991-06-17,PASS_ROUNDING_INTERVAL_SET,True,0.0,0.012658227848101123,0.9085126582278511,0.913512658227851,False,False,,
600601.SH,1991-06-21,PASS_ROUNDING_INTERVAL_SET,True,0.0,0.012658227848101123,0.8983860759493703,0.9033860759493701,False,False,,
600601.SH,1991-07-01,PASS_ROUNDING_INTERVAL_SET,True,0.0,0.010101010101009937,0.9411363636363674,0.9461363636363673,False,False,,
600601.SH,1991-07-04,PASS_ROUNDING_INTERVAL_SET,True,0.0,0.010101010101009937,0.9487121212121249,0.9537121212121248,False,False,,
600601.SH,1991-07-05,PASS_ROUNDING_INTERVAL_SET,True,0.0,0.010101010101009937,0.9461868686868724,0.9511868686868723,False,False,,
600601.SH,1991-07-09,PASS_ROUNDING_INTERVAL_SET,True,0.0,0.012658227848101009,0.8939556962025375,0.8989556962025373,False,False,,
600601.SH,1991-07-10,PASS_ROUNDING_INTERVAL_SET,True,0.0,0.03448275862068987,0.4162931034482711,0.421293103448271,False,True,0.02670151119191001,0.02675245513037589
600601.SH,1991-07-15,PASS_ROUNDING_INTERVAL_SET,True,0.0,0.012658227848101009,0.9040822784810182,0.9090822784810181,False,False,,
600601.SH,1991-09-11,PASS_ROUNDING_INTERVAL_SET,True,0.0,0.00719424460431639,0.952248201438854,0.9572482014388539,False,False,,
600601.SH,1991-09-12,PASS_ROUNDING_INTERVAL_SET,True,0.0,0.034482758620686484,0.07974137931044667,0.08474137931044656,False,True,0.018485297558692774,0.01855734140849444
600601.SH,1991-09-13,PASS_ROUNDING_INTERVAL_SET,True,0.0,0.016949152542372014,0.6417372881356211,0.646737288135621,False,False,,
600601.SH,1991-09-17,PASS_ROUNDING_INTERVAL_SET,True,0.0,0.007194244604316317,0.9526079136690723,0.9576079136690722,False,False,,
600601.SH,1991-09-19,PASS_ROUNDING_INTERVAL_SET,True,0.0,0.007194244604316317,0.9529676258992881,0.957967625899288,False,False,,
600601.SH,1991-09-20,PASS_ROUNDING_INTERVAL_SET,True,0.0,0.007194244604316317,0.9529676258992881,0.957967625899288,False,False,,
600601.SH,1991-09-27,PASS_ROUNDING_INTERVAL_SET,True,0.0,0.008403361344537652,0.916575630252106,0.9215756302521059,False,False,,
600601.SH,1991-10-03,PASS_ROUNDING_INTERVAL_SET,True,0.0,0.008403361344537652,0.9216176470588284,0.9266176470588283,False,False,,
600601.SH,1991-10-07,PASS_ROUNDING_INTERVAL_SET,True,0.0,0.016949152542372625,0.6486864406779741,0.653686440677974,False,False,,
600601.SH,1991-10-08,PASS_ROUNDING_INTERVAL_SET,True,0.0,0.008403361344537702,0.9140546218487431,0.919054621848743,False,False,,
600601.SH,1991-10-09,PASS_ROUNDING_INTERVAL_SET,True,0.0,0.008403361344537652,0.916575630252106,0.9215756302521059,False,False,,
600601.SH,1991-10-10,PASS_ROUNDING_INTERVAL_SET,True,0.0,0.01785714285714263,0.6148660714285786,0.6198660714285785,False,False,,
600601.SH,1991-10-11,PASS_ROUNDING_INTERVAL_SET,True,0.0,0.00917431192660534,0.8869036697247759,0.8919036697247757,False,False,,
600601.SH,1991-10-14,PASS_ROUNDING_INTERVAL_SET,True,0.0,0.008064516129032119,0.9221572580645205,0.9271572580645204,False,False,,
600601.SH,1991-10-15,PASS_ROUNDING_INTERVAL_SET,True,0.0,0.009345794392523225,0.8819859813084157,0.8869859813084155,False,False,,
600601.SH,1991-10-24,PASS_ROUNDING_INTERVAL_SET,True,0.0,0.007194244604316317,0.9436151079136769,0.9486151079136768,False,False,,
600601.SH,1991-10-25,PASS_ROUNDING_INTERVAL_SET,True,0.0,0.007194244604316317,0.9410971223021661,0.946097122302166,False,False,,
600601.SH,1991-10-28,PASS_ROUNDING_INTERVAL_SET,True,0.0,0.025641025641024124,0.2939102564103092,0.2989102564103091,False,True,0.017049133155888067,0.01709707418270262
600601.SH,1991-11-08,PASS_ROUNDING_INTERVAL_SET,True,0.0,0.00671140939597297,0.9339765100671211,0.938976510067121,False,False,,
600601.SH,1991-11-29,PASS_ROUNDING_INTERVAL_SET,True,0.0,0.012658227848100896,0.6666139240506481,0.671613924050648,False,False,,
600601.SH,1991-12-02,PASS_ROUNDING_INTERVAL_SET,True,0.0,0.006289308176100481,0.9274371069182451,0.932437106918245,False,False,,
600601.SH,1992-02-20,PASS_ROUNDING_INTERVAL_SET,True,0.0,0.00048216007714560184,1.191773143683704,1.196773143683704,False,False,,
600601.SH,1992-02-25,PASS_ROUNDING_INTERVAL_SET,True,0.0,0.0007199424046076153,1.1725287976961862,1.1775287976961861,False,False,,
600601.SH,1992-02-28,PASS_ROUNDING_INTERVAL_SET,True,0.0,0.0005636978579481275,1.1982229425028204,1.2032229425028202,False,False,,
600601.SH,1992-03-03,PASS_ROUNDING_INTERVAL_SET,True,0.0,0.0011001100110010727,1.1186606160616104,1.1236606160616103,False,False,,
600601.SH,1992-03-05,PASS_ROUNDING_INTERVAL_SET,True,0.0,0.0009532888465204745,1.1408984747378492,1.1458984747378491,False,False,,
600601.SH,1992-03-09,PASS_ROUNDING_INTERVAL_SET,True,0.0,0.0009624639076034456,1.1401275264677608,1.1451275264677607,False,False,,
600601.SH,1992-03-11,PASS_ROUNDING_INTERVAL_SET,True,0.0,0.0010351966873705758,1.1276009316770232,1.1326009316770231,False,False,,
600601.SH,1992-03-12,PASS_ROUNDING_INTERVAL_SET,True,0.0,0.0012091898428052974,1.0902085852478884,1.0952085852478883,False,False,,
600601.SH,1992-03-13,PASS_ROUNDING_INTERVAL_SET,True,0.0,0.0015923566878980621,1.0242635350318523,1.0292635350318522,False,False,,
600601.SH,1992-03-17,PASS_ROUNDING_INTERVAL_SET,True,0.0,0.002506265664160342,0.858878446115299,0.8638784461152988,False,False,,
600601.SH,1992-03-18,PASS_ROUNDING_INTERVAL_SET,True,0.0,0.003344481605351089,0.7163628762541951,0.721362876254195,False,False,,
600601.SH,1992-03-19,PASS_ROUNDING_INTERVAL_SET,True,0.0,0.0038610038610037314,0.6314382239382468,0.6364382239382467,False,True,0.0037402731402530784,0.003741162747692001
600601.SH,1992-03-20,PASS_ROUNDING_INTERVAL_SET,True,0.0,0.003344481605351089,0.7280685618729239,0.7330685618729238,False,False,,
600601.SH,1992-03-24,PASS_ROUNDING_INTERVAL_SET,True,0.0,0.014492753623188144,-1.1805434782608244,-1.1755434782608245,False,True,0.0038046092622556526,0.003826066716129126
600601.SH,1992-03-26,PASS_ROUNDING_INTERVAL_SET,True,0.0,0.005917159763313292,0.3008431952663264,0.3058431952663263,False,True,0.003844963981084546,0.003855230947390023
600601.SH,1992-04-01,PASS_ROUNDING_INTERVAL_SET,True,0.0,0.0008591065292096047,1.1573045532646078,1.1623045532646077,False,False,,
600601.SH,1992-04-03,PASS_ROUNDING_INTERVAL_SET,True,0.0,0.001855287569573249,0.9994202226345139,1.0044202226345138,False,False,,
600601.SH,1992-04-06,PASS_ROUNDING_INTERVAL_SET,True,0.0,0.000971817298347888,1.1403571428571464,1.1453571428571463,False,False,,
600601.SH,1992-04-08,PASS_ROUNDING_INTERVAL_SET,True,0.0,0.0016977928692699167,1.0343336162988161,1.039333616298816,False,False,,
600601.SH,1992-04-09,PASS_ROUNDING_INTERVAL_SET,True,0.0,0.001855287569573249,1.0172495361781126,1.0222495361781125,False,False,,
600601.SH,1992-04-10,PASS_ROUNDING_INTERVAL_SET,True,0.0,0.0017271157167529794,1.0401943005181407,1.0451943005181406,False,False,,
600601.SH,1992-04-15,PASS_ROUNDING_INTERVAL_SET,True,0.0,0.0007412898443291164,1.1734414381023004,1.1784414381023003,False,False,,
600601.SH,1992-04-22,PASS_ROUNDING_INTERVAL_SET,True,0.0,0.000962463907603443,1.1467155919153054,1.1517155919153053,False,False,,
600601.SH,1992-04-23,PASS_ROUNDING_INTERVAL_SET,True,0.0,0.002673796791443787,0.9905414438502733,0.9955414438502732,False,False,,
600601.SH,1992-04-27,PASS_ROUNDING_INTERVAL_SET,True,0.0,0.0019083969465648414,1.0524856870229053,1.0574856870229052,False,False,,
600601.SH,1992-04-28,PASS_ROUNDING_INTERVAL_SET,True,0.0,0.0007485029940119593,1.167572979041918,1.172572979041918,False,False,,
600601.SH,1992-05-04,PASS_ROUNDING_INTERVAL_SET,True,0.0,0.0018214936247722714,1.0587477231329734,1.0637477231329733,False,False,,
600601.SH,1992-05-06,PASS_ROUNDING_INTERVAL_SET,True,0.0,0.0008006405124099103,1.15993795036029,1.16493795036029,False,False,,
600601.SH,1992-05-07,PASS_ROUNDING_INTERVAL_SET,True,0.0,0.0012515644555694337,1.1157853566958726,1.1207853566958725,False,False,,
600601.SH,1992-05-12,PASS_ROUNDING_INTERVAL_SET,True,0.0,0.0008703220191470652,1.1564425587467384,1.1614425587467383,False,False,,
600601.SH,1992-05-18,PASS_ROUNDING_INTERVAL_SET,True,0.0,0.0012135922330096815,1.1215139563106824,1.1265139563106823,False,False,,
600601.SH,1992-06-02,PASS_ROUNDING_INTERVAL_SET,True,0.0,0.0005482456140350758,1.196399396929826,1.201399396929826,False,False,,
600601.SH,1992-06-10,PASS_ROUNDING_INTERVAL_SET,True,0.0,0.0014836795252225184,1.172051186943623,1.1770511869436229,False,False,,
600601.SH,1992-06-15,PASS_ROUNDING_INTERVAL_SET,True,0.0,0.002109704641350162,1.125184599156122,1.130184599156122,False,False,,
600601.SH,1992-06-16,PASS_ROUNDING_INTERVAL_SET,True,0.0,0.0022522522522522054,1.1137668918918955,1.1187668918918954,False,False,,
600601.SH,1992-06-17,PASS_ROUNDING_INTERVAL_SET,True,0.0,0.0018214936247722714,1.1474726775956317,1.1524726775956315,False,False,,
600601.SH,1992-06-18,PASS_ROUNDING_INTERVAL_SET,True,0.0,0.0014306151645207116,1.1777002861230355,1.1827002861230353,False,False,,
600601.SH,1992-06-19,PASS_ROUNDING_INTERVAL_SET,True,0.0,0.0023041474654377373,1.1101670506912482,1.115167050691248,False,False,,
600601.SH,1992-06-22,PASS_ROUNDING_INTERVAL_SET,True,0.0,0.002673796791443787,1.07911096256685,1.08411096256685,False,False,,
600601.SH,1992-06-23,PASS_ROUNDING_INTERVAL_SET,True,0.0,0.002506265664160342,1.0920112781954934,1.0970112781954933,False,False,,
600601.SH,1992-06-24,PASS_ROUNDING_INTERVAL_SET,True,0.0,0.0022271714922048476,1.1162861915367523,1.1212861915367522,False,False,,
600601.SH,1992-06-25,PASS_ROUNDING_INTERVAL_SET,True,0.0,0.0050251256281405735,0.8980527638191056,0.9030527638191055,False,False,,
600601.SH,1992-06-26,PASS_ROUNDING_INTERVAL_SET,True,0.0,0.004016064257028012,0.9767570281124576,0.9817570281124575,False,False,,
600601.SH,1992-07-06,PASS_ROUNDING_INTERVAL_SET,True,0.0,0.0012594458438286889,1.195393576826199,1.2003935768261988,False,False,,
600601.SH,1992-07-07,PASS_ROUNDING_INTERVAL_SET,True,0.0,0.001669449081802967,1.1597537562604376,1.1647537562604375,False,False,,
600601.SH,1992-07-09,PASS_ROUNDING_INTERVAL_SET,True,0.0,0.0017421602787456047,1.154734320557495,1.1597343205574948,False,False,,
600601.SH,1992-07-10,PASS_ROUNDING_INTERVAL_SET,True,0.0,0.001669449081802967,1.162257929883142,1.1672579298831418,False,False,,
600601.SH,1992-07-16,PASS_ROUNDING_INTERVAL_SET,True,0.0,0.0020242914979756665,1.1279402834008134,1.1329402834008133,False,False,,
600601.SH,1992-07-20,PASS_ROUNDING_INTERVAL_SET,True,0.0,0.0013351134846461647,1.1881875834445954,1.1931875834445953,False,False,,
600601.SH,1992-07-27,PASS_ROUNDING_INTERVAL_SET,True,0.0,0.0018214936247722714,1.145177595628419,1.1501775956284188,False,False,,
600601.SH,1992-07-29,PASS_ROUNDING_INTERVAL_SET,True,0.0,0.0023584905660376807,1.104840801886797,1.109840801886797,False,False,,
600601.SH,1992-07-31,PASS_ROUNDING_INTERVAL_SET,True,0.0,0.003236245954692484,1.033017799352757,1.0380177993527568,False,False,,
600601.SH,1992-08-03,PASS_ROUNDING_INTERVAL_SET,True,0.0,0.0020040080160320176,1.1346743486973987,1.1396743486973986,False,False,,
600601.SH,1992-08-05,PASS_ROUNDING_INTERVAL_SET,True,0.0,0.0030864197530863454,1.0480787037037098,1.0530787037037097,False,False,,
600601.SH,1992-08-14,PASS_ROUNDING_INTERVAL_SET,True,0.0,0.0011778563015311869,1.1904976442873987,1.1954976442873986,False,False,,
600601.SH,1992-08-27,PASS_ROUNDING_INTERVAL_SET,True,0.0,0.0016835016835016442,1.1580513468013494,1.1630513468013493,False,False,,
600601.SH,1992-09-18,PASS_ROUNDING_INTERVAL_SET,True,0.0,0.0019841269841269393,1.1373561507936534,1.1423561507936533,False,False,,
600601.SH,1992-09-22,PASS_ROUNDING_INTERVAL_SET,True,0.0,0.0020661157024792934,1.136627066115705,1.1416270661157049,False,False,,
600601.SH,1992-09-23,PASS_ROUNDING_INTERVAL_SET,True,0.0,0.002109704641350162,1.1366086497890322,1.141608649789032,False,False,,
600601.SH,1992-09-24,PASS_ROUNDING_INTERVAL_SET,True,0.0,0.0014513788098693419,1.1702503628447043,1.1752503628447042,False,False,,
600601.SH,1992-09-25,PASS_ROUNDING_INTERVAL_SET,True,0.0,0.0021231422505307365,1.1308439490445887,1.1358439490445886,False,False,,
600601.SH,1992-09-28,PASS_ROUNDING_INTERVAL_SET,True,0.0,0.002506265664160342,1.1115350877193015,1.1165350877193014,False,False,,
600601.SH,1992-09-29,PASS_ROUNDING_INTERVAL_SET,True,0.0,0.0018552875695732392,1.1484276437847891,1.153427643784789,False,False,,
600601.SH,1992-09-30,PASS_ROUNDING_INTERVAL_SET,True,0.0,0.004273504273504176,1.0240491452991505,1.0290491452991504,False,False,,
600601.SH,1992-10-07,PASS_ROUNDING_INTERVAL_SET,True,0.0,0.003521126760563283,1.060607394366202,1.0656073943662019,False,False,,
600601.SH,1992-10-08,PASS_ROUNDING_INTERVAL_SET,True,0.0,0.002673796791443787,1.106183155080217,1.111183155080217,False,False,,
600601.SH,1992-10-14,PASS_ROUNDING_INTERVAL_SET,True,0.0,0.0016420361247947097,1.1565886699507408,1.1615886699507407,False,False,,
600601.SH,1992-10-15,PASS_ROUNDING_INTERVAL_SET,True,0.0,0.0029069767441859745,1.0946584302325617,1.0996584302325616,False,False,,
600601.SH,1992-10-19,PASS_ROUNDING_INTERVAL_SET,True,0.0,0.0014306151645207116,1.1687947067238929,1.1737947067238927,False,False,,
600601.SH,1992-10-21,PASS_ROUNDING_INTERVAL_SET,True,0.0,0.001669449081802967,1.1544616026711203,1.1594616026711202,False,False,,
600601.SH,1992-10-30,PASS_ROUNDING_INTERVAL_SET,True,0.0,0.002538071065989786,1.1279378172588854,1.1329378172588853,False,False,,
600601.SH,1992-11-05,PASS_ROUNDING_INTERVAL_SET,True,0.0,0.004273504273504189,1.0687713675213704,1.0737713675213703,False,False,,
600601.SH,1992-11-06,PASS_ROUNDING_INTERVAL_SET,True,0.0,0.004672897196261581,1.0556892523364518,1.0606892523364517,False,False,,
600601.SH,1992-11-09,PASS_ROUNDING_INTERVAL_SET,True,0.0,0.0019841269841269393,1.1456200396825411,1.150620039682541,False,False,,
600601.SH,1992-11-11,PASS_ROUNDING_INTERVAL_SET,True,0.0,0.0026385224274405776,1.1292678100263869,1.1342678100263868,False,False,,
600601.SH,1992-11-12,PASS_ROUNDING_INTERVAL_SET,True,0.0,0.002132196162046864,1.142627931769724,1.147627931769724,False,False,,
600601.SH,1992-11-13,PASS_ROUNDING_INTERVAL_SET,True,0.0,0.003344481605351105,1.1045735785953197,1.1095735785953196,False,False,,
600601.SH,1992-11-16,PASS_ROUNDING_INTERVAL_SET,True,0.0,0.002506265664160351,1.1335651629072696,1.1385651629072695,False,False,,
600601.SH,1992-11-17,PASS_ROUNDING_INTERVAL_SET,True,0.0,0.003344481605351105,1.1096739130434803,1.1146739130434802,False,False,,
600601.SH,1992-11-18,PASS_ROUNDING_INTERVAL_SET,True,0.0,0.012658227848101123,0.8340822784810169,0.8390822784810168,False,False,,
600601.SH,1992-11-19,PASS_ROUNDING_INTERVAL_SET,True,0.0,0.003344481605351105,1.1088377926421424,1.1138377926421423,False,False,,
600601.SH,1992-11-20,PASS_ROUNDING_INTERVAL_SET,True,0.0,0.004098360655737621,1.0871618852459042,1.092161885245904,False,False,,
600601.SH,1992-11-23,PASS_ROUNDING_INTERVAL_SET,True,0.0,0.005291005291005196,1.0512830687830717,1.0562830687830715,False,False,,
600601.SH,1992-11-24,PASS_ROUNDING_INTERVAL_SET,True,0.0,0.002444987775061075,1.1317665036674833,1.1367665036674832,False,False,,
600601.SH,1992-12-04,PASS_ROUNDING_INTERVAL_SET,True,0.0,0.0010010010010009787,1.1974399399399414,1.2024399399399412,False,False,,
600601.SH,1992-12-15,PASS_ROUNDING_INTERVAL_SET,True,0.0,0.013513513513513254,1.1757094594594608,1.1807094594594607,False,False,,
600601.SH,1992-12-17,PASS_ROUNDING_INTERVAL_SET,True,0.0,0.017857142857142516,1.1510267857142875,1.1560267857142874,False,False,,
600601.SH,1992-12-24,PASS_ROUNDING_INTERVAL_SET,True,0.0,0.03448275862068923,1.0557758620689681,1.060775862068968,False,False,,
600601.SH,1992-12-25,PASS_ROUNDING_INTERVAL_SET,True,0.0,0.027027027027026508,1.0968243243243274,1.1018243243243273,False,False,,
600601.SH,1992-12-28,PASS_ROUNDING_INTERVAL_SET,True,0.0,0.027777777777777367,1.0945138888888915,1.0995138888888913,False,False,,
600601.SH,1992-12-29,PASS_ROUNDING_INTERVAL_SET,True,0.0,0.04166666666666605,1.014270833333337,1.019270833333337,False,False,,
600601.SH,1992-12-30,PASS_ROUNDING_INTERVAL_SET,True,0.0,0.037037037037036306,1.0397222222222267,1.0447222222222265,False,False,,
600601.SH,1992-12-31,PASS_ROUNDING_INTERVAL_SET,True,0.0,0.03448275862068902,1.054913793103452,1.059913793103452,False,False,,
600601.SH,1993-01-07,PASS_ROUNDING_INTERVAL_SET,True,0.0,0.024390243902438602,1.1115243902439051,1.116524390243905,False,False,,
600601.SH,1993-01-08,PASS_ROUNDING_INTERVAL_SET,True,0.0,0.015873015873015605,1.1633730158730178,1.1683730158730177,False,False,,
600601.SH,1993-01-27,PASS_ROUNDING_INTERVAL_SET,True,0.0,0.018518518518518216,1.1446759259259283,1.1496759259259282,False,False,,
600601.SH,1993-03-17,PASS_ROUNDING_INTERVAL_SET,True,0.0,0.012987012987012658,1.1910714285714314,1.1960714285714313,False,False,,
600601.SH,1993-03-25,PASS_ROUNDING_INTERVAL_SET,True,0.0,0.037037037037036306,1.107685185185188,1.112685185185188,False,False,,
600601.SH,1993-04-02,PASS_ROUNDING_INTERVAL_SET,True,0.0,0.032258064516128476,1.1278225806451638,1.1328225806451637,False,False,,
600601.SH,1993-04-05,PASS_ROUNDING_INTERVAL_SET,True,0.0,0.03333333333333294,1.1235833333333352,1.128583333333335,False,False,,
600601.SH,1993-05-11,PASS_ROUNDING_INTERVAL_SET,True,0.0,0.024999999999999557,1.1579375000000023,1.1629375000000022,False,False,,
600601.SH,1993-05-19,PASS_ROUNDING_INTERVAL_SET,True,0.0,0.04166666666666605,1.0692708333333367,1.0742708333333366,False,False,,
600601.SH,1993-05-26,PASS_ROUNDING_INTERVAL_SET,True,0.0,0.03333333333333274,1.121750000000003,1.1267500000000028,False,False,,
600601.SH,1993-06-16,PASS_ROUNDING_INTERVAL_SET,True,0.0,0.02631578947368384,1.152565789473686,1.157565789473686,False,False,,
600601.SH,1993-06-18,PASS_ROUNDING_INTERVAL_SET,True,0.0,0.055555555555555004,1.0165277777777804,1.0215277777777803,False,False,,
600601.SH,1993-06-22,PASS_ROUNDING_INTERVAL_SET,True,0.0,0.03999999999999943,1.0919000000000028,1.0969000000000027,False,False,,
600601.SH,1993-06-23,PASS_ROUNDING_INTERVAL_SET,True,0.0,0.06666666666666587,0.9668333333333371,0.971833333333337,False,False,,
600601.SH,1993-06-24,PASS_ROUNDING_INTERVAL_SET,True,0.0,0.04166666666666605,1.0842708333333362,1.089270833333336,False,False,,
600601.SH,1993-06-30,PASS_ROUNDING_INTERVAL_SET,True,0.0,0.018518518518518216,1.1932870370370388,1.1982870370370386,False,False,,
600601.SH,1993-07-02,PASS_ROUNDING_INTERVAL_SET,True,0.0,0.016949152542372524,1.2013135593220359,1.2063135593220358,False,False,,
600601.SH,1993-07-06,PASS_ROUNDING_INTERVAL_SET,True,0.0,0.05263157894736744,1.0327631578947414,1.0377631578947413,False,False,,
600601.SH,1993-07-08,PASS_ROUNDING_INTERVAL_SET,True,0.0,0.04166666666666605,1.0832291666666696,1.0882291666666695,False,False,,
600601.SH,1993-07-12,PASS_ROUNDING_INTERVAL_SET,True,0.0,0.02272727272727236,1.1683522727272744,1.1733522727272743,False,False,,
600601.SH,1993-07-15,PASS_ROUNDING_INTERVAL_SET,True,0.0,0.037037037037036306,1.1052777777777811,1.110277777777781,False,False,,
600601.SH,1993-07-16,PASS_ROUNDING_INTERVAL_SET,True,0.0,0.06666666666666587,0.9748333333333369,0.9798333333333368,False,False,,
600601.SH,1993-07-19,PASS_ROUNDING_INTERVAL_SET,True,0.0,0.05263157894736793,1.0372368421052653,1.0422368421052652,False,False,,
600601.SH,1993-07-20,PASS_ROUNDING_INTERVAL_SET,True,0.0,0.01724137931034451,1.1928879310344842,1.197887931034484,False,False,,
600601.SH,1993-07-21,PASS_ROUNDING_INTERVAL_SET,True,0.0,0.02272727272727236,1.1683522727272744,1.1733522727272743,False,False,,
600601.SH,1993-07-22,PASS_ROUNDING_INTERVAL_SET,True,0.0,0.055555555555555004,1.0312500000000024,1.0362500000000023,False,False,,
600601.SH,1993-07-23,PASS_ROUNDING_INTERVAL_SET,True,0.0,0.09090909090909091,0.8793181818181819,0.8843181818181818,False,False,,
600601.SH,1993-08-03,PASS_ROUNDING_INTERVAL_SET,True,0.0,0.020833333333332947,1.176302083333335,1.181302083333335,False,False,,
600601.SH,1993-08-04,PASS_ROUNDING_INTERVAL_SET,True,0.0,0.01960784313725456,1.1819117647058839,1.1869117647058838,False,False,,
600601.SH,1993-08-05,PASS_ROUNDING_INTERVAL_SET,True,0.0,0.023809523809523406,1.1629166666666686,1.1679166666666685,False,False,,
600601.SH,1993-08-06,PASS_ROUNDING_INTERVAL_SET,True,0.0,0.04761904761904681,1.0577380952380988,1.0627380952380987,False,False,,
600601.SH,1993-08-12,PASS_ROUNDING_INTERVAL_SET,True,0.0,0.025641025641025175,1.1544230769230792,1.159423076923079,False,False,,
600601.SH,1993-08-18,PASS_ROUNDING_INTERVAL_SET,True,0.0,0.021276595744680528,1.1768617021276613,1.1818617021276612,False,False,,
600601.SH,1993-08-19,PASS_ROUNDING_INTERVAL_SET,True,0.0,0.03571428571428526,1.108839285714288,1.1138392857142878,False,False,,
600601.SH,1993-08-24,PASS_ROUNDING_INTERVAL_SET,True,0.0,0.028571428571428137,1.1423571428571448,1.1473571428571447,False,False,,
600601.SH,1993-08-26,PASS_ROUNDING_INTERVAL_SET,True,0.0,0.038461538461537936,1.0966346153846178,1.1016346153846177,False,False,,
600601.SH,1993-08-27,PASS_ROUNDING_INTERVAL_SET,True,0.0,0.05263157894736793,1.034605263157897,1.039605263157897,False,False,,
600601.SH,1993-08-30,PASS_ROUNDING_INTERVAL_SET,True,0.0,0.04347826086956454,1.0746739130434813,1.0796739130434811,False,False,,
600601.SH,1993-09-01,PASS_ROUNDING_INTERVAL_SET,True,0.0,0.06666666666666587,0.9731666666666703,0.9781666666666702,False,False,,
600601.SH,1993-09-02,PASS_ROUNDING_INTERVAL_SET,True,0.0,0.0833333333333321,0.9002083333333388,0.9052083333333387,False,False,,
600601.SH,1993-09-06,PASS_ROUNDING_INTERVAL_SET,True,0.0,0.032258064516128476,1.1265322580645187,1.1315322580645186,False,False,,
600601.SH,1993-09-10,PASS_ROUNDING_INTERVAL_SET,True,0.0,0.058823529411764094,1.007205882352944,1.0122058823529438,False,False,,
600601.SH,1993-09-15,PASS_ROUNDING_INTERVAL_SET,True,0.0,0.04347826086956454,1.0753260869565249,1.0803260869565248,False,False,,
600601.SH,1993-09-16,PASS_ROUNDING_INTERVAL_SET,True,0.0,0.05263157894736793,1.0322368421052655,1.0372368421052653,False,False,,
600601.SH,1993-09-20,PASS_ROUNDING_INTERVAL_SET,True,0.0,0.028571428571428137,1.1395000000000022,1.144500000000002,False,False,,
600601.SH,1993-09-22,PASS_ROUNDING_INTERVAL_SET,True,0.0,0.062499999999999306,0.9717187500000036,0.9767187500000035,False,False,,
600601.SH,1994-02-16,PASS_ROUNDING_INTERVAL_SET,True,0.0,0.04347826086956488,1.1629347826086978,1.1679347826086977,False,False,,
600601.SH,1994-02-23,PASS_ROUNDING_INTERVAL_SET,True,0.0,0.05263157894736793,1.1043421052631608,1.1093421052631607,False,False,,
600601.SH,1994-04-01,PASS_ROUNDING_INTERVAL_SET,True,0.0,0.04166666666666605,1.1782291666666707,1.1832291666666706,False,False,,
600601.SH,1994-04-06,PASS_ROUNDING_INTERVAL_SET,True,0.0,0.04166666666666605,1.176562500000004,1.1815625000000038,False,False,,
600601.SH,1994-04-08,PASS_ROUNDING_INTERVAL_SET,True,0.0,0.055555555555555004,1.0901388888888923,1.0951388888888922,False,False,,
600601.SH,1994-04-12,PASS_ROUNDING_INTERVAL_SET,True,0.0,0.04166666666666605,1.1728125000000038,1.1778125000000037,False,False,,
600601.SH,1994-05-19,PASS_ROUNDING_INTERVAL_SET,True,0.0,0.049999999999999115,1.163875000000004,1.1688750000000039,False,False,,
600601.SH,1994-05-25,PASS_ROUNDING_INTERVAL_SET,True,0.0,0.08333333333333333,1.0139583333333333,1.0189583333333332,False,False,,
600601.SH,1994-05-26,PASS_ROUNDING_INTERVAL_SET,True,0.0,0.0833333333333321,1.0152083333333388,1.0202083333333387,False,False,,
600601.SH,1994-06-03,PASS_ROUNDING_INTERVAL_SET,True,0.0,0.03999999999999943,1.2065000000000023,1.2115000000000022,False,False,,
600601.SH,1994-06-13,PASS_ROUNDING_INTERVAL_SET,True,0.0,0.05882352941176378,1.1225000000000038,1.1275000000000037,False,False,,
600601.SH,1994-06-14,PASS_ROUNDING_INTERVAL_SET,True,0.0,0.04545454545454454,1.176931818181822,1.181931818181822,False,False,,
600601.SH,1994-06-21,PASS_ROUNDING_INTERVAL_SET,True,0.0,0.0833333333333321,1.0231250000000052,1.028125000000005,False,False,,
600601.SH,1994-06-28,PASS_ROUNDING_INTERVAL_SET,True,0.0,0.07142857142856962,1.0744642857142925,1.0794642857142924,False,False,,
600601.SH,1994-07-04,PASS_ROUNDING_INTERVAL_SET,True,0.0,0.08333333333333148,1.0364583333333397,1.0414583333333396,False,False,,
600601.SH,1994-11-21,PASS_ROUNDING_INTERVAL_SET,True,0.0,0.047619047619047214,1.1855952380952401,1.19059523809524,False,False,,
600601.SH,1994-11-24,PASS_ROUNDING_INTERVAL_SET,True,0.0,0.07142857142857052,1.0637500000000044,1.0687500000000043,False,False,,
600601.SH,1994-11-28,PASS_ROUNDING_INTERVAL_SET,True,0.0,0.125,0.7953125,0.8003124999999999,False,False,,
600601.SH,1994-12-09,PASS_ROUNDING_INTERVAL_SET,True,0.0,0.04166666666666605,1.209062500000003,1.214062500000003,False,False,,
600601.SH,1994-12-20,PASS_ROUNDING_INTERVAL_SET,True,0.0,0.04761904761904681,1.1827380952380993,1.1877380952380991,False,False,,
600601.SH,1995-01-05,PASS_ROUNDING_INTERVAL_SET,True,0.0,0.03703703703703655,1.2308333333333357,1.2358333333333356,False,False,,
600601.SH,1995-01-20,PASS_ROUNDING_INTERVAL_SET,True,0.0,0.05263157894736744,1.1490789473684253,1.1540789473684252,False,False,,
600601.SH,1995-01-26,PASS_ROUNDING_INTERVAL_SET,True,0.0,0.07142857142857006,1.0723214285714342,1.077321428571434,False,False,,
600601.SH,1995-02-13,PASS_ROUNDING_INTERVAL_SET,True,0.0,0.055555555555554186,1.1340277777777832,1.139027777777783,False,False,,
600601.SH,1995-02-15,PASS_ROUNDING_INTERVAL_SET,True,0.0,0.06666666666666508,1.0931666666666728,1.0981666666666727,False,False,,
600601.SH,1995-02-16,PASS_ROUNDING_INTERVAL_SET,True,0.0,0.09090909090908944,1.004772727272733,1.0097727272727328,False,False,,
600601.SH,1995-02-20,PASS_ROUNDING_INTERVAL_SET,True,0.0,0.07692307692307535,1.0567307692307755,1.0617307692307754,False,False,,
600601.SH,1995-02-21,PASS_ROUNDING_INTERVAL_SET,True,0.0,0.14285714285713924,0.8089285714285852,0.8139285714285851,False,False,,
600601.SH,1995-02-28,PASS_ROUNDING_INTERVAL_SET,True,0.0,0.05263157894736719,1.1475000000000048,1.1525000000000047,False,False,,
600601.SH,1995-03-01,PASS_ROUNDING_INTERVAL_SET,True,0.0,0.055555555555554186,1.1362500000000053,1.1412500000000052,False,False,,
600601.SH,1995-03-13,PASS_ROUNDING_INTERVAL_SET,True,0.0,0.05882352941176348,1.1236764705882405,1.1286764705882404,False,False,,
600601.SH,1995-03-14,PASS_ROUNDING_INTERVAL_SET,True,0.0,0.05882352941176348,1.1236764705882405,1.1286764705882404,False,False,,
600601.SH,1995-03-27,PASS_ROUNDING_INTERVAL_SET,True,0.0,0.038461538461537936,1.2127884615384636,1.2177884615384635,False,False,,
600601.SH,1995-03-28,PASS_ROUNDING_INTERVAL_SET,True,0.0,0.04999999999999956,1.1626250000000018,1.1676250000000017,False,False,,
600601.SH,1995-03-30,PASS_ROUNDING_INTERVAL_SET,True,0.0,0.04347826086956488,1.1909782608695667,1.1959782608695666,False,False,,
600601.SH,1995-04-04,PASS_ROUNDING_INTERVAL_SET,True,0.0,0.07142857142857052,1.0669642857142896,1.0719642857142895,False,False,,
600601.SH,1995-04-10,PASS_ROUNDING_INTERVAL_SET,True,0.0,0.03448275862068902,1.2340517241379338,1.2390517241379337,False,False,,
600601.SH,1995-04-20,PASS_ROUNDING_INTERVAL_SET,True,0.0,0.04166666666666605,1.1988541666666692,1.2038541666666691,False,False,,
600601.SH,1995-05-03,PASS_ROUNDING_INTERVAL_SET,True,0.0,0.11111111111110782,0.9213888888889019,0.9263888888889018,False,False,,
600601.SH,1995-05-05,PASS_ROUNDING_INTERVAL_SET,True,0.0,0.07692307692307535,1.0521153846153908,1.0571153846153907,False,False,,
600601.SH,1995-05-08,PASS_ROUNDING_INTERVAL_SET,True,0.0,0.08333333333333087,1.0281250000000095,1.0331250000000094,False,False,,
600601.SH,1995-05-16,PASS_ROUNDING_INTERVAL_SET,True,0.0,0.06666666666666508,1.0935000000000064,1.0985000000000062,False,False,,
600601.SH,1995-05-31,PASS_ROUNDING_INTERVAL_SET,True,0.0,0.05263157894736744,1.2051315789473724,1.2101315789473723,False,False,,
600601.SH,1995-06-09,PASS_ROUNDING_INTERVAL_SET,True,0.0,0.058823529411764094,1.1780882352941202,1.18308823529412,False,False,,
600601.SH,1995-06-19,PASS_ROUNDING_INTERVAL_SET,True,0.0,0.07142857142856962,1.1241071428571496,1.1291071428571495,False,False,,
600601.SH,1995-06-20,PASS_ROUNDING_INTERVAL_SET,True,0.0,0.06249999999999861,1.1564062500000054,1.1614062500000053,False,False,,
600601.SH,1995-06-21,PASS_ROUNDING_INTERVAL_SET,True,0.0,0.04999999999999889,1.2051250000000042,1.2101250000000041,False,False,,
600601.SH,1995-06-23,PASS_ROUNDING_INTERVAL_SET,True,0.0,0.11111111111110891,0.9669444444444529,0.9719444444444528,False,False,,
600601.SH,1995-06-28,PASS_ROUNDING_INTERVAL_SET,True,0.0,0.16666666666666174,0.7562500000000189,0.7612500000000187,False,False,,
600601.SH,1995-06-29,PASS_ROUNDING_INTERVAL_SET,True,0.0,0.0909090909090887,1.0465909090909176,1.0515909090909175,False,False,,
600601.SH,1995-07-05,PASS_ROUNDING_INTERVAL_SET,True,0.0,0.0909090909090887,1.0502272727272808,1.0552272727272807,False,False,,
600601.SH,1995-07-13,PASS_ROUNDING_INTERVAL_SET,True,0.0,0.09999999999999823,1.0102500000000068,1.0152500000000066,False,False,,
600601.SH,1995-07-27,PASS_ROUNDING_INTERVAL_SET,True,0.0,0.06666666666666549,1.1431666666666713,1.1481666666666712,False,False,,
600601.SH,1995-07-28,PASS_ROUNDING_INTERVAL_SET,True,0.0,0.09090909090909018,1.045681818181821,1.050681818181821,False,False,,
600601.SH,1995-08-04,PASS_ROUNDING_INTERVAL_SET,True,0.0,0.1111111111111111,0.9619444444444445,0.9669444444444444,False,False,,
600601.SH,1995-08-22,PASS_ROUNDING_INTERVAL_SET,True,0.0,0.07692307692307587,1.100192307692312,1.1051923076923118,False,False,,
600601.SH,1995-09-15,PASS_ROUNDING_INTERVAL_SET,True,0.0,0.07692307692307535,1.1005769230769293,1.1055769230769292,False,False,,
600601.SH,1995-09-18,PASS_ROUNDING_INTERVAL_SET,True,0.0,0.08333333333333087,1.077708333333343,1.082708333333343,False,False,,
600601.SH,1995-09-20,PASS_ROUNDING_INTERVAL_SET,True,0.0,0.08333333333333148,1.0752083333333404,1.0802083333333403,False,False,,
600601.SH,1995-09-25,PASS_ROUNDING_INTERVAL_SET,True,0.0,0.07692307692307535,1.1001923076923137,1.1051923076923136,False,False,,
600601.SH,1995-10-09,PASS_ROUNDING_INTERVAL_SET,True,0.0,0.0909090909090887,1.0502272727272808,1.0552272727272807,False,False,,
600601.SH,1995-10-12,PASS_ROUNDING_INTERVAL_SET,True,0.0,0.12499999999999584,0.9309375000000149,0.9359375000000147,False,False,,
600601.SH,1995-11-01,PASS_ROUNDING_INTERVAL_SET,True,0.0,0.04166666666666574,1.2376041666666702,1.24260416666667,False,False,,
600601.SH,1995-11-08,PASS_ROUNDING_INTERVAL_SET,True,0.0,0.07142857142857006,1.1216071428571481,1.126607142857148,False,False,,
600601.SH,1995-11-09,PASS_ROUNDING_INTERVAL_SET,True,0.0,0.04761904761904661,1.2144047619047658,1.2194047619047657,False,False,,
600601.SH,1995-11-10,PASS_ROUNDING_INTERVAL_SET,True,0.0,0.09999999999999734,1.01475000000001,1.01975000000001,False,False,,
600601.SH,1995-11-23,PASS_ROUNDING_INTERVAL_SET,True,0.0,0.07142857142856962,1.1223214285714351,1.127321428571435,False,False,,
600601.SH,1995-11-28,PASS_ROUNDING_INTERVAL_SET,True,0.0,0.14285714285713924,0.8632142857142989,0.8682142857142988,False,False,,
600601.SH,1995-12-06,PASS_ROUNDING_INTERVAL_SET,True,0.0,0.19999999999999646,0.6555000000000127,0.6605000000000126,False,True,0.1911049339819319,0.19116632160110417
600601.SH,1995-12-07,PASS_ROUNDING_INTERVAL_SET,True,0.0,0.12499999999999722,0.9271875000000099,0.9321875000000098,False,False,,
600601.SH,1995-12-19,PASS_ROUNDING_INTERVAL_SET,True,0.0,0.11111111111110891,0.9836111111111189,0.9886111111111188,False,False,,
600601.SH,1995-12-20,PASS_ROUNDING_INTERVAL_SET,True,0.0,0.07692307692307535,1.1025000000000056,1.1075000000000055,False,False,,
600601.SH,1995-12-21,PASS_ROUNDING_INTERVAL_SET,True,0.0,0.05882352941176348,1.1669117647058866,1.1719117647058865,False,False,,
600601.SH,1995-12-22,PASS_ROUNDING_INTERVAL_SET,True,0.0,0.09999999999999734,1.0237500000000095,1.0287500000000094,False,False,,
600601.SH,1995-12-26,PASS_ROUNDING_INTERVAL_SET,True,0.0,0.05263157894736719,1.1859210526315833,1.1909210526315832,False,False,,
600601.SH,1995-12-27,PASS_ROUNDING_INTERVAL_SET,True,0.0,0.05882352941176317,1.164852941176476,1.169852941176476,False,False,,
600601.SH,1995-12-28,PASS_ROUNDING_INTERVAL_SET,True,0.0,0.0909090909090887,1.054772727272735,1.0597727272727349,False,False,,
600601.SH,1995-12-29,PASS_ROUNDING_INTERVAL_SET,True,0.0,0.11111111111110782,0.986944444444456,0.9919444444444558,False,False,,
600601.SH,1996-01-22,PASS_ROUNDING_INTERVAL_SET,True,0.0,0.0909090909090887,1.0584090909090977,1.0634090909090976,False,False,,
600601.SH,1996-01-24,PASS_ROUNDING_INTERVAL_SET,True,0.0,0.12499999999999584,0.9534375000000129,0.9584375000000128,False,False,,
600601.SH,1996-01-26,PASS_ROUNDING_INTERVAL_SET,True,0.0,0.05882352941176348,1.1583823529411803,1.1633823529411802,False,False,,
600601.SH,1996-01-30,PASS_ROUNDING_INTERVAL_SET,True,0.0,0.11111111111110782,0.9958333333333436,1.0008333333333435,False,False,,
600601.SH,1996-02-06,PASS_ROUNDING_INTERVAL_SET,True,0.0,0.11111111111110782,0.9986111111111213,1.0036111111111212,False,False,,
600601.SH,1996-02-07,PASS_ROUNDING_INTERVAL_SET,True,0.0,0.05882352941176317,1.1577941176470636,1.1627941176470635,False,False,,
600601.SH,1996-02-08,PASS_ROUNDING_INTERVAL_SET,True,0.0,0.14285714285713924,0.9025000000000112,0.9075000000000111,False,False,,
600601.SH,1996-02-09,PASS_ROUNDING_INTERVAL_SET,True,0.0,0.11111111111110891,0.9969444444444513,1.0019444444444512,False,False,,
600601.SH,1996-02-12,PASS_ROUNDING_INTERVAL_SET,True,0.0,0.1999999999999929,0.7245000000000219,0.7295000000000218,False,False,,
600601.SH,1996-02-13,PASS_ROUNDING_INTERVAL_SET,True,0.0,0.07142857142856962,1.1187500000000057,1.1237500000000056,False,False,,
600601.SH,1996-02-15,PASS_ROUNDING_INTERVAL_SET,True,0.0,0.0909090909090887,1.0606818181818252,1.065681818181825,False,False,,
600601.SH,1996-03-07,PASS_ROUNDING_INTERVAL_SET,True,0.0,0.06666666666666508,1.138166666666672,1.143166666666672,False,False,,
600601.SH,1996-03-12,PASS_ROUNDING_INTERVAL_SET,True,0.0,0.09999999999999823,1.0262500000000059,1.0312500000000058,False,False,,
600601.SH,1996-03-13,PASS_ROUNDING_INTERVAL_SET,True,0.0,0.05882352941176317,1.163088235294123,1.1680882352941229,False,False,,
600601.SH,1996-03-14,PASS_ROUNDING_INTERVAL_SET,True,0.0,0.11111111111110891,0.9891666666666741,0.994166666666674,False,False,,
600601.SH,1996-03-15,PASS_ROUNDING_INTERVAL_SET,True,0.0,0.05882352941176348,1.1636764705882394,1.1686764705882393,False,False,,
600601.SH,1996-03-21,PASS_ROUNDING_INTERVAL_SET,True,0.0,0.1999999999999929,0.6845000000000244,0.6895000000000243,False,False,,
600601.SH,1996-03-25,PASS_ROUNDING_INTERVAL_SET,True,0.0,0.08333333333333087,1.0793750000000086,1.0843750000000085,False,False,,
600601.SH,1996-03-26,PASS_ROUNDING_INTERVAL_SET,True,0.0,0.3333333333333235,0.2208333333333674,0.2258333333333673,False,True,0.19883466860888568,0.19941986947063087
600601.SH,1996-03-28,PASS_ROUNDING_INTERVAL_SET,True,0.0,0.12499999999999722,0.9428125000000096,0.9478125000000095,False,False,,
600601.SH,1996-04-03,PASS_ROUNDING_INTERVAL_SET,True,0.0,0.1666666666666642,0.8004166666666751,0.805416666666675,False,False,,
600601.SH,1996-04-09,PASS_ROUNDING_INTERVAL_SET,True,0.0,0.07692307692307535,1.104038461538467,1.109038461538467,False,False,,
600601.SH,1996-04-10,PASS_ROUNDING_INTERVAL_SET,True,0.0,0.2499999999999889,0.5081250000000384,0.5131250000000382,False,True,0.19912472647702412,0.19941986947063087
600601.SH,1996-04-11,PASS_ROUNDING_INTERVAL_SET,True,0.0,0.11111111111110782,0.9841666666666782,0.9891666666666781,False,False,,
600601.SH,1996-04-12,PASS_ROUNDING_INTERVAL_SET,True,0.0,0.11111111111110782,0.981944444444456,0.986944444444456,False,False,,
600601.SH,1996-04-15,PASS_ROUNDING_INTERVAL_SET,True,0.0,0.11111111111110782,0.9841666666666782,0.9891666666666781,False,False,,
600601.SH,1996-04-16,PASS_ROUNDING_INTERVAL_SET,True,0.0,0.12499999999999722,0.9334375000000098,0.9384375000000097,False,False,,
600601.SH,1996-04-18,PASS_ROUNDING_INTERVAL_SET,True,0.0,0.07692307692307482,1.1036538461538536,1.1086538461538535,False,False,,
600601.SH,1996-05-14,PASS_ROUNDING_INTERVAL_SET,True,0.0,0.05263157894736744,1.2051315789473724,1.2101315789473723,False,False,,
600601.SH,1996-05-28,PASS_ROUNDING_INTERVAL_SET,True,0.0,0.08333333333333148,1.1314583333333397,1.1364583333333396,False,False,,
600601.SH,1996-07-29,PASS_ROUNDING_INTERVAL_SET,True,0.0,0.06249999999999861,1.206718750000005,1.2117187500000048,False,False,,
600601.SH,1996-08-20,PASS_ROUNDING_INTERVAL_SET,True,0.0,0.06666666666666508,1.1915000000000056,1.1965000000000054,False,False,,
600601.SH,1996-09-09,PASS_ROUNDING_INTERVAL_SET,True,0.0,0.06666666666666508,1.1888333333333387,1.1938333333333386,False,False,,
600601.SH,1996-09-17,PASS_ROUNDING_INTERVAL_SET,True,0.0,0.07142857142857006,1.1726785714285761,1.177678571428576,False,False,,
600601.SH,1996-10-08,PASS_ROUNDING_INTERVAL_SET,True,0.0,0.0909090909090887,1.1070454545454629,1.1120454545454628,False,False,,
600601.SH,1997-01-15,PASS_ROUNDING_INTERVAL_SET,True,0.0,0.09999999999999823,1.0687500000000072,1.073750000000007,False,False,,
600601.SH,1997-01-22,PASS_ROUNDING_INTERVAL_SET,True,0.0,0.09999999999999823,1.0712500000000074,1.0762500000000073,False,False,,
600601.SH,1997-01-23,PASS_ROUNDING_INTERVAL_SET,True,0.0,0.1,1.06825,1.0732499999999998,False,False,,
600601.SH,1997-08-21,PASS_ROUNDING_INTERVAL_SET,True,0.0,0.07692307692307587,1.1763461538461593,1.1813461538461592,False,False,,
600601.SH,1997-08-25,PASS_ROUNDING_INTERVAL_SET,True,0.0,0.07142857142857052,1.2087500000000049,1.2137500000000048,False,False,,
600601.SH,1997-09-18,PASS_ROUNDING_INTERVAL_SET,True,0.0,0.0833333333333321,1.1477083333333398,1.1527083333333397,False,False,,
600601.SH,1997-09-30,PASS_ROUNDING_INTERVAL_SET,True,0.0,0.07142857142857052,1.1962500000000043,1.2012500000000041,False,False,,
600601.SH,1997-10-06,PASS_ROUNDING_INTERVAL_SET,True,0.0,0.055555555555555004,1.2743055555555582,1.2793055555555581,False,False,,
600601.SH,1997-10-15,PASS_ROUNDING_INTERVAL_SET,True,0.0,0.055555555555555004,1.2781944444444473,1.2831944444444472,False,False,,
600601.SH,1997-12-02,PASS_ROUNDING_INTERVAL_SET,True,0.0,0.11111111111110891,1.0175000000000098,1.0225000000000097,False,False,,
600601.SH,1997-12-25,PASS_ROUNDING_INTERVAL_SET,True,0.0,0.07142857142857052,1.1980357142857185,1.2030357142857184,False,False,,
600601.SH,1998-01-23,PASS_ROUNDING_INTERVAL_SET,True,0.0,0.0833333333333321,1.1422916666666725,1.1472916666666724,False,False,,
600602.SH,1991-01-17,PASS_ROUNDING_INTERVAL_SET,True,0.0,0.003861003861003817,-0.43485521235520097,-0.42985521235520086,False,True,0.0010992057043996903,0.001112812562417371
600602.SH,1991-01-18,PASS_ROUNDING_INTERVAL_SET,True,0.0,0.003861003861003817,-0.43485521235520097,-0.42985521235520086,False,True,0.0010992057043996903,0.001112812562417371
600602.SH,1991-01-21,PASS_ROUNDING_INTERVAL_SET,True,0.0,0.003861003861003817,-0.43485521235520097,-0.42985521235520086,False,True,0.0010992057043996903,0.001112812562417371
600602.SH,1991-02-11,PASS_ROUNDING_INTERVAL_SET,True,0.0,0.004016064257028102,-0.4690662650602383,-0.4640662650602382,False,True,0.001079197235670934,0.0010936068335648628
600602.SH,1991-02-13,PASS_ROUNDING_INTERVAL_SET,True,0.0,0.016949152542371983,-3.7747033898302784,-3.7697033898302785,False,True,0.0010863076305771132,0.0011046051281048692
600602.SH,1991-02-14,PASS_ROUNDING_INTERVAL_SET,True,0.0,0.009174311926605245,-1.7977752293577312,-1.7927752293577317,False,True,0.0010820717286826997,0.001099232482806253
600602.SH,1991-02-20,PASS_ROUNDING_INTERVAL_SET,True,0.0,0.009174311926605245,-1.8111697247705751,-1.806169724770575,False,True,0.0010907230625187014,0.0011076970496729885
600602.SH,1991-02-25,PASS_ROUNDING_INTERVAL_SET,True,0.0,0.003861003861003817,-0.431959459459448,-0.42695945945944813,False,True,0.0011023667334477238,0.0011159969095470195
600602.SH,1991-05-30,PASS_ROUNDING_INTERVAL_SET,True,0.0,0.022727272727272863,-4.242443181818209,-4.237443181818209,False,True,0.000900223206027796,0.0009238842557804358
600602.SH,1991-07-16,PASS_ROUNDING_INTERVAL_SET,True,0.0,0.0024449877750611078,-0.09806234718826018,-0.09306234718826017,False,True,0.0010057360108752115,0.0010186310912496303
600602.SH,1991-07-25,PASS_ROUNDING_INTERVAL_SET,True,0.0,0.0022779043280182322,-0.05031321184510462,-0.04531321184510462,False,True,0.0010319039159157881,0.0010434342689109287
600602.SH,1991-07-29,PASS_ROUNDING_INTERVAL_SET,True,0.0,0.002865329512893978,-0.1883595988538671,-0.1833595988538671,False,True,0.0010319039159157881,0.0010454175862469508
600602.SH,1991-07-30,PASS_ROUNDING_INTERVAL_SET,True,0.0,0.003039513677811534,-0.2308130699088108,-0.22581306990881078,False,True,0.001029713060370909,0.0010436542658050368
600602.SH,1991-09-30,PASS_ROUNDING_INTERVAL_SET,True,0.0,0.005154639175257591,-0.8102190721649085,-0.8052190721649084,False,True,0.0011521446601173253,0.0011657565584762772
600602.SH,1995-05-11,PASS_ROUNDING_INTERVAL_SET,True,0.0,0.9999999999999778,-1.1774999999999687,-1.1724999999999686,False,True,0.08021390374331552,0.08348134991119006
600610.SH,2000-03-27,PASS_ROUNDING_INTERVAL_SET,True,0.0,inf,-5.69,-5.679999999999999,True,True,0.3325513196480938,0.3337243401759531
600620.SH,1994-02-16,PASS_ROUNDING_INTERVAL_SET,True,0.0,0.07692307692307548,-0.3898076923076775,-0.3848076923076775,False,True,0.019598354706024678,0.019956720365472466
600620.SH,1994-05-26,PASS_ROUNDING_INTERVAL_SET,True,0.0,0.11111111111111358,-0.6586111111111279,-0.6536111111111279,False,True,0.007003317360855141,0.007689491028927134
600620.SH,1995-02-17,PASS_ROUNDING_INTERVAL_SET,True,0.0,0.07142857142857206,-0.33339285714286027,-0.32839285714286026,False,True,0.0015376729882111736,0.0025265285497726125
600620.SH,1995-09-26,PASS_ROUNDING_INTERVAL_SET,True,0.0,0.11111111111111138,-0.35805555555555696,-0.35305555555555684,False,True,0.019588146659969864,0.020408163265306124
600620.SH,1995-10-18,PASS_ROUNDING_INTERVAL_SET,True,0.0,0.12500000000000278,-0.43281250000001337,-0.42781250000001336,False,True,0.01725039205436487,0.018144116122343186
600620.SH,1995-11-16,PASS_ROUNDING_INTERVAL_SET,True,0.0,0.11111111111111358,-0.3675000000000116,-0.3625000000000116,False,True,0.016480595427963846,0.01737756714060032
600620.SH,1995-11-29,PASS_ROUNDING_INTERVAL_SET,True,0.0,0.14285714285714604,-0.5160714285714436,-0.5110714285714436,False,True,0.01649813730707823,0.017432646592709985
600620.SH,1995-12-07,PASS_ROUNDING_INTERVAL_SET,True,0.0,0.16666666666667038,-0.6287500000000172,-0.6237500000000172,False,True,0.0156165858912224,0.01658640984483681
600620.SH,1996-01-11,PASS_ROUNDING_INTERVAL_SET,True,0.0,0.24999999999999967,-0.9431249999999987,-0.9381249999999987,False,True,0.005692599620493359,0.006922592825676526
600620.SH,1996-01-22,PASS_ROUNDING_INTERVAL_SET,True,0.0,0.1428571428571423,-0.5210714285714264,-0.5160714285714264,False,True,0.001998667554963358,0.0033003300330033004
600620.SH,1996-01-24,PASS_ROUNDING_INTERVAL_SET,True,0.0,0.11111111111111131,-0.40194444444444516,-0.39694444444444515,False,True,0.001998667554963358,0.0032916392363396977
600620.SH,1996-01-30,PASS_ROUNDING_INTERVAL_SET,True,0.0,0.1428571428571423,-0.5224999999999979,-0.5174999999999979,False,True,0.001993355481727575,0.0032916392363396977
600620.SH,1996-03-26,PASS_ROUNDING_INTERVAL_SET,True,0.0,0.16666666666667013,-0.6179166666666804,-0.6129166666666804,False,True,0.005656819610307983,0.006862133499688086
600620.SH,1996-03-28,PASS_ROUNDING_INTERVAL_SET,True,0.0,0.24999999999999967,-0.9406249999999986,-0.9356249999999986,False,True,0.004484304932735427,0.0057361376673040155
600620.SH,1997-01-29,PASS_ROUNDING_INTERVAL_SET,True,0.0,0.11111111111111138,-0.31305555555555664,-0.3080555555555566,False,True,0.014925373134328356,0.01603592046183451
600622.SH,2000-02-14,PASS_ROUNDING_INTERVAL_SET,True,0.0,inf,-8.51,-8.499999999999998,True,True,0.1644575355915562,0.16543937162493863
600624.SH,1993-07-23,PASS_ROUNDING_INTERVAL_SET,True,0.0,0.12500000000000278,0.24968749999998607,0.2546874999999861,False,True,0.08745627186406796,0.08775409023301935
600628.SH,1994-12-01,PASS_ROUNDING_INTERVAL_SET,True,0.0,0.07692307692307747,-0.5767307692307736,-0.5717307692307736,False,True,0.0022005658597925182,0.002806361085126286
600628.SH,1996-03-18,PASS_ROUNDING_INTERVAL_SET,True,0.0,0.20000000000000445,-1.0945000000000285,-1.0895000000000283,False,True,0.014458772958186792,0.015181004281821722
600628.SH,1996-03-22,PASS_ROUNDING_INTERVAL_SET,True,0.0,0.11111111111111138,-0.5252777777777795,-0.5202777777777796,False,True,0.014470082127493155,0.015145631067961166
600629.SH,1994-01-27,PASS_ROUNDING_INTERVAL_SET,True,0.0,0.058823529411765337,-0.3519117647058864,-0.34691176470588647,False,True,0.001950838860710105,0.002695417789757412
600629.SH,1994-04-12,PASS_ROUNDING_INTERVAL_SET,True,0.0,0.05000000000000017,-0.30237500000000106,-0.297375000000001,False,True,0.00040666937779585197,0.0012004801920768309
600643.SH,2006-05-11,PASS_ROUNDING_INTERVAL_SET,False,,,,,False,True,0.2081756245268736,0.20968962906888716
600643.SH,2007-04-23,PASS_ROUNDING_INTERVAL_SET,True,0.0,2814749767106.5,-24495359848238.676,-24495359848238.67,False,True,0.32375754093651254,0.3243320884803217
600644.SH,1993-09-23,PASS_ROUNDING_INTERVAL_SET,True,0.0,0.14285714285714285,0.6367857142857143,0.6417857142857142,False,True,0.12841163310961967,0.12850155624722098
600644.SH,1994-12-01,PASS_ROUNDING_INTERVAL_SET,True,0.0,0.25,0.20187500000000003,0.20687500000000003,False,True,0.16038562664329536,0.16100957354221063
600644.SH,1995-02-21,PASS_ROUNDING_INTERVAL_SET,True,0.0,0.3333333333333309,-0.005833333333327806,-0.0008333333333278015,False,True,0.16537180910099888,0.16648291069459756
600644.SH,1995-05-09,PASS_ROUNDING_INTERVAL_SET,True,0.0,0.24999999999999445,0.18812500000001353,0.19312500000001354,False,True,0.16374871266735327,0.1644535240040858
600645.SH,1996-03-21,PASS_ROUNDING_INTERVAL_SET,True,0.0,0.25,0.8706250000000002,0.8756250000000001,False,True,0.21245605223505779,0.2126063031515758
600651.SH,1991-01-10,PASS_ROUNDING_INTERVAL_SET,True,0.0,0.0023866348448687387,-0.37345465393794824,-0.3684546539379482,False,True,0.0002992542583880969,0.0003199848303487835
600651.SH,1991-01-18,PASS_ROUNDING_INTERVAL_SET,True,0.0,0.004784688995215242,-0.8592224880382633,-0.8542224880382633,False,True,0.0003038368517640768,0.0003264852053833783
600651.SH,1991-02-07,PASS_ROUNDING_INTERVAL_SET,True,0.0,0.0025062656641603974,-0.37036967418546296,-0.36536967418546296,False,True,0.0003162115328670267,0.0003380958940131983
600651.SH,1991-02-08,PASS_ROUNDING_INTERVAL_SET,True,0.0,0.005025125628140685,-0.8782788944723583,-0.8732788944723582,False,True,0.0003130439138002279,0.00033641086980899337
600651.SH,1991-02-25,PASS_ROUNDING_INTERVAL_SET,True,0.0,0.0026385224274406214,-0.38856860158311124,-0.38356860158311123,False,True,0.0003012797841264851,0.00032425842099119314
600651.SH,1991-02-26,PASS_ROUNDING_INTERVAL_SET,True,0.0,0.0026385224274406214,-0.3860620052770426,-0.3810620052770426,False,True,0.0003027869564645015,0.0003258645185677602
600651.SH,1991-03-12,PASS_ROUNDING_INTERVAL_SET,True,0.0,0.0026385224274406214,-0.3810488126649054,-0.3760488126649054,False,True,0.0003058469967154692,0.00032912492265564316
600651.SH,1991-03-13,PASS_ROUNDING_INTERVAL_SET,True,0.0,0.002638522427440661,-0.3785422163588443,-0.37354221635884427,False,True,0.00030740032878469944,0.0003307797139417034
600651.SH,1991-03-14,PASS_ROUNDING_INTERVAL_SET,True,0.0,0.007751937984496008,-1.3520736434108307,-1.3470736434108306,False,True,0.00030382689792737215,0.00032912492265564316
600651.SH,1991-03-18,PASS_ROUNDING_INTERVAL_SET,True,0.0,0.0026385224274406214,-0.3860620052770426,-0.3810620052770426,False,True,0.0003027869564645015,0.0003258645185677602
600651.SH,1991-03-25,PASS_ROUNDING_INTERVAL_SET,True,0.0,0.0027855153203342397,-0.39336350974929957,-0.38836350974929956,False,True,0.000315064177203052,0.00033912559855668145
600651.SH,1991-03-26,PASS_ROUNDING_INTERVAL_SET,True,0.0,0.0027855153203342397,-0.3908565459609987,-0.3858565459609987,False,True,0.00031662559711457714,0.000340789814474025
600651.SH,1991-03-29,PASS_ROUNDING_INTERVAL_SET,True,0.0,0.0027855153203342397,-0.38598189415041384,-0.38098189415041384,False,True,0.0003197064260991646,0.00034407299852736757
600651.SH,1991-04-05,PASS_ROUNDING_INTERVAL_SET,True,0.0,0.0027100271002710066,-0.3846002710027107,-0.37960027100271077,False,True,0.00031190246945389944,0.00033566508680299146
600651.SH,1991-04-15,PASS_ROUNDING_INTERVAL_SET,True,0.0,0.0027855153203342397,-0.383474930362113,-0.378474930362113,False,True,0.0003213143152512538,0.0003457862487724588
600651.SH,1991-04-18,PASS_ROUNDING_INTERVAL_SET,True,0.0,0.0027855153203342835,-0.3909958217270234,-0.3859958217270234,False,True,0.00031653844565860637,0.0003406969296392701
600651.SH,1991-04-19,PASS_ROUNDING_INTERVAL_SET,True,0.0,0.0027855153203342397,-0.3884888579387147,-0.3834888579387147,False,True,0.0003181145488997386,0.00034237664169599693
600651.SH,1991-04-25,PASS_ROUNDING_INTERVAL_SET,True,0.0,0.002865329512893978,-0.3983309455587384,-0.3933309455587384,False,True,0.00032095561044361644,0.00034549952321065794
600651.SH,1991-05-03,PASS_ROUNDING_INTERVAL_SET,True,0.0,0.0013531799729364043,-0.13229702300406024,-0.12729702300406026,False,True,0.0003146331787526846,0.00033521500690542917
600651.SH,1991-05-06,PASS_ROUNDING_INTERVAL_SET,True,0.0,0.0013531799729364043,-0.12979364005412788,-0.12479364005412788,False,True,0.0003178507759704813,0.000338574466068067
600651.SH,1991-05-07,PASS_ROUNDING_INTERVAL_SET,True,0.0,0.0027855153203342397,-0.38918523676879824,-0.38418523676879823,False,True,0.0003176751702324553,0.00034190839590256977
600651.SH,1991-05-08,PASS_ROUNDING_INTERVAL_SET,True,0.0,0.0017574692442882272,-0.20451230228471046,-0.19951230228471045,False,True,0.0003162772789153064,0.0003384827847655668
600651.SH,1991-05-09,PASS_ROUNDING_INTERVAL_SET,True,0.0,0.0021321961620469113,-0.27146588486140777,-0.26646588486140776,False,True,0.00031723700362753615,0.00034041857868435027
600651.SH,1991-05-10,PASS_ROUNDING_INTERVAL_SET,True,0.0,0.002865329512893978,-0.4050644699140392,-0.4000644699140392,False,True,0.00031680004407652786,0.0003410687731074094
600651.SH,1991-05-13,PASS_ROUNDING_INTERVAL_SET,True,0.0,0.0016155088852988712,-0.17805735056542848,-0.17305735056542848,False,True,0.0003169746833698543,0.000338757977750376
600651.SH,1991-05-14,PASS_ROUNDING_INTERVAL_SET,True,0.0,0.0021321961620469113,-0.26890724946695155,-0.26390724946695154,False,True,0.0003193513003151858,0.00034265820529338393
600651.SH,1991-05-15,PASS_ROUNDING_INTERVAL_SET,True,0.0,0.0067114093959731195,-1.108171140939591,-1.103171140939591,False,True,0.00031549635807464916,0.00034153472041967785
600651.SH,1991-05-16,PASS_ROUNDING_INTERVAL_SET,True,0.0,0.0014306151645207433,-0.14423104434906997,-0.13923104434906997,False,True,0.0003173245402243346,0.00033839115310169333
600651.SH,1991-05-23,PASS_ROUNDING_INTERVAL_SET,True,0.0,0.0026385224274406214,-0.37867414248020886,-0.37367414248020886,False,True,0.0003073181812108336,0.00033069220492334554
600651.SH,1991-06-21,PASS_ROUNDING_INTERVAL_SET,True,0.0,0.003236245954692526,-0.5915453074433588,-0.5865453074433588,False,True,0.00030066480328726854,0.0003207290503102224
600651.SH,1991-06-28,PASS_ROUNDING_INTERVAL_SET,True,0.0,0.0010881392818280753,-0.11853917301414613,-0.11353917301414612,False,True,0.0002896964624843081,0.00030513789076063515
600651.SH,1991-07-04,PASS_ROUNDING_INTERVAL_SET,True,0.0,0.0010881392818280686,-0.1133161044613698,-0.1083161044613698,False,True,0.0002957899234232754,0.0003114294612270321
600651.SH,1991-07-05,PASS_ROUNDING_INTERVAL_SET,True,0.0,0.0010764262648008597,-0.11311894510226017,-0.10811894510226017,False,True,0.0002928384724677607,0.00030831712010546573
600651.SH,1991-07-09,PASS_ROUNDING_INTERVAL_SET,True,0.0,0.0010881392818280753,-0.11298966267682292,-0.10798966267682292,False,True,0.00029617928719518217,0.0003118313100140862
600651.SH,1991-07-10,PASS_ROUNDING_INTERVAL_SET,True,0.0,0.0011376564277588153,-0.12165813424345812,-0.11665813424345811,False,True,0.00029919881206990175,0.00031522081761758286
600651.SH,1991-07-12,PASS_ROUNDING_INTERVAL_SET,True,0.0,0.004016064257028102,-0.7726405622489936,-0.7676405622489936,False,True,0.0002986692625081581,0.00031903541293083537
600651.SH,1991-09-26,PASS_ROUNDING_INTERVAL_SET,True,0.0,0.009174311926605484,-0.32667431192660445,-0.32167431192660445,False,True,0.001476120184753107,0.0015552099533437014
600651.SH,1991-09-30,PASS_ROUNDING_INTERVAL_SET,True,0.0,0.009174311926605365,-0.3317201834862311,-0.3267201834862311,False,True,0.0014608171151218134,0.0015392508978963571
600651.SH,1991-10-03,PASS_ROUNDING_INTERVAL_SET,True,0.0,0.004566210045662079,-0.08473744292237331,-0.07973744292237331,False,True,0.001476120184753107,0.0015392508978963571
600651.SH,1991-10-04,PASS_ROUNDING_INTERVAL_SET,True,0.0,0.009174311926605484,-0.3367660550458704,-0.3317660550458704,False,True,0.0014458280863765684,0.0015236160487557136
600651.SH,1991-10-09,PASS_ROUNDING_INTERVAL_SET,True,0.0,0.004566210045662109,-0.09478310502283152,-0.08978310502283152,False,True,0.0014167542616882226,0.0014785608674223755
600651.SH,1992-02-27,PASS_ROUNDING_INTERVAL_SET,True,0.0,0.029411764705882085,-2.8331617647058542,-2.828161764705854,False,True,0.0013011284332047977,0.0013462764826755475
600651.SH,1992-03-25,PASS_ROUNDING_INTERVAL_SET,True,0.0,0.008064516129032206,-0.6071572580645104,-0.6021572580645103,False,True,0.0012881064834693,0.0013258724915166632
600651.SH,1992-04-16,PASS_ROUNDING_INTERVAL_SET,True,0.0,0.002865329512893978,-0.04116762177650363,-0.03616762177650362,False,True,0.0012874552477028624,0.0013066429728740918
600651.SH,1992-04-20,PASS_ROUNDING_INTERVAL_SET,True,0.0,0.0018382352941176494,0.09685202205882323,0.10185202205882324,False,True,0.0012929121398660775,0.001304125952106447
600651.SH,1992-06-12,PASS_ROUNDING_INTERVAL_SET,True,0.0,0.0025062656641603974,0.009229323308271142,0.014229323308271147,False,True,0.0012909571525173665,0.0013105102925462207
600651.SH,1992-07-31,PASS_ROUNDING_INTERVAL_SET,True,0.0,0.0013351134846461945,0.23131174899866497,0.23631174899866497,False,True,0.0012531486943203251,0.0012546739711052312
600651.SH,1992-08-05,PASS_ROUNDING_INTERVAL_SET,True,0.0,0.002293577981651371,0.04046444954128536,0.04546444954128537,False,True,0.0012511770092999857,0.001262771208816439
600651.SH,1992-09-25,PASS_ROUNDING_INTERVAL_SET,True,0.0,0.0017271157167530178,0.10914939550949973,0.11414939550949973,False,True,0.001300234042127583,0.001309898531740601
600651.SH,1992-11-06,PASS_ROUNDING_INTERVAL_SET,True,0.0,0.0021321961620469113,0.051369936034114855,0.05636993603411486,False,True,0.0013350435852464595,0.0013541480364853472
600651.SH,1992-11-13,PASS_ROUNDING_INTERVAL_SET,True,0.0,0.0017421602787456433,0.08364547038327536,0.08864547038327536,False,True,0.0013524790653506374,0.0013649405275912977
600651.SH,1992-11-20,PASS_ROUNDING_INTERVAL_SET,True,0.0,0.0033444816053511636,-0.05092809364548437,-0.045928093645484364,False,True,0.0013635950425744676,0.0013988511562844134
600651.SH,1993-01-05,PASS_ROUNDING_INTERVAL_SET,True,0.0,0.01265822784810129,0.08395569620253132,0.08895569620253133,False,True,0.00926411466526831,0.009355332539547543
600651.SH,1993-07-16,PASS_ROUNDING_INTERVAL_SET,True,0.0,0.0357142857142856,-0.021160714285713256,-0.01616071428571325,False,True,0.016661959898333804,0.016958576591604116
600651.SH,1993-07-23,PASS_ROUNDING_INTERVAL_SET,True,0.0,0.04999999999999934,-0.14137499999999437,-0.13637499999999436,False,True,0.016710642040457344,0.01709649376992176
600651.SH,1993-08-27,PASS_ROUNDING_INTERVAL_SET,True,0.0,0.01851851851851844,0.15041666666666748,0.15541666666666748,False,True,0.016804614998745925,0.01684981684981685
600651.SH,1993-09-02,PASS_ROUNDING_INTERVAL_SET,True,0.0,0.03333333333333289,-0.0017499999999954774,0.003250000000004527,False,True,0.016580054441969812,0.016825164594001463
600651.SH,1994-01-21,PASS_ROUNDING_INTERVAL_SET,True,0.0,0.025641025641026095,0.17032051282050242,0.17532051282050243,False,True,0.016555202280451705,0.01663224263506903
600651.SH,1994-06-28,PASS_ROUNDING_INTERVAL_SET,True,0.0,0.11111111111111358,0.11472222222221107,0.11972222222221107,False,True,0.06829539144919489,0.06871907641561298
600651.SH,1995-02-16,PASS_ROUNDING_INTERVAL_SET,True,0.0,0.10000000000000045,0.13074999999999837,0.13574999999999837,False,True,0.06794783802333562,0.06838185511171294
600651.SH,1995-08-30,PASS_ROUNDING_INTERVAL_SET,True,0.0,0.11111111111111029,0.20250000000000318,0.20750000000000318,False,True,0.0821827744904668,0.0825211176088369
600651.SH,1995-10-06,PASS_ROUNDING_INTERVAL_SET,True,0.0,0.11111111111111138,0.18583333333333235,0.19083333333333236,False,True,0.0820842255531763,0.0824524312896406
600651.SH,1995-10-18,PASS_ROUNDING_INTERVAL_SET,True,0.0,0.1428571428571424,0.07178571428571578,0.07678571428571579,False,True,0.08182476466328746,0.08243727598566307
600651.SH,1995-11-10,PASS_ROUNDING_INTERVAL_SET,True,0.0,0.1666666666666679,-0.011250000000004423,-0.006250000000004419,False,True,0.08173418621179815,0.0824524312896406
600651.SH,1995-11-14,PASS_ROUNDING_INTERVAL_SET,True,0.0,0.12499999999999861,0.13406250000000475,0.13906250000000475,False,True,0.08194343727338652,0.08243727598566307
600651.SH,1995-11-15,PASS_ROUNDING_INTERVAL_SET,True,0.0,0.1428571428571424,0.07178571428571578,0.07678571428571579,False,True,0.08182476466328746,0.08243727598566307
600651.SH,1995-11-16,PASS_ROUNDING_INTERVAL_SET,True,0.0,0.1428571428571424,0.07178571428571578,0.07678571428571579,False,True,0.08182476466328746,0.08243727598566307
600651.SH,1995-11-23,PASS_ROUNDING_INTERVAL_SET,True,0.0,0.12499999999999861,0.13406250000000475,0.13906250000000475,False,True,0.08194343727338652,0.08243727598566307
600651.SH,1995-11-27,PASS_ROUNDING_INTERVAL_SET,True,0.0,0.16666666666666544,-0.008749999999995817,-0.0037499999999958122,False,True,0.08206245461147421,0.0827933765298776
600651.SH,1995-12-04,PASS_ROUNDING_INTERVAL_SET,True,0.0,0.25,-0.2981250000000001,-0.2931250000000001,False,True,0.08182476466328746,0.0827933765298776
600651.SH,1996-01-22,PASS_ROUNDING_INTERVAL_SET,True,0.0,0.11111111111111029,0.15194444444444682,0.15694444444444683,False,True,0.08168529664660361,0.08213378492802709
600651.SH,1996-01-23,PASS_ROUNDING_INTERVAL_SET,True,0.0,0.09999999999999956,0.1842500000000013,0.1892500000000013,False,True,0.08168529664660361,0.0819949281487743
600651.SH,1996-02-01,PASS_ROUNDING_INTERVAL_SET,True,0.0,0.125,0.11281249999999998,0.11781249999999999,False,True,0.08144416456759025,0.0820215410107705
600651.SH,1996-02-02,PASS_ROUNDING_INTERVAL_SET,True,0.0,0.16666666666666544,-0.009583333333329669,-0.004583333333329664,False,True,0.08171861836562763,0.08256880733944955
600651.SH,1996-02-06,PASS_ROUNDING_INTERVAL_SET,True,0.0,0.1428571428571424,0.05892857142857272,0.06392857142857272,False,True,0.0815450643776824,0.08227311280746394
600651.SH,1996-02-07,PASS_ROUNDING_INTERVAL_SET,True,0.0,0.3333333333333309,-0.505833333333326,-0.500833333333326,False,True,0.08071367884451996,0.0819949281487743
600651.SH,1996-02-14,PASS_ROUNDING_INTERVAL_SET,True,0.0,0.16666666666666544,-0.012083333333329671,-0.007083333333329667,False,True,0.08130762782900251,0.08215767634854772
600651.SH,1996-03-22,PASS_ROUNDING_INTERVAL_SET,True,0.0,0.1666666666666679,-0.01208333333333722,-0.007083333333337216,False,True,0.08138597904915391,0.0822027134876297
600651.SH,1996-03-28,PASS_ROUNDING_INTERVAL_SET,True,0.0,0.19999999999999735,-0.11249999999999183,-0.10749999999999182,False,True,0.08178137651821862,0.08273092369477911
600651.SH,1996-04-03,PASS_ROUNDING_INTERVAL_SET,True,0.0,0.125,0.11781249999999999,0.12281249999999999,False,True,0.08151735270379337,0.08207171314741035
600653.SH,1991-01-17,PASS_ROUNDING_INTERVAL_SET,True,0.0,0.002949852507374646,0.38162979351032206,0.38662979351032206,False,True,0.0026158054438648153,0.0026191568386628983
600653.SH,1991-03-06,PASS_ROUNDING_INTERVAL_SET,True,0.0,0.025641025641026095,0.38878205128204246,0.39378205128204247,False,True,0.022865262885932047,0.022892953063051544
600653.SH,1991-03-07,PASS_ROUNDING_INTERVAL_SET,True,0.0,0.025641025641026095,0.3862179487179399,0.3912179487179399,False,True,0.022747718802210513,0.022776434660898338
600653.SH,1991-03-12,PASS_ROUNDING_INTERVAL_SET,True,0.0,0.0526315789473691,-0.12302631578948664,-0.11802631578948652,False,True,0.023104033416003134,0.023249772697752958
600653.SH,1991-03-29,PASS_ROUNDING_INTERVAL_SET,True,0.0,0.025641025641026095,0.414679487179479,0.419679487179479,False,True,0.02436986492132015,0.024383523901363828
600653.SH,1991-04-08,PASS_ROUNDING_INTERVAL_SET,True,0.0,0.025641025641026095,0.40929487179486335,0.41429487179486335,False,True,0.023851232987467993,0.023869849313241768
600653.SH,1991-04-09,PASS_ROUNDING_INTERVAL_SET,True,0.0,0.025641025641025626,0.4067307692307695,0.4117307692307695,False,True,0.02372336147969441,0.02374320201618252
600653.SH,1991-04-11,PASS_ROUNDING_INTERVAL_SET,True,0.0,0.025641025641026095,0.41185897435896596,0.41685897435896596,False,True,0.02398049044844872,0.023997854940340534
600653.SH,1991-04-15,PASS_ROUNDING_INTERVAL_SET,True,0.0,0.0526315789473691,-0.1019736842105391,-0.09697368421053909,False,True,0.023596853752832953,0.02374320201618252
600653.SH,1991-04-16,PASS_ROUNDING_INTERVAL_SET,True,0.0,0.025641025641026095,0.4041666666666581,0.40916666666665813,False,True,0.023596853752832953,0.023617891542419847
600653.SH,1991-04-19,PASS_ROUNDING_INTERVAL_SET,True,0.0,0.025641025641026095,0.41185897435896596,0.41685897435896596,False,True,0.02398049044844872,0.023997854940340534
600653.SH,1991-04-22,PASS_ROUNDING_INTERVAL_SET,True,0.0,0.025641025641026095,0.40929487179486335,0.41429487179486335,False,True,0.023851232987467993,0.023869849313241768
600653.SH,1991-04-23,PASS_ROUNDING_INTERVAL_SET,True,0.0,0.03448275862068979,0.24008620689654925,0.24508620689654925,False,True,0.023659938510894266,0.02374320201618252
600653.SH,1991-04-24,PASS_ROUNDING_INTERVAL_SET,True,0.0,0.025641025641025626,0.4067307692307695,0.4117307692307695,False,True,0.02372336147969441,0.02374320201618252
600653.SH,1991-04-25,PASS_ROUNDING_INTERVAL_SET,True,0.0,0.025641025641026095,0.4041666666666581,0.40916666666665813,False,True,0.023596853752832953,0.023617891542419847
600653.SH,1991-04-30,PASS_ROUNDING_INTERVAL_SET,True,0.0,0.01265822784810129,0.64256329113924,0.64756329113924,False,False,,
600653.SH,1991-05-02,PASS_ROUNDING_INTERVAL_SET,True,0.0,0.020408163265306353,0.48903061224489347,0.4940306122448935,False,False,,
600653.SH,1991-05-03,PASS_ROUNDING_INTERVAL_SET,True,0.0,0.014492753623188467,0.6030797101449263,0.6080797101449263,False,False,,
600653.SH,1991-05-06,PASS_ROUNDING_INTERVAL_SET,True,0.0,0.025641025641026095,0.3849358974358885,0.3899358974358885,False,True,0.022689398795026277,0.022718619114100776
600653.SH,1991-05-07,PASS_ROUNDING_INTERVAL_SET,True,0.0,0.020408163265306353,0.48903061224489347,0.4940306122448935,False,False,,
600653.SH,1991-05-08,PASS_ROUNDING_INTERVAL_SET,True,0.0,0.03448275862068979,0.22284482758620439,0.2278448275862044,False,True,0.023043874495508397,0.02312960330792092
600653.SH,1991-05-09,PASS_ROUNDING_INTERVAL_SET,True,0.0,0.014492753623188467,0.6096014492753612,0.6146014492753611,False,False,,
600653.SH,1991-05-10,PASS_ROUNDING_INTERVAL_SET,True,0.0,0.016949152542373003,0.5603813559322011,0.5653813559322011,False,False,,
600653.SH,1991-05-13,PASS_ROUNDING_INTERVAL_SET,True,0.0,0.025641025641026095,0.3977564102564016,0.40275641025640163,False,True,0.023286409682936455,0.02331032686547728
600653.SH,1991-05-14,PASS_ROUNDING_INTERVAL_SET,True,0.0,0.025641025641026095,0.3977564102564016,0.40275641025640163,False,True,0.023286409682936455,0.02331032686547728
600653.SH,1991-05-15,PASS_ROUNDING_INTERVAL_SET,True,0.0,0.0526315789473691,-0.12565789473685518,-0.12065789473685506,False,True,0.023043874495508397,0.023189532322839747
600653.SH,1991-05-16,PASS_ROUNDING_INTERVAL_SET,True,0.0,0.014492753623188467,0.6074275362318828,0.612427536231883,False,False,,
600653.SH,1991-05-24,PASS_ROUNDING_INTERVAL_SET,True,0.0,0.01265822784810129,0.643069620253164,0.6480696202531642,False,False,,
600653.SH,1991-05-27,PASS_ROUNDING_INTERVAL_SET,True,0.0,0.03448275862068979,0.20698275862068705,0.21198275862068705,False,True,0.022428267134444305,0.022515238213708173
600653.SH,1991-05-28,PASS_ROUNDING_INTERVAL_SET,True,0.0,0.025641025641026095,0.3833974358974268,0.3883974358974268,False,True,0.022428267134444305,0.022459362203747366
600653.SH,1991-05-29,PASS_ROUNDING_INTERVAL_SET,True,0.0,0.041666666666667594,0.05218749999998118,0.057187499999981184,False,True,0.022123346928686193,0.022238604251136503
600653.SH,1991-05-31,PASS_ROUNDING_INTERVAL_SET,True,0.0,0.0526315789473691,-0.19197368421054017,-0.18697368421054028,False,True,0.021668078925069605,0.02180985660923003
600653.SH,1991-07-01,PASS_ROUNDING_INTERVAL_SET,True,0.0,0.25000000000000555,-5.456875000000142,-5.4518750000001415,False,True,0.01811771618842425,0.01829924650161464
600653.SH,1991-07-02,PASS_ROUNDING_INTERVAL_SET,True,0.0,0.010101010101010163,0.6694191919191903,0.6744191919191904,False,False,,
600653.SH,1991-07-03,PASS_ROUNDING_INTERVAL_SET,True,0.0,0.010101010101010163,0.6668939393939378,0.6718939393939378,False,False,,
600653.SH,1991-07-05,PASS_ROUNDING_INTERVAL_SET,True,0.0,0.03448275862068979,0.014568965517237964,0.01956896551723797,False,True,0.01751728056055298,0.017609944439212735
600653.SH,1991-07-08,PASS_ROUNDING_INTERVAL_SET,True,0.0,0.01265822784810129,0.5907911392405057,0.5957911392405058,False,False,,
600653.SH,1992-05-05,PASS_ROUNDING_INTERVAL_SET,True,0.0,0.010101010101009793,0.3245707070707391,0.329570707070739,False,True,0.006626052765709572,0.00664267252832194
600653.SH,1992-05-08,PASS_ROUNDING_INTERVAL_SET,True,0.0,0.2500000000000444,-28.491875000005322,-28.48687500000532,False,True,0.006112954038096431,0.006153653601451844
600653.SH,1992-05-11,PASS_ROUNDING_INTERVAL_SET,True,0.0,0.02941176470588143,-2.2013970588234133,-2.1963970588234134,False,True,0.005947763123868632,0.005979459266175331
600653.SH,1992-05-12,PASS_ROUNDING_INTERVAL_SET,True,0.0,0.015624999999998612,-0.5248046874998167,-0.5198046874998168,False,True,0.005822002237772848,0.005845740555061579
600653.SH,1992-05-15,PASS_ROUNDING_INTERVAL_SET,True,0.0,0.02040816326530531,-1.462397959183549,-1.457397959183549,False,True,0.005417259946645718,0.00544126538015327
600653.SH,1992-12-17,PASS_ROUNDING_INTERVAL_SET,True,0.0,0.016949152542373003,0.6603813559322014,0.6653813559322014,False,False,,
600653.SH,1992-12-24,PASS_ROUNDING_INTERVAL_SET,True,0.0,0.011494252873563262,0.7530172413793096,0.7580172413793096,False,False,,
600653.SH,1992-12-31,PASS_ROUNDING_INTERVAL_SET,True,0.0,0.015625000000000173,0.6721484374999968,0.6771484374999968,False,False,,
600653.SH,1993-01-05,PASS_ROUNDING_INTERVAL_SET,True,0.0,0.010869565217391379,0.7614402173913029,0.766440217391303,False,False,,
600653.SH,1993-01-12,PASS_ROUNDING_INTERVAL_SET,True,0.0,0.006289308176100649,0.8576257861635216,0.8626257861635216,False,False,,
600653.SH,1993-06-22,PASS_ROUNDING_INTERVAL_SET,True,0.0,0.022727272727272176,0.8094886363636438,0.8144886363636437,False,False,,
600653.SH,1993-07-22,PASS_ROUNDING_INTERVAL_SET,True,0.0,0.019999999999999574,0.8089500000000043,0.8139500000000042,False,False,,
600653.SH,1993-07-26,PASS_ROUNDING_INTERVAL_SET,True,0.0,0.0344827586206886,0.6652586206896658,0.6702586206896657,False,False,,
600653.SH,1993-09-01,PASS_ROUNDING_INTERVAL_SET,True,0.0,0.027777777777776954,0.7413194444444545,0.7463194444444544,False,False,,
600653.SH,1993-09-16,PASS_ROUNDING_INTERVAL_SET,True,0.0,0.03999999999999858,0.5919000000000174,0.5969000000000173,False,False,,
600653.SH,1993-09-20,PASS_ROUNDING_INTERVAL_SET,True,0.0,0.02702702702702638,0.7492567567567647,0.7542567567567646,False,False,,
600653.SH,1993-10-05,PASS_ROUNDING_INTERVAL_SET,True,0.0,0.0232558139534877,0.7984302325581483,0.8034302325581482,False,False,,
600653.SH,1993-10-15,PASS_ROUNDING_INTERVAL_SET,True,0.0,0.020833333333332718,0.8313020833333413,0.8363020833333412,False,False,,
600653.SH,1994-02-18,PASS_ROUNDING_INTERVAL_SET,True,0.0,0.05263157894736695,0.7759210526315911,0.780921052631591,False,False,,
600653.SH,1994-03-29,PASS_ROUNDING_INTERVAL_SET,True,0.0,0.04347826086956421,0.8551086956521823,0.8601086956521822,False,False,,
600653.SH,1994-05-27,PASS_ROUNDING_INTERVAL_SET,True,0.0,0.055555555555554456,0.7801388888888949,0.7851388888888948,False,False,,
600653.SH,1995-01-26,PASS_ROUNDING_INTERVAL_SET,True,0.0,0.09090909090908944,0.5838636363636451,0.588863636363645,False,False,,
600653.SH,1995-02-15,PASS_ROUNDING_INTERVAL_SET,True,0.0,0.05882352941176348,0.7730882352941251,0.778088235294125,False,False,,
600653.SH,1995-02-16,PASS_ROUNDING_INTERVAL_SET,True,0.0,0.1,0.5357500000000002,0.5407500000000001,False,True,0.09624514458351317,0.09627727856225932
600653.SH,1995-05-09,PASS_ROUNDING_INTERVAL_SET,True,0.0,0.1999999999999929,0.45250000000002233,0.4575000000000222,False,True,0.17269076305220887,0.17290836653386452
600653.SH,1995-05-17,PASS_ROUNDING_INTERVAL_SET,True,0.0,0.11111111111110782,0.7269444444444549,0.7319444444444548,False,False,,
600653.SH,1995-07-13,PASS_ROUNDING_INTERVAL_SET,True,0.0,0.12499999999999584,0.6909375000000149,0.6959375000000148,False,False,,
600653.SH,1995-10-12,PASS_ROUNDING_INTERVAL_SET,True,0.0,0.11111111111110782,0.7402777777777896,0.7452777777777895,False,False,,
600653.SH,1995-11-21,PASS_ROUNDING_INTERVAL_SET,True,0.0,0.11111111111110891,0.746944444444453,0.7519444444444529,False,False,,
600653.SH,1995-11-27,PASS_ROUNDING_INTERVAL_SET,True,0.0,0.12499999999999722,0.6915625000000103,0.6965625000000102,False,False,,
600653.SH,1995-12-04,PASS_ROUNDING_INTERVAL_SET,True,0.0,0.12499999999999722,0.6896875000000101,0.69468750000001,False,False,,
600653.SH,1995-12-05,PASS_ROUNDING_INTERVAL_SET,True,0.0,0.24999999999999445,0.22812500000002034,0.23312500000002023,False,True,0.15610088616223586,0.1566101694915254
600653.SH,1995-12-06,PASS_ROUNDING_INTERVAL_SET,True,0.0,0.09999999999999823,0.7807500000000065,0.7857500000000064,False,False,,
600653.SH,1995-12-07,PASS_ROUNDING_INTERVAL_SET,True,0.0,0.14285714285713924,0.6232142857142989,0.6282142857142988,False,False,,
600653.SH,1995-12-19,PASS_ROUNDING_INTERVAL_SET,True,0.0,0.08333333333333148,0.84270833333334,0.84770833333334,False,False,,
600653.SH,1995-12-20,PASS_ROUNDING_INTERVAL_SET,True,0.0,0.11111111111110782,0.7408333333333454,0.7458333333333453,False,False,,
600653.SH,1996-01-29,PASS_ROUNDING_INTERVAL_SET,True,0.0,0.0909090909090887,0.7884090909090977,0.7934090909090976,False,False,,
600653.SH,1996-03-11,PASS_ROUNDING_INTERVAL_SET,True,0.0,0.0909090909090887,0.802045454545462,0.807045454545462,False,False,,
600653.SH,1996-03-15,PASS_ROUNDING_INTERVAL_SET,True,0.0,0.14285714285713924,0.6282142857142975,0.6332142857142974,False,False,,
600653.SH,1996-03-19,PASS_ROUNDING_INTERVAL_SET,True,0.0,0.09999999999999823,0.7647500000000058,0.7697500000000057,False,False,,
600653.SH,1996-03-20,PASS_ROUNDING_INTERVAL_SET,True,0.0,0.12499999999999722,0.6840625000000091,0.689062500000009,False,False,,
600653.SH,1996-03-22,PASS_ROUNDING_INTERVAL_SET,True,0.0,0.09999999999999734,0.7652500000000086,0.7702500000000085,False,False,,
600653.SH,1996-03-25,PASS_ROUNDING_INTERVAL_SET,True,0.0,0.09999999999999734,0.7652500000000086,0.7702500000000085,False,False,,
600653.SH,1996-03-26,PASS_ROUNDING_INTERVAL_SET,True,0.0,0.09999999999999734,0.7662500000000086,0.7712500000000085,False,False,,
600653.SH,1996-03-28,PASS_ROUNDING_INTERVAL_SET,True,0.0,0.12499999999999584,0.6828125000000133,0.6878125000000131,False,False,,
600653.SH,1996-04-02,PASS_ROUNDING_INTERVAL_SET,True,0.0,0.16666666666666174,0.5504166666666823,0.5554166666666822,False,False,,
600654.SH,1991-01-15,PASS_ROUNDING_INTERVAL_SET,True,0.0,0.005025125628140685,-0.22435929648240827,-0.21935929648240837,False,True,0.0019595518911524386,0.0019745152626350583
600654.SH,1991-01-16,PASS_ROUNDING_INTERVAL_SET,True,0.0,0.005025125628140685,-0.22435929648240827,-0.21935929648240837,False,True,0.0019595518911524386,0.0019745152626350583
600654.SH,1991-01-28,PASS_ROUNDING_INTERVAL_SET,True,0.0,0.0025062656641603974,0.2941416040100258,0.2991416040100258,False,True,0.002004059177186914,0.002009123188314232
600654.SH,1991-03-04,PASS_ROUNDING_INTERVAL_SET,True,0.0,0.0022779043280182027,0.31194191343964006,0.31694191343964007,False,True,0.0018595303819544705,0.0018637304336889286
600654.SH,1991-03-15,PASS_ROUNDING_INTERVAL_SET,True,0.0,0.0023866348448687387,0.3011992840095458,0.3061992840095458,False,True,0.0019211947656504877,0.0019258603571813062
600654.SH,1991-04-01,PASS_ROUNDING_INTERVAL_SET,True,0.0,0.0025062656641603974,0.2894799498746875,0.2944799498746875,False,True,0.0019707242101610046,0.001975969268154985
600654.SH,1991-04-02,PASS_ROUNDING_INTERVAL_SET,True,0.0,0.0025062656641603974,0.28697368421052716,0.29197368421052716,False,True,0.001961001961001961,0.0019663161494400277
600654.SH,1991-05-17,PASS_ROUNDING_INTERVAL_SET,True,0.0,0.0015174506828528013,0.5095485584218522,0.5145485584218523,False,False,,
600654.SH,1991-05-23,PASS_ROUNDING_INTERVAL_SET,True,0.0,0.003039513677811534,0.2532902735562338,0.2582902735562338,False,True,0.0022720185325433243,0.002279445285960088
600654.SH,1991-06-14,PASS_ROUNDING_INTERVAL_SET,True,0.0,0.0013175230566534872,0.5350625823451919,0.5400625823451919,False,False,,
600654.SH,1991-07-03,PASS_ROUNDING_INTERVAL_SET,True,0.0,0.0011918951132300387,0.547797973778307,0.5527979737783069,False,False,,
600654.SH,1991-07-08,PASS_ROUNDING_INTERVAL_SET,True,0.0,0.0011641443538998803,0.5562194412107109,0.5612194412107109,False,False,,
600654.SH,1991-07-09,PASS_ROUNDING_INTERVAL_SET,True,0.0,0.0015174506828528145,0.47586115326251743,0.48086115326251744,False,False,,
600654.SH,1991-07-12,PASS_ROUNDING_INTERVAL_SET,True,0.0,0.005917159763313622,-0.5222928994082869,-0.517292899408287,False,True,0.0018030773995862876,0.0018184022305734028
600654.SH,1991-07-26,PASS_ROUNDING_INTERVAL_SET,True,0.0,0.001001001001001001,0.5892517517517517,0.5942517517517517,False,False,,
600654.SH,1991-08-12,PASS_ROUNDING_INTERVAL_SET,True,0.0,0.009174311926605245,-1.6941972477063494,-1.6891972477063493,False,True,0.0015504431758095016,0.0015653091709228169
600654.SH,1991-09-10,PASS_ROUNDING_INTERVAL_SET,True,0.0,0.0007358351729212646,0.6665066225165567,0.6715066225165567,False,False,,
600654.SH,1991-09-13,PASS_ROUNDING_INTERVAL_SET,True,0.0,0.0008628127696289889,0.6222972389991377,0.6272972389991378,False,False,,
600654.SH,1991-10-04,PASS_ROUNDING_INTERVAL_SET,True,0.0,0.000848176420695508,0.6261853265479209,0.631185326547921,False,False,,
600654.SH,1991-10-10,PASS_ROUNDING_INTERVAL_SET,True,0.0,0.0009910802775024755,0.583471258671953,0.5884712586719532,False,False,,
600654.SH,1991-10-15,PASS_ROUNDING_INTERVAL_SET,True,0.0,0.0016420361247947383,0.38540640394088893,0.3904064039408889,False,True,0.0014543841053072694,0.0014562435424954644
600654.SH,1991-10-16,PASS_ROUNDING_INTERVAL_SET,True,0.0,0.0016155088852988562,0.38863085621971316,0.39363085621971317,False,True,0.0014401835623794761,0.0014419320278075383
600654.SH,1991-10-17,PASS_ROUNDING_INTERVAL_SET,True,0.0,0.002906976744186099,-0.011184593023272238,-0.0061845930232722335,False,True,0.0014355486763278824,0.001443622935260291
600654.SH,1991-10-24,PASS_ROUNDING_INTERVAL_SET,True,0.0,0.0007698229407236337,0.6563837567359507,0.6613837567359507,False,False,,
600654.SH,1991-10-28,PASS_ROUNDING_INTERVAL_SET,True,0.0,0.018518518518519784,-5.140879629630043,-5.135879629630043,False,True,0.0013860066926511016,0.001400163734994147
600654.SH,1992-02-24,PASS_ROUNDING_INTERVAL_SET,True,0.0,0.0021786492374728673,-0.6591666666667664,-0.6541666666667665,False,True,0.0007575357186899917,0.0007608114317567211
600654.SH,1992-02-26,PASS_ROUNDING_INTERVAL_SET,True,0.0,0.001088139281828098,0.4247361262241325,0.4297361262241324,False,True,0.0007560238634066984,0.0007575400068054414
600654.SH,1992-02-28,PASS_ROUNDING_INTERVAL_SET,True,0.0,0.0014836795252225682,0.024625370919864942,0.029625370919864835,False,True,0.0007540154412473641,0.0007564389711444404
600654.SH,1992-03-02,PASS_ROUNDING_INTERVAL_SET,True,0.0,0.001031991744066044,0.4775257997936053,0.4825257997936052,False,True,0.0007512296767741951,0.0007525634960128842
600654.SH,1992-03-03,PASS_ROUNDING_INTERVAL_SET,True,0.0,0.001031991744066068,0.48164344685240423,0.4866434468524041,False,True,0.0007519331048958927,0.0007532561875486021
600654.SH,1992-03-04,PASS_ROUNDING_INTERVAL_SET,True,0.0,0.0013908205841446932,0.11023991655071597,0.11523991655071586,False,True,0.000749217226627229,0.0007514609714517788
600654.SH,1992-03-05,PASS_ROUNDING_INTERVAL_SET,True,0.0,0.0032362459546928114,-1.7965614886734014,-1.7915614886734015,False,True,0.0007455419264123406,0.0007492743677845969
600654.SH,1992-03-06,PASS_ROUNDING_INTERVAL_SET,True,0.0,0.0020876826722337916,-0.6094937369519535,-0.6044937369519536,False,True,0.000748544698292882,0.0007516452814319446
600654.SH,1992-03-09,PASS_ROUNDING_INTERVAL_SET,True,0.0,0.001317523056653517,0.1820191040842951,0.187019104084295,False,True,0.0007467357497927748,0.0007488219898439514
600654.SH,1992-03-11,PASS_ROUNDING_INTERVAL_SET,True,0.0,0.0016155088852988205,-0.12933360258476334,-0.12433360258476345,False,True,0.000745730036135536,0.0007483043614429603
600654.SH,1992-03-12,PASS_ROUNDING_INTERVAL_SET,True,0.0,0.002386634844868912,-0.9430966587114025,-0.9380966587114026,False,True,0.0007428089643427813,0.0007460925488476088
600654.SH,1992-03-16,PASS_ROUNDING_INTERVAL_SET,True,0.0,0.0012674271229404243,0.22817807351078012,0.23317807351078002,False,True,0.0007418802041237163,0.0007438385374481379
600654.SH,1992-03-18,PASS_ROUNDING_INTERVAL_SET,True,0.0,0.0008779631255487181,0.6384745390693687,0.6434745390693686,False,True,0.0007382564491974098,0.0007389983658111847
600654.SH,1992-03-27,PASS_ROUNDING_INTERVAL_SET,True,0.0,0.0009718172983478933,0.531450437317804,0.5364504373178038,False,True,0.000719913874523635,0.000721050059283903
600654.SH,1992-03-31,PASS_ROUNDING_INTERVAL_SET,True,0.0,0.0031347962382448405,-1.94027429467122,-1.93527429467122,False,True,0.0007191555496293834,0.0007225196946644868
600654.SH,1992-04-01,PASS_ROUNDING_INTERVAL_SET,True,0.0,0.0014104372355430498,0.027648095909695858,0.03264809590969575,False,True,0.0007172740968123815,0.0007194103877643724
600654.SH,1992-04-03,PASS_ROUNDING_INTERVAL_SET,True,0.0,0.0008703220191470824,0.6501675369886881,0.655167536988688,False,True,0.0007167279097312595,0.0007174884027587752
600654.SH,1992-04-06,PASS_ROUNDING_INTERVAL_SET,True,0.0,0.0015649452269170558,-0.1615923317683856,-0.15659233176838572,False,True,0.0007128688988867615,0.0007152077216660688
600654.SH,1992-04-07,PASS_ROUNDING_INTERVAL_SET,True,0.0,0.0012210012210012546,0.2432631257630864,0.2482631257630863,False,True,0.0007149589596380975,0.0007167323849644522
600654.SH,1992-04-08,PASS_ROUNDING_INTERVAL_SET,True,0.0,0.0009765625,0.5238598632812499,0.5288598632812498,False,True,0.0007124350945955486,0.0007135873420256081
600654.SH,1992-04-10,PASS_ROUNDING_INTERVAL_SET,True,0.0,0.0007552870090634404,0.7849867824773458,0.7899867824773457,False,True,0.000710723006846278,0.0007109719640758735
600654.SH,1992-05-04,PASS_ROUNDING_INTERVAL_SET,True,0.0,0.0005938242280285019,0.9352983966745863,0.9402983966745861,False,False,,
600654.SH,1992-11-20,PASS_ROUNDING_INTERVAL_SET,True,0.0,0.01063829787234046,0.5888563829787224,0.5938563829787225,False,False,,
600654.SH,1993-07-23,PASS_ROUNDING_INTERVAL_SET,True,0.0,0.1111111111111111,0.7225,0.7274999999999999,False,False,,
600654.SH,1995-12-05,PASS_ROUNDING_INTERVAL_SET,True,0.0,0.2499999999999889,0.6806250000000355,0.6856250000000353,False,True,0.23210070810385527,0.23221266614542607
600654.SH,1996-01-22,PASS_ROUNDING_INTERVAL_SET,True,0.0,0.24999999999999445,0.6481250000000147,0.6531250000000146,False,True,0.24833491912464323,0.24834749763928232
600654.SH,1999-06-01,PASS_ROUNDING_INTERVAL_SET,True,0.0,inf,-4.630000000000001,-4.619999999999999,True,True,0.46068724519510773,0.46185206755969715
600657.SH,1993-09-17,PASS_ROUNDING_INTERVAL_SET,True,0.0,0.08333333333333395,0.30770833333332903,0.31270833333332904,False,True,0.06387585709130278,0.06404293381037568
600657.SH,1993-11-05,PASS_ROUNDING_INTERVAL_SET,True,0.0,0.08333333333333395,0.27895833333332987,0.28395833333332987,False,True,0.06660706303084488,0.06678460858027421
600657.SH,1994-05-24,PASS_ROUNDING_INTERVAL_SET,True,0.0,0.125,0.29531250000000003,0.30031250000000004,False,True,0.11242603550295859,0.11259382819015847
600657.SH,1994-11-24,PASS_ROUNDING_INTERVAL_SET,True,0.0,0.24999999999999445,-0.05062499999998715,-0.04562499999998715,False,True,0.11400651465798048,0.11517761033369214
600657.SH,1994-11-29,PASS_ROUNDING_INTERVAL_SET,True,0.0,0.16666666666666544,0.14208333333333623,0.14708333333333623,False,True,0.11425462459194778,0.11493018259935553
600657.SH,1994-12-02,PASS_ROUNDING_INTERVAL_SET,True,0.0,0.2000000000000009,0.062499999999997946,0.06749999999999795,False,True,0.11351351351351352,0.11443850267379681
600657.SH,1995-01-03,PASS_ROUNDING_INTERVAL_SET,True,0.0,0.25,-0.04437500000000005,-0.03937500000000005,False,True,0.11432009626955474,0.11561382598331346
600657.SH,1995-01-13,PASS_ROUNDING_INTERVAL_SET,True,0.0,0.3333333333333309,-0.20583333333332837,-0.20083333333332837,False,True,0.11475409836065574,0.11639549436795996
600657.SH,1995-01-16,PASS_ROUNDING_INTERVAL_SET,True,0.0,0.9999999999999778,-1.4974999999999568,-1.4924999999999566,False,True,0.11454311454311455,0.11681643132220797
600657.SH,1995-01-18,PASS_ROUNDING_INTERVAL_SET,True,0.0,0.3333333333333309,-0.19916666666666188,-0.19416666666666188,False,True,0.11513583441138422,0.11681643132220797
600657.SH,1995-02-21,PASS_ROUNDING_INTERVAL_SET,True,0.0,0.19999999999999912,0.056500000000001604,0.06150000000000161,False,True,0.11533242876526457,0.11646586345381525
600657.SH,1995-04-25,PASS_ROUNDING_INTERVAL_SET,True,0.0,0.19999999999999735,0.0625000000000056,0.06750000000000561,False,True,0.11479289940828404,0.11578947368421051
600657.SH,1995-05-03,PASS_ROUNDING_INTERVAL_SET,True,0.0,0.2000000000000009,0.07449999999999818,0.07949999999999818,False,True,0.11860174781523096,0.11960542540073983
600657.SH,1995-05-09,PASS_ROUNDING_INTERVAL_SET,True,0.0,0.3333333333333309,-0.19416666666666182,-0.18916666666666182,False,True,0.11757269279393172,0.11919698870765369
600657.SH,1995-05-15,PASS_ROUNDING_INTERVAL_SET,True,0.0,0.19999999999999912,0.07250000000000173,0.07750000000000173,False,True,0.11847133757961784,0.11949685534591194
600657.SH,1995-05-16,PASS_ROUNDING_INTERVAL_SET,True,0.0,0.19999999999999912,0.07250000000000173,0.07750000000000173,False,True,0.11847133757961784,0.11949685534591194
600657.SH,1995-11-17,PASS_ROUNDING_INTERVAL_SET,True,0.0,0.19999999999999735,0.08050000000000712,0.08550000000000713,False,True,0.11506080449017773,0.11584800741427247
600657.SH,1995-11-21,PASS_ROUNDING_INTERVAL_SET,True,0.0,0.19999999999999735,0.08050000000000712,0.08550000000000713,False,True,0.11506080449017773,0.11584800741427247
600657.SH,1995-12-04,PASS_ROUNDING_INTERVAL_SET,True,0.0,0.3333333333333309,-0.24416666666666065,-0.23916666666666064,False,True,0.11637487126673532,0.11770726714431934
600657.SH,1995-12-05,PASS_ROUNDING_INTERVAL_SET,True,0.0,0.24999999999999445,-0.046874999999986455,-0.04187499999998645,False,True,0.11542390194075587,0.11651469098277607
600657.SH,1995-12-18,PASS_ROUNDING_INTERVAL_SET,True,0.0,0.16666666666666544,0.1545833333333363,0.1595833333333363,False,True,0.11632870864461048,0.11696522655426765
600657.SH,1996-01-18,PASS_ROUNDING_INTERVAL_SET,True,0.0,0.1666666666666679,0.14458333333333073,0.14958333333333074,False,True,0.11771700356718193,0.11840562719812428
600657.SH,1996-01-24,PASS_ROUNDING_INTERVAL_SET,True,0.0,0.19999999999999735,0.07450000000000573,0.07950000000000573,False,True,0.11730545876887341,0.11825487944890929
600657.SH,1996-01-29,PASS_ROUNDING_INTERVAL_SET,True,0.0,0.16666666666666544,0.14958333333333607,0.15458333333333607,False,True,0.11744583808437857,0.11811023622047244
600657.SH,1996-02-02,PASS_ROUNDING_INTERVAL_SET,True,0.0,0.19999999999999735,0.0755000000000059,0.0805000000000059,False,True,0.11717861205915815,0.11811023622047244
600657.SH,1996-03-22,PASS_ROUNDING_INTERVAL_SET,True,0.0,0.1428571428571424,0.2182142857142868,0.2232142857142868,False,True,0.11637487126673532,0.11675126903553298
600657.SH,1996-03-29,PASS_ROUNDING_INTERVAL_SET,True,0.0,0.25,-0.04312499999999997,-0.038124999999999964,False,True,0.11583421891604677,0.11696522655426765
600657.SH,1996-09-09,PASS_ROUNDING_INTERVAL_SET,True,0.0,0.16666666666666544,0.1687500000000029,0.1737500000000029,False,True,0.11882229232386961,0.11941848390446519
600664.SH,2007-01-17,PASS_ROUNDING_INTERVAL_SET,True,0.0,inf,-6.32,-6.3100000000000005,True,True,0.25251330573625075,0.25369603784742756
600666.SH,1993-09-15,PASS_ROUNDING_INTERVAL_SET,True,0.0,0.09090909090908944,0.48295454545455574,0.48795454545455563,False,True,0.08074534161490685,0.08082638637187387
600666.SH,1995-07-13,PASS_ROUNDING_INTERVAL_SET,True,0.0,0.1428571428571424,0.31035714285714444,0.31535714285714445,False,True,0.11450381679389313,0.11477663230240549
600666.SH,1996-01-29,PASS_ROUNDING_INTERVAL_SET,True,0.0,0.2000000000000009,0.06449999999999767,0.06949999999999767,False,True,0.11288711288711288,0.11374876360039564
600666.SH,1996-03-13,PASS_ROUNDING_INTERVAL_SET,True,0.0,0.3333333333333309,-0.28583333333332683,-0.28083333333332683,False,True,0.11258278145695363,0.11382878645343367
600666.SH,1996-03-14,PASS_ROUNDING_INTERVAL_SET,True,0.0,0.25,-0.06187500000000001,-0.05687500000000001,False,True,0.1132254995242626,0.11425873465533522
600666.SH,1996-03-26,PASS_ROUNDING_INTERVAL_SET,True,0.0,0.2000000000000009,0.06949999999999767,0.07449999999999768,False,True,0.1132254995242626,0.11404335532516494
600666.SH,1996-03-28,PASS_ROUNDING_INTERVAL_SET,True,0.0,0.2000000000000009,0.06849999999999767,0.07349999999999768,False,True,0.1132623426911907,0.11409395973154363
600666.SH,1996-04-02,PASS_ROUNDING_INTERVAL_SET,True,0.0,0.24999999999999445,-0.06312499999998578,-0.05812499999998577,False,True,0.11263467189030363,0.11370262390670552
600666.SH,1996-04-09,PASS_ROUNDING_INTERVAL_SET,True,0.0,0.19999999999999735,0.068500000000007,0.073500000000007,False,True,0.11301044634377969,0.11382878645343367
600666.SH,1996-04-10,PASS_ROUNDING_INTERVAL_SET,True,0.0,0.25,-0.06187500000000001,-0.05687500000000001,False,True,0.1132254995242626,0.11425873465533522
600666.SH,2001-10-23,PASS_ROUNDING_INTERVAL_SET,True,0.0,inf,-8.34,-8.329999999999998,True,True,0.23800822293284604,0.23892188213796256
600667.SH,1995-02-15,PASS_ROUNDING_INTERVAL_SET,True,0.0,0.49999999999998856,-0.6387499999999849,-0.6337499999999849,False,True,0.0057361376673040155,0.009487666034155597
600667.SH,2006-03-24,PASS_ROUNDING_INTERVAL_SET,True,0.0,0.9999999999999771,-0.9924999999999758,-0.9874999999999761,False,True,0.02625298329355609,0.030878859857482188
600675.SH,1995-06-28,PASS_ROUNDING_INTERVAL_SET,True,0.0,0.07142857142857113,-0.9005357142857106,-0.8955357142857105,False,True,0.00019719976336028398,0.0005883506569915669
600675.SH,1997-09-30,PASS_ROUNDING_INTERVAL_SET,True,0.0,0.11111111111111131,-0.4563888888888898,-0.4513888888888898,False,True,0.005975013579576317,0.006993006993006993
600682.SH,1995-05-09,PASS_ROUNDING_INTERVAL_SET,True,0.0,0.49999999999999967,-0.9237499999999993,-0.9187499999999993,False,True,0.0039946737683089215,0.006622516556291392
600682.SH,1995-05-15,PASS_ROUNDING_INTERVAL_SET,True,0.0,0.33333333333333065,-0.6108333333333282,-0.6058333333333282,False,True,0.0039946737683089215,0.0066050198150594455
600682.SH,1995-05-17,PASS_ROUNDING_INTERVAL_SET,True,0.0,0.4999999999999884,-0.9237499999999784,-0.9187499999999784,False,True,0.0013458950201884253,0.004016064257028112
600682.SH,1995-11-17,PASS_ROUNDING_INTERVAL_SET,True,0.0,0.3333333333333309,-0.5808333333333278,-0.5758333333333279,False,True,0.038588754134509365,0.04052573932092004
600682.SH,1995-12-04,PASS_ROUNDING_INTERVAL_SET,True,0.0,0.4999999999999889,-0.9337499999999761,-0.9287499999999762,False,True,0.03157894736842106,0.033760186263096625
600682.SH,1996-04-03,PASS_ROUNDING_INTERVAL_SET,True,0.0,0.3333333333333309,-0.5774999999999952,-0.5724999999999952,False,True,0.019157088122605363,0.021546261089987327
600682.SH,1996-04-04,PASS_ROUNDING_INTERVAL_SET,True,0.0,0.24999999999999722,-0.4131249999999945,-0.4081249999999945,False,True,0.01920614596670935,0.021546261089987327
600682.SH,2004-12-30,PASS_ROUNDING_INTERVAL_SET,True,0.0,0.4999999999999778,-0.6862499999999221,-0.6812499999999222,False,True,0.15203426124197006,0.15302491103202845
600684.SH,1994-07-07,PASS_ROUNDING_INTERVAL_SET,True,0.0,0.1666666666666679,-0.21125000000000319,-0.20625000000000318,False,True,0.042033235581622676,0.04347826086956522
600684.SH,1995-05-02,PASS_ROUNDING_INTERVAL_SET,True,0.0,0.1666666666666679,-0.1645833333333377,-0.15958333333333768,False,True,0.05966930265995686,0.06058446186742694
600684.SH,1995-05-03,PASS_ROUNDING_INTERVAL_SET,True,0.0,0.2000000000000009,-0.28150000000000314,-0.27650000000000313,False,True,0.05958363244795405,0.06058446186742694
600684.SH,1995-11-24,PASS_ROUNDING_INTERVAL_SET,True,0.0,0.25,-0.316875,-0.311875,False,True,0.08008504606661941,0.0810429880197322
600684.SH,1995-12-05,PASS_ROUNDING_INTERVAL_SET,True,0.0,0.3333333333333309,-0.6124999999999914,-0.6074999999999913,False,True,0.07997169143665958,0.0810429880197322
600684.SH,2004-08-02,PASS_ROUNDING_INTERVAL_SET,True,0.0,0.24999999999999445,-0.2693749999999878,-0.2643749999999878,False,True,0.06314580941446614,0.06484641638225257
600684.SH,2004-09-06,PASS_ROUNDING_INTERVAL_SET,True,0.0,0.25,-0.27437500000000004,-0.26937500000000003,False,True,0.0602125147579693,0.06198830409356725
600684.SH,2005-06-21,PASS_ROUNDING_INTERVAL_SET,True,0.0,0.3333333333333309,-0.4524999999999962,-0.4474999999999962,False,True,0.020933977455716585,0.02392344497607656
600684.SH,2005-12-20,PASS_ROUNDING_INTERVAL_SET,True,0.0,0.49999999999999933,-0.703749999999999,-0.698749999999999,False,True,0.015025041736227046,0.01824212271973466
600684.SH,2005-12-21,PASS_ROUNDING_INTERVAL_SET,True,0.0,0.24999999999999967,-0.3281249999999995,-0.3231249999999995,False,True,0.015075376884422113,0.01818181818181818
600684.SH,2005-12-22,PASS_ROUNDING_INTERVAL_SET,True,0.0,0.33333333333333043,-0.4524999999999957,-0.4474999999999956,False,True,0.015075376884422113,0.01824212271973466
600684.SH,2005-12-23,PASS_ROUNDING_INTERVAL_SET,True,0.0,0.33333333333333043,-0.4524999999999957,-0.4474999999999956,False,True,0.015075376884422113,0.01824212271973466
600684.SH,2005-12-28,PASS_ROUNDING_INTERVAL_SET,True,0.0,0.49999999999999933,-0.7062499999999989,-0.7012499999999989,False,True,0.014975041597337773,0.01818181818181818
600688.SH,2002-08-23,PASS_ROUNDING_INTERVAL_SET,True,0.0,1.0000000000000222,-1.8775000000000444,-1.8725000000000442,False,True,0.031210986267166042,0.033623910336239106
600691.SH,1995-02-08,PASS_ROUNDING_INTERVAL_SET,True,0.0,0.2,0.2054999999999999,0.2104999999999998,False,True,0.12141740489838457,0.12182477967858993
600691.SH,1995-12-28,PASS_ROUNDING_INTERVAL_SET,True,0.0,0.2000000000000009,0.23049999999999748,0.2354999999999975,False,True,0.1401218450826806,0.14063848144952545
600691.SH,1996-03-28,PASS_ROUNDING_INTERVAL_SET,True,0.0,0.19999999999999735,0.23550000000000781,0.24050000000000782,False,True,0.13994910941475827,0.14045416316232126
600691.SH,1996-04-17,PASS_ROUNDING_INTERVAL_SET,True,0.0,0.24999999999999445,0.09187500000001703,0.09687500000001703,False,True,0.14004914004914007,0.14076484947111473
600691.SH,2005-05-09,PASS_ROUNDING_INTERVAL_SET,True,0.0,0.3333333333333309,0.0008333333333358506,0.005833333333335855,False,True,0.16707021791767554,0.16945107398568016
600691.SH,2005-05-10,PASS_ROUNDING_INTERVAL_SET,True,0.0,0.9999999999999778,-0.6574999999999782,-0.6524999999999781,False,True,0.16539440203562342,0.16962025316455698
600691.SH,2005-07-19,PASS_ROUNDING_INTERVAL_SET,True,0.0,0.3333333333333309,-0.0008333333333312432,0.004166666666668761,False,True,0.1661807580174927,0.16905444126074495
600691.SH,2005-07-28,PASS_ROUNDING_INTERVAL_SET,True,0.0,0.2499999999999986,0.07687500000000128,0.08187500000000128,False,True,0.16712328767123288,0.1689008042895442
600691.SH,2005-12-14,PASS_ROUNDING_INTERVAL_SET,True,0.0,0.3333333333333309,0.0025000000000027778,0.007500000000002782,False,True,0.16778523489932887,0.16997792494481237
600691.SH,2005-12-15,PASS_ROUNDING_INTERVAL_SET,True,0.0,0.5,-0.18625000000000003,-0.18125000000000002,False,True,0.16703786191536749,0.16997792494481237
600691.SH,2005-12-16,PASS_ROUNDING_INTERVAL_SET,True,0.0,0.5,-0.18374999999999997,-0.17874999999999996,False,True,0.16778523489932887,0.17073170731707318
600691.SH,2005-12-19,PASS_ROUNDING_INTERVAL_SET,True,0.0,0.9999999999999778,-0.7424999999999751,-0.7374999999999752,False,True,0.16778523489932887,0.1714922048997773
600691.SH,2005-12-22,PASS_ROUNDING_INTERVAL_SET,True,0.0,0.3333333333333309,0.0008333333333360171,0.0058333333333360216,False,True,0.16704805491990846,0.1693002257336343
600691.SH,2006-01-11,PASS_ROUNDING_INTERVAL_SET,True,0.0,0.3333333333333309,0.0025000000000029443,0.007500000000002949,False,True,0.16772823779193208,0.16981132075471697
600691.SH,2006-02-07,PASS_ROUNDING_INTERVAL_SET,True,0.0,0.3333333333333309,0.0008333333333362947,0.005833333333336299,False,True,0.1670190274841438,0.16910229645093947
600691.SH,2006-02-13,PASS_ROUNDING_INTERVAL_SET,True,0.0,0.25,0.10062500000000002,0.10562500000000002,False,True,0.16772823779193208,0.16910229645093947
600691.SH,2006-02-15,PASS_ROUNDING_INTERVAL_SET,True,0.0,0.9999999999999778,-0.807499999999973,-0.8024999999999729,False,True,0.1670103092783505,0.1704312114989733
600691.SH,2006-02-21,PASS_ROUNDING_INTERVAL_SET,True,0.0,0.25,0.10062500000000002,0.10562500000000002,False,True,0.16772823779193208,0.16910229645093947
600691.SH,2006-02-22,PASS_ROUNDING_INTERVAL_SET,True,0.0,0.5,-0.19374999999999998,-0.18874999999999997,False,True,0.16772823779193208,0.1705263157894737
600691.SH,2006-02-27,PASS_ROUNDING_INTERVAL_SET,True,0.0,0.4999999999999889,-0.19624999999998682,-0.19124999999998682,False,True,0.1670190274841438,0.16981132075471697
600691.SH,2006-04-04,PASS_ROUNDING_INTERVAL_SET,True,0.0,0.3333333333333309,0.0025000000000028333,0.007500000000002838,False,True,0.16775599128540306,0.16989247311827957
600691.SH,2006-04-06,PASS_ROUNDING_INTERVAL_SET,True,0.0,0.5,-0.18874999999999997,-0.18374999999999997,False,True,0.16775599128540306,0.17062634989200864
600691.SH,2008-09-23,PASS_ROUNDING_INTERVAL_SET,True,0.0,0.9999999999999556,-0.6974999999999216,-0.6924999999999215,False,True,0.30212765957446813,0.30410183875530405
600692.SH,1996-03-14,PASS_ROUNDING_INTERVAL_SET,True,0.0,0.3333333333333333,0.07750000000000012,0.08250000000000002,False,True,0.17702070808283235,0.17764471057884232
600693.SH,1995-12-14,PASS_ROUNDING_INTERVAL_SET,True,0.0,0.16666666666666544,-0.35708333333332987,-0.35208333333332986,False,True,0.020300088261253308,0.021834061135371178
600693.SH,1996-03-21,PASS_ROUNDING_INTERVAL_SET,True,0.0,0.33333333333333054,-0.7991666666666598,-0.7941666666666598,False,True,0.00505561172901921,0.0070351758793969835
600693.SH,1996-03-28,PASS_ROUNDING_INTERVAL_SET,True,0.0,0.33333333333333065,-0.7924999999999934,-0.7874999999999934,False,True,0.0030959752321981426,0.005128205128205128
600693.SH,1996-04-02,PASS_ROUNDING_INTERVAL_SET,True,0.0,0.4999999999999884,-1.1937499999999723,-1.1887499999999722,False,True,0.0010427528675703858,0.0031152647975077876
600693.SH,1996-06-25,PASS_ROUNDING_INTERVAL_SET,True,0.0,0.3333333333333309,-0.8341666666666596,-0.8291666666666596,False,True,0.021720243266724587,0.023336214347450302
600693.SH,2003-08-25,PASS_ROUNDING_INTERVAL_SET,True,0.0,0.25,-0.30437500000000006,-0.29937500000000006,False,True,0.07554833468724613,0.07667473769168684
600693.SH,2005-11-21,PASS_ROUNDING_INTERVAL_SET,True,0.0,0.24999999999999722,-0.3981249999999945,-0.3931249999999945,False,True,0.024081115335868188,0.026348808030112924
600698.SH,2004-08-12,PASS_ROUNDING_INTERVAL_SET,True,0.0,inf,-0.5800000000000001,-0.5700000000000003,True,True,0.7675350701402806,0.7715430861723446
600699.SH,1994-02-16,PASS_ROUNDING_INTERVAL_SET,True,0.0,0.3333333333333309,-0.5124999999999948,-0.5074999999999947,False,True,0.045936395759717315,0.047953216374269005
600699.SH,1996-04-09,PASS_ROUNDING_INTERVAL_SET,True,0.0,0.4999999999999889,-0.6662499999999785,-0.6612499999999784,False,True,0.07850707850707851,0.08066581306017925
600711.SH,2005-04-22,PASS_ROUNDING_INTERVAL_SET,True,0.0,0.1666666666666679,-0.20041666666667102,-0.195416666666671,False,True,0.05430847212165098,0.05527638190954774
600711.SH,2006-03-28,PASS_ROUNDING_INTERVAL_SET,True,0.0,0.16666666666666544,-0.23874999999999624,-0.23374999999999624,False,True,0.04383788254755997,0.04504504504504504
600715.SH,2000-04-10,PASS_ROUNDING_INTERVAL_SET,True,0.0,inf,-8.18,-8.169999999999998,True,True,0.305897327110734,0.30674586338565973
600725.SH,1999-01-18,PASS_ROUNDING_INTERVAL_SET,True,0.0,0.3333333333333309,-0.4391666666666575,-0.4341666666666574,False,True,0.10783657066309445,0.10873915943962642
600725.SH,2003-06-24,PASS_ROUNDING_INTERVAL_SET,True,0.0,0.2500000000000111,0.07062499999993799,0.07562499999993788,False,True,0.13133124159569698,0.1317552478785172
600725.SH,2003-08-08,PASS_ROUNDING_INTERVAL_SET,True,0.0,0.5000000000000444,-1.21125000000022,-1.20625000000022,False,True,0.12771327612317013,0.12846347607052896
600725.SH,2003-08-13,PASS_ROUNDING_INTERVAL_SET,True,0.0,0.5,-1.20125,-1.19625,False,True,0.12723556463975474,0.12799592044875063
600736.SH,1997-01-10,PASS_ROUNDING_INTERVAL_SET,True,0.0,0.08333333333333519,-0.04312500000001451,-0.03812500000001451,False,True,0.03889424622307939,0.03923444976076555
600739.SH,1999-12-30,PASS_ROUNDING_INTERVAL_SET,True,0.0,0.111111111111107,-0.8197222222221761,-0.8147222222221759,False,True,0.018968980138361975,0.01933763058457435
600739.SH,2002-12-25,PASS_ROUNDING_INTERVAL_SET,True,0.0,0.333333333333321,-1.799166666666565,-1.7941666666665648,False,True,0.0573944731248102,0.057896332221885415
600739.SH,2003-01-06,PASS_ROUNDING_INTERVAL_SET,True,0.0,0.19999999999998314,-0.707499999999863,-0.7024999999998629,False,True,0.05639445300462251,0.05683563748079876
600739.SH,2003-03-12,PASS_ROUNDING_INTERVAL_SET,True,0.0,0.19999999999999735,-0.7014999999999781,-0.6964999999999782,False,True,0.0573944731248102,0.057826218589161364
600739.SH,2003-08-06,PASS_ROUNDING_INTERVAL_SET,True,0.0,0.20000000000000445,-0.7265000000000346,-0.7215000000000344,False,True,0.05287058060330846,0.0533462657613967
600739.SH,2003-09-01,PASS_ROUNDING_INTERVAL_SET,True,0.0,0.25000000000001665,-1.1106250000001285,-1.1056250000001284,False,True,0.05290490100616682,0.053415344771770804
600739.SH,2003-09-03,PASS_ROUNDING_INTERVAL_SET,True,0.0,0.16666666666667038,-0.46875000000002864,-0.46375000000002875,False,True,0.05290490100616682,0.0533462657613967
600739.SH,2003-09-08,PASS_ROUNDING_INTERVAL_SET,True,0.0,0.16666666666667038,-0.47458333333336167,-0.46958333333336155,False,True,0.05218247456514604,0.052631578947368425
600743.SH,2006-03-10,PASS_ROUNDING_INTERVAL_SET,True,0.0,0.5,-0.06874999999999998,-0.06374999999999997,False,True,0.2129380053908356,0.21600000000000003
600743.SH,2006-03-13,PASS_ROUNDING_INTERVAL_SET,True,0.0,0.5,-0.06874999999999998,-0.06374999999999997,False,True,0.2129380053908356,0.21600000000000003
600743.SH,2006-06-08,PASS_ROUNDING_INTERVAL_SET,True,0.0,inf,-2.4,-2.3899999999999997,True,True,0.26267281105990786,0.2657450076804916
600746.SH,1996-12-17,PASS_ROUNDING_INTERVAL_SET,True,0.0,0.5000000000000555,-2.7037500000003423,-2.6987500000003424,False,True,0.03045066991473812,0.03121199837859749
600751.SH,1997-02-18,PASS_ROUNDING_INTERVAL_SET,True,0.0,inf,-8.240000000000002,-8.23,True,True,0.2652697280427998,0.26616139099420416
600753.SH,1997-04-28,PASS_ROUNDING_INTERVAL_SET,True,0.0,inf,-8.870000000000001,-8.86,True,True,0.2797401542833942,0.28055217214778727
600753.SH,2005-07-18,PASS_ROUNDING_INTERVAL_SET,True,0.0,22517998136852.0,-27528252722300.473,-27528252722300.47,False,True,0.44785276073619645,0.4519427402862985
600760.SH,2008-06-10,PASS_ROUNDING_INTERVAL_SET,True,0.0,inf,-4.7,-4.69,True,True,0.15085817524841913,0.15266485998193313
600763.SH,2007-01-16,PASS_ROUNDING_INTERVAL_SET,True,0.0,0.9999999999999112,-1.7324999999997346,-1.7274999999997342,False,True,0.21004184100418413,0.2113617376775271
600763.SH,2007-01-22,PASS_ROUNDING_INTERVAL_SET,True,0.0,0.9999999999999112,-1.9174999999996774,-1.912499999999677,False,True,0.23606331727460428,0.23711340206185563
600777.SH,1996-11-27,PASS_ROUNDING_INTERVAL_SET,True,0.0,0.03448275862068979,0.3373275862068956,0.34232758620689563,False,False,,
600777.SH,1996-11-28,PASS_ROUNDING_INTERVAL_SET,True,0.0,0.04761904761904787,0.24869047619047446,0.25369047619047447,False,True,0.04252916823485133,0.04260837347165617
600777.SH,1997-04-01,PASS_ROUNDING_INTERVAL_SET,True,0.0,0.03448275862068958,0.3633620689655178,0.3683620689655178,False,False,,
600777.SH,1997-04-08,PASS_ROUNDING_INTERVAL_SET,True,0.0,0.0526315789473691,0.21907894736841566,0.22407894736841566,False,True,0.04017715912685858,0.04032510159424821
600777.SH,1997-04-17,PASS_ROUNDING_INTERVAL_SET,True,0.0,0.04999999999999934,0.24312500000000553,0.24812500000000554,False,True,0.03975720789074356,0.039880059970014994
600777.SH,1997-11-03,PASS_ROUNDING_INTERVAL_SET,True,0.0,0.052631578947368605,0.376973684210525,0.381973684210525,False,False,,
600777.SH,1997-11-04,PASS_ROUNDING_INTERVAL_SET,True,0.0,0.0625000000000007,0.31109374999999523,0.31609374999999523,False,True,0.054183560633984516,0.05428051001821494
600777.SH,1998-02-27,PASS_ROUNDING_INTERVAL_SET,True,0.0,0.06666666666666578,0.3181666666666756,0.3231666666666756,False,True,0.049237690577355664,0.04936740262962044
600777.SH,1999-03-26,PASS_ROUNDING_INTERVAL_SET,True,0.0,0.12500000000000278,0.2846874999999871,0.2896874999999871,False,True,0.09316101238556812,0.09343299519487455
600777.SH,1999-09-08,PASS_ROUNDING_INTERVAL_SET,True,0.0,0.10000000000000223,0.4297499999999884,0.4347499999999884,False,True,0.09170305676855893,0.09178279673234022
600777.SH,1999-09-23,PASS_ROUNDING_INTERVAL_SET,True,0.0,0.11111111111111358,0.3724999999999872,0.3774999999999872,False,True,0.09170305676855893,0.09187109187109187
600777.SH,1999-10-21,PASS_ROUNDING_INTERVAL_SET,True,0.0,0.14285714285714604,0.2003571428571278,0.2053571428571278,False,True,0.09264160931709899,0.09301103520756701
600777.SH,2002-08-30,PASS_ROUNDING_INTERVAL_SET,True,0.0,0.20000000000000445,-0.0485000000000223,-0.04350000000002241,False,True,0.09516691579471848,0.09568666336142786
600777.SH,2002-11-06,PASS_ROUNDING_INTERVAL_SET,True,0.0,0.12500000000000278,0.29468749999998745,0.29968749999998745,False,True,0.0953708867819297,0.09563294637921503
600777.SH,2002-12-09,PASS_ROUNDING_INTERVAL_SET,True,0.0,0.1428571428571442,0.18249999999999478,0.18749999999999478,False,True,0.09502262443438914,0.0954516335682255
600777.SH,2003-10-16,PASS_ROUNDING_INTERVAL_SET,True,0.0,0.1666666666666679,0.07624999999999582,0.08124999999999583,False,True,0.0947054436987323,0.09534368070953438
600777.SH,2004-11-09,PASS_ROUNDING_INTERVAL_SET,True,0.0,0.25,-0.00687500000000002,-0.0018750000000000155,False,True,0.1232528589580686,0.12452830188679245
600777.SH,2004-12-24,PASS_ROUNDING_INTERVAL_SET,True,0.0,0.25,-0.0068749999999999645,-0.00187499999999996,False,True,0.12328767123287672,0.124537607891492
600777.SH,2005-01-10,PASS_ROUNDING_INTERVAL_SET,True,0.0,0.16666666666666544,0.1579166666666691,0.1629166666666691,False,True,0.12356687898089172,0.12421580928481805
600777.SH,2005-03-16,PASS_ROUNDING_INTERVAL_SET,True,0.0,0.16666666666666544,0.15458333333333568,0.1595833333333357,False,True,0.1235370611183355,0.12419974391805376
600777.SH,2005-05-20,PASS_ROUNDING_INTERVAL_SET,True,0.0,0.3333333333333358,-0.14250000000000396,-0.13750000000000395,False,True,0.12248062015503876,0.12442396313364057
600777.SH,2005-07-06,PASS_ROUNDING_INTERVAL_SET,True,0.0,0.25,-0.00687500000000002,-0.0018750000000000155,False,True,0.1226890756302521,0.12437810945273631
600777.SH,2005-08-24,PASS_ROUNDING_INTERVAL_SET,True,0.0,0.19999999999999912,0.07050000000000134,0.07550000000000134,False,True,0.12315270935960591,0.12439418416801291
600777.SH,2005-09-02,PASS_ROUNDING_INTERVAL_SET,True,0.0,0.19999999999999912,0.07350000000000145,0.07850000000000146,False,True,0.12286158631415242,0.12404287901990813
600777.SH,2005-09-23,PASS_ROUNDING_INTERVAL_SET,True,0.0,0.16666666666666666,0.12458333333333338,0.12958333333333338,False,True,0.1232,0.1240188383045526
600777.SH,2005-09-26,PASS_ROUNDING_INTERVAL_SET,True,0.0,0.16666666666666666,0.12458333333333338,0.12958333333333338,False,True,0.1232,0.1240188383045526
600777.SH,2005-09-30,PASS_ROUNDING_INTERVAL_SET,True,0.0,0.25,-0.008124999999999993,-0.003124999999999989,False,True,0.12234910277324633,0.12399355877616748
600777.SH,2005-10-24,PASS_ROUNDING_INTERVAL_SET,True,0.0,0.25,-0.005624999999999991,-0.0006249999999999867,False,True,0.12315270935960591,0.12479740680713128
600777.SH,2005-11-08,PASS_ROUNDING_INTERVAL_SET,True,0.0,0.24999999999999722,-0.008124999999995941,-0.0031249999999959366,False,True,0.12220309810671257,0.12393887945670627
600777.SH,2005-11-14,PASS_ROUNDING_INTERVAL_SET,True,0.0,0.3333333333333309,-0.1241666666666632,-0.1191666666666632,False,True,0.12255772646536411,0.12478031634446396
600777.SH,2005-11-15,PASS_ROUNDING_INTERVAL_SET,True,0.0,0.24999999999999722,-0.008124999999996052,-0.0031249999999960476,False,True,0.12212389380530973,0.12390924956369981
600777.SH,2005-11-21,PASS_ROUNDING_INTERVAL_SET,True,0.0,0.5,-0.37375,-0.36875,False,True,0.12178387650085762,0.12436115843270869
600777.SH,2005-12-06,PASS_ROUNDING_INTERVAL_SET,True,0.0,0.25,-0.0068749999999999645,-0.00187499999999996,False,True,0.12248628884826326,0.12432432432432435
600777.SH,2005-12-07,PASS_ROUNDING_INTERVAL_SET,True,0.0,0.25,-0.0068749999999999645,-0.00187499999999996,False,True,0.12248628884826326,0.12432432432432435
600777.SH,2005-12-15,PASS_ROUNDING_INTERVAL_SET,True,0.0,0.24999999999999722,-0.008124999999996052,-0.0031249999999960476,False,True,0.12212389380530973,0.12390924956369981
600777.SH,2005-12-16,PASS_ROUNDING_INTERVAL_SET,True,0.0,0.3333333333333309,-0.1241666666666632,-0.1191666666666632,False,True,0.12255772646536411,0.12478031634446396
600777.SH,2005-12-20,PASS_ROUNDING_INTERVAL_SET,True,0.0,0.3333333333333309,-0.1274999999999965,-0.1224999999999965,False,True,0.12169312169312169,0.12390924956369981
600777.SH,2006-01-04,PASS_ROUNDING_INTERVAL_SET,True,0.0,0.24999999999999722,-0.008124999999995941,-0.0031249999999959366,False,True,0.12220309810671257,0.12393887945670627
600777.SH,2006-01-06,PASS_ROUNDING_INTERVAL_SET,True,0.0,0.16666666666666666,0.11791666666666667,0.12291666666666667,False,True,0.12310286677908938,0.12396694214876033
600777.SH,2006-01-16,PASS_ROUNDING_INTERVAL_SET,True,0.0,0.16666666666666666,0.12125000000000002,0.12625000000000003,False,True,0.12315270935960591,0.12399355877616748
600777.SH,2006-02-17,PASS_ROUNDING_INTERVAL_SET,True,0.0,0.19999999999999912,0.07050000000000134,0.07550000000000134,False,True,0.12315270935960591,0.12439418416801291
600777.SH,2006-02-22,PASS_ROUNDING_INTERVAL_SET,True,0.0,0.3333333333333309,-0.13749999999999618,-0.13249999999999618,False,True,0.12195121951219513,0.12399355877616748
600777.SH,2006-02-23,PASS_ROUNDING_INTERVAL_SET,True,0.0,0.19999999999999912,0.07050000000000134,0.07550000000000134,False,True,0.12315270935960591,0.12439418416801291
600777.SH,2006-02-27,PASS_ROUNDING_INTERVAL_SET,True,0.0,0.25,-0.005624999999999991,-0.0006249999999999867,False,True,0.1232,0.12480252764612955
600777.SH,2006-03-13,PASS_ROUNDING_INTERVAL_SET,True,0.0,0.3333333333333309,-0.13416666666666288,-0.12916666666666288,False,True,0.12274959083469723,0.12479740680713128
600777.SH,2006-03-14,PASS_ROUNDING_INTERVAL_SET,True,0.0,0.3333333333333309,-0.1358333333333296,-0.13083333333332958,False,True,0.12234910277324633,0.12439418416801291
600777.SH,2006-09-12,PASS_ROUNDING_INTERVAL_SET,True,0.0,0.3333333333333309,0.06250000000000411,0.06750000000000411,False,True,0.18552036199095023,0.18684603886397608
600782.SH,2012-09-26,PASS_ROUNDING_INTERVAL_SET,True,0.0,inf,-3.7499999999999996,-3.7399999999999998,True,True,0.07521578298397041,0.0776818742293465
600785.SH,1998-02-13,PASS_ROUNDING_INTERVAL_SET,True,0.0,inf,-11.91,-11.9,True,True,0.024170421958213846,0.02498975829578042
600787.SH,1999-04-08,PASS_ROUNDING_INTERVAL_SET,True,0.0,0.08333333333333383,-0.4914583333333365,-0.4864583333333365,False,True,0.0034951456310679616,0.004232397075798385
600794.SH,1997-09-17,PASS_ROUNDING_INTERVAL_SET,True,0.0,0.043478260869565515,0.019021739130433424,0.024021739130433428,False,True,0.02384914032168608,0.024337479718766902
600794.SH,1997-09-18,PASS_ROUNDING_INTERVAL_SET,True,0.0,0.06666666666666736,-0.0861666666666698,-0.0811666666666698,False,True,0.023796347537354733,0.024496461622210128
600794.SH,1997-09-19,PASS_ROUNDING_INTERVAL_SET,True,0.0,0.07142857142857302,-0.10839285714286442,-0.10339285714286442,False,True,0.02374378796245168,0.02446982055464927
600794.SH,1997-10-07,PASS_ROUNDING_INTERVAL_SET,True,0.0,0.09090909090909073,-0.18886363636363565,-0.18386363636363565,False,True,0.021194605009633914,0.022165927802406588
600794.SH,1997-10-09,PASS_ROUNDING_INTERVAL_SET,True,0.0,0.06666666666666736,-0.09183333333333615,-0.08683333333333615,False,True,0.021861336664584632,0.02268546903740037
600794.SH,1997-10-10,PASS_ROUNDING_INTERVAL_SET,True,0.0,0.05882352941176478,-0.061323529411765026,-0.05632352941176502,False,True,0.02177971375233354,0.02254722730042657
600794.SH,1997-10-21,PASS_ROUNDING_INTERVAL_SET,True,0.0,0.0588235294117654,-0.05955882352941469,-0.054558823529414685,False,True,0.022248947684906793,0.022981732469063054
600794.SH,1998-03-06,PASS_ROUNDING_INTERVAL_SET,True,0.0,0.08333333333333519,-0.16187500000000823,-0.15687500000000823,False,True,0.023282226007950022,0.024089635854341738
600794.SH,1998-03-09,PASS_ROUNDING_INTERVAL_SET,True,0.0,0.0526315789473691,-0.026710526315792515,-0.02171052631579251,False,True,0.023282226007950022,0.023902167871039468
600794.SH,1998-03-17,PASS_ROUNDING_INTERVAL_SET,True,0.0,0.050000000000000225,-0.017875000000000973,-0.012875000000000969,False,True,0.022900763358778626,0.023522662076878947
600794.SH,1998-03-19,PASS_ROUNDING_INTERVAL_SET,True,0.0,0.10000000000000223,-0.2302500000000095,-0.2252500000000095,False,True,0.02292768959435626,0.023823358512492742
600794.SH,1998-07-08,PASS_ROUNDING_INTERVAL_SET,True,0.0,0.05000000000000067,0.03537499999999577,0.040374999999995775,False,True,0.027856277755349206,0.02820818434644418
600794.SH,1998-12-21,PASS_ROUNDING_INTERVAL_SET,True,0.0,0.16666666666667038,-0.5070833333333522,-0.5020833333333521,False,True,0.033151904997525974,0.0339399901623217
600794.SH,2002-09-18,PASS_ROUNDING_INTERVAL_SET,True,0.0,0.14285714285714604,-0.11892857142859159,-0.11392857142859159,False,True,0.06203081785855393,0.06247544204322201
600794.SH,2002-12-10,PASS_ROUNDING_INTERVAL_SET,True,0.0,0.20000000000000445,-0.48050000000002824,-0.47550000000002834,False,True,0.06203081785855393,0.06257378984651712
600794.SH,2004-11-25,PASS_ROUNDING_INTERVAL_SET,True,0.0,0.1666666666666679,-0.37541666666666995,-0.37041666666666995,False,True,0.01229895931882687,0.014031805425631434
600794.SH,2004-12-16,PASS_ROUNDING_INTERVAL_SET,True,0.0,0.19999999999999707,-0.4604999999999925,-0.4554999999999925,False,True,0.008902077151335314,0.010773751224289911
600794.SH,2004-12-27,PASS_ROUNDING_INTERVAL_SET,True,0.0,0.1428571428571422,-0.3174999999999984,-0.3124999999999984,False,True,0.008866995073891626,0.010689990281827015
600794.SH,2005-01-11,PASS_ROUNDING_INTERVAL_SET,True,0.0,0.1428571428571422,-0.3189285714285698,-0.31392857142856984,False,True,0.007063572149344098,0.008955223880597014
600794.SH,2005-03-11,PASS_ROUNDING_INTERVAL_SET,True,0.0,0.12499999999999845,-0.27156249999999604,-0.26656249999999604,False,True,0.008884501480750248,0.010689990281827015
600797.SH,1998-05-19,PASS_ROUNDING_INTERVAL_SET,True,0.0,0.14285714285714285,0.6275000000000002,0.6325000000000001,False,True,0.13662337662337665,0.1366683857658587
600800.SH,1994-07-12,PASS_ROUNDING_INTERVAL_SET,True,0.0,0.12499999999999722,0.8903125000000066,0.8953125000000065,False,False,,
600800.SH,1994-12-01,PASS_ROUNDING_INTERVAL_SET,True,0.0,0.14285714285713924,0.883928571428583,0.888928571428583,False,False,,
600800.SH,1994-12-02,PASS_ROUNDING_INTERVAL_SET,True,0.0,0.3333333333333235,0.2775000000000314,0.2825000000000313,False,True,0.2104018912529551,0.21098039215686273
600800.SH,1995-02-16,PASS_ROUNDING_INTERVAL_SET,True,0.0,0.24999999999999445,0.5568750000000168,0.5618750000000167,False,True,0.2180451127819549,0.21825726141078836
600800.SH,1995-04-19,PASS_ROUNDING_INTERVAL_SET,True,0.0,0.16666666666666174,0.8037500000000146,0.8087500000000145,False,False,,
600800.SH,1995-05-03,PASS_ROUNDING_INTERVAL_SET,True,0.0,0.16666666666666174,0.7995833333333469,0.8045833333333468,False,False,,
600800.SH,1995-08-09,PASS_ROUNDING_INTERVAL_SET,True,0.0,0.12499999999999584,0.9603125000000134,0.9653125000000133,False,False,,
600800.SH,1995-09-08,PASS_ROUNDING_INTERVAL_SET,True,0.0,0.12499999999999722,0.9634375000000092,0.968437500000009,False,False,,
600800.SH,1995-09-21,PASS_ROUNDING_INTERVAL_SET,True,0.0,0.24999999999999445,0.5681250000000174,0.5731250000000173,False,True,0.21641190667739343,0.21662669864108713
600800.SH,1995-10-16,PASS_ROUNDING_INTERVAL_SET,True,0.0,0.14285714285713924,0.8932142857142966,0.8982142857142965,False,False,,
600800.SH,1995-10-17,PASS_ROUNDING_INTERVAL_SET,True,0.0,0.14285714285713924,0.8932142857142966,0.8982142857142965,False,False,,
600800.SH,1995-10-27,PASS_ROUNDING_INTERVAL_SET,True,0.0,0.14285714285713924,0.8989285714285826,0.9039285714285825,False,False,,
600800.SH,1995-11-02,PASS_ROUNDING_INTERVAL_SET,True,0.0,0.12499999999999584,0.9534375000000129,0.9584375000000128,False,False,,
600800.SH,1995-11-07,PASS_ROUNDING_INTERVAL_SET,True,0.0,0.1666666666666642,0.8254166666666746,0.8304166666666745,False,False,,
600800.SH,1995-12-19,PASS_ROUNDING_INTERVAL_SET,True,0.0,0.12499999999999722,0.9228125000000073,0.9278125000000071,False,False,,
600800.SH,1996-01-24,PASS_ROUNDING_INTERVAL_SET,True,0.0,0.24999999999999445,0.6268750000000121,0.631875000000012,False,False,,
600800.SH,1996-03-27,PASS_ROUNDING_INTERVAL_SET,True,0.0,0.11111111111110782,0.9675000000000089,0.9725000000000088,False,False,,
600800.SH,1996-03-28,PASS_ROUNDING_INTERVAL_SET,True,0.0,0.12499999999999584,0.9303125000000113,0.9353125000000112,False,False,,
600800.SH,1996-04-04,PASS_ROUNDING_INTERVAL_SET,True,0.0,0.24999999999999445,0.5918750000000151,0.596875000000015,False,True,0.23491179201485612,0.23502304147465436
600800.SH,1996-04-15,PASS_ROUNDING_INTERVAL_SET,True,0.0,0.16666666666666174,0.8195833333333472,0.8245833333333471,False,False,,
600800.SH,1996-11-27,PASS_ROUNDING_INTERVAL_SET,True,0.0,0.11111111111110453,1.446388888888946,1.451388888888946,False,False,,
600802.SH,1995-06-23,PASS_ROUNDING_INTERVAL_SET,True,0.0,0.4999999999999889,0.50375000000002,0.5087500000000199,False,True,0.3897364771151179,0.39034482758620687
600805.SH,1994-06-15,PASS_ROUNDING_INTERVAL_SET,True,0.0,0.16666666666667038,-0.4779166666666815,-0.4729166666666815,False,True,0.023255813953488372,0.02432938240798503
600812.SH,1994-07-13,PASS_ROUNDING_INTERVAL_SET,True,0.0,0.9999999999999778,-0.2674999999999784,-0.2624999999999783,False,True,0.3624678663239075,0.36572890025575444
600812.SH,1995-01-23,PASS_ROUNDING_INTERVAL_SET,True,0.0,0.5,0.24375000000000002,0.24875000000000003,False,True,0.3450292397660819,0.34622823984526113
600819.SH,1999-12-08,PASS_ROUNDING_INTERVAL_SET,True,0.0,inf,-8.32,-8.309999999999999,True,True,0.3973198116624411,0.39804418688880844
600821.SH,1994-11-28,PASS_ROUNDING_INTERVAL_SET,True,0.0,0.4999999999999889,0.016250000000019638,0.021250000000019642,False,True,0.2546230440967283,0.256011315417256
600821.SH,1994-12-01,PASS_ROUNDING_INTERVAL_SET,True,0.0,0.9999999999999778,-0.8674999999999609,-0.8624999999999607,False,True,0.2539007092198582,0.256011315417256
600824.SH,1994-02-18,PASS_ROUNDING_INTERVAL_SET,True,0.0,0.0625000000000007,-0.15328125000000525,-0.14828125000000525,False,True,0.02102102102102102,0.02145922746781116
600824.SH,1994-03-31,PASS_ROUNDING_INTERVAL_SET,True,0.0,0.08333333333333519,-0.30812500000001297,-0.30312500000001297,False,True,0.019649874955341193,0.020191285866099896
600824.SH,1994-04-07,PASS_ROUNDING_INTERVAL_SET,True,0.0,0.11111111111111138,-0.49638888888889077,-0.49138888888889076,False,True,0.019336008755928495,0.01993475897064154
600824.SH,1994-06-10,PASS_ROUNDING_INTERVAL_SET,True,0.0,0.16666666666667038,-0.8037500000000224,-0.7987500000000223,False,True,0.016270337922403004,0.017019510170195103
600824.SH,1994-06-13,PASS_ROUNDING_INTERVAL_SET,True,0.0,0.12500000000000278,-0.5478125000000167,-0.5428125000000166,False,True,0.01640723601177955,0.01713330547430004
600824.SH,1994-06-30,PASS_ROUNDING_INTERVAL_SET,True,0.0,0.06666666666666736,-0.19583333333333797,-0.19083333333333796,False,True,0.018525519848771266,0.019065420560747663
600824.SH,1994-07-12,PASS_ROUNDING_INTERVAL_SET,True,0.0,0.06666666666666736,-0.19883333333333766,-0.19383333333333766,False,True,0.017317760773258153,0.017906884202148827
600824.SH,1994-07-13,PASS_ROUNDING_INTERVAL_SET,True,0.0,0.0526315789473691,-0.11197368421053053,-0.10697368421053052,False,True,0.017303822937625755,0.017835909631391204
600824.SH,1994-07-14,PASS_ROUNDING_INTERVAL_SET,True,0.0,0.05555555555555624,-0.12958333333333763,-0.12458333333333763,False,True,0.01733172108020959,0.01787842669845054
600824.SH,1994-11-21,PASS_ROUNDING_INTERVAL_SET,True,0.0,0.0714285714285721,-0.22339285714286183,-0.21839285714286183,False,True,0.019706198495163026,0.020219936147570065
600824.SH,1994-12-01,PASS_ROUNDING_INTERVAL_SET,True,0.0,0.09090909090909145,-0.36159090909091285,-0.35659090909091284,False,True,0.019223793978962643,0.0197912918315941
600824.SH,1994-12-05,PASS_ROUNDING_INTERVAL_SET,True,0.0,0.05555555555555624,-0.11763888888889351,-0.1126388888888935,False,True,0.01900857249347745,0.019492460463405668
600824.SH,1995-01-11,PASS_ROUNDING_INTERVAL_SET,True,0.0,0.0714285714285721,-0.22696428571429003,-0.22196428571429003,False,True,0.017779533781114184,0.018366549433372414
600824.SH,1995-01-13,PASS_ROUNDING_INTERVAL_SET,True,0.0,0.05882352941176478,-0.15132352941176516,-0.14632352941176516,False,True,0.017262143717382578,0.017821782178217824
600824.SH,1995-02-16,PASS_ROUNDING_INTERVAL_SET,True,0.0,0.11111111111111358,-0.4563888888889025,-0.4513888888889025,False,True,0.01408450704225352,0.014871563767462823
600824.SH,1995-05-08,PASS_ROUNDING_INTERVAL_SET,True,0.0,0.06666666666666736,-0.19916666666667113,-0.19416666666667112,False,True,0.01768172888015717,0.01825242718446602
600824.SH,1995-05-17,PASS_ROUNDING_INTERVAL_SET,True,0.0,0.05555555555555624,-0.12208333333333793,-0.11708333333333792,False,True,0.018539538403329548,0.019036954087346025
600824.SH,1995-06-28,PASS_ROUNDING_INTERVAL_SET,True,0.0,0.0714285714285721,-0.22160714285714772,-0.21660714285714772,False,True,0.020091646105040533,0.020593368237347295
600824.SH,1995-07-27,PASS_ROUNDING_INTERVAL_SET,True,0.0,0.10000000000000045,-0.43475000000000336,-0.42975000000000335,False,True,0.020615072659682324,0.021148036253776436
600824.SH,1995-07-31,PASS_ROUNDING_INTERVAL_SET,True,0.0,0.0588235294117654,-0.12573529411765227,-0.12073529411765227,False,True,0.02102102102102102,0.02144506763444408
600824.SH,1995-08-03,PASS_ROUNDING_INTERVAL_SET,True,0.0,0.05000000000000067,-0.055375000000005115,-0.05037500000000511,False,True,0.021360499507065395,0.021732079143691213
600824.SH,1995-09-22,PASS_ROUNDING_INTERVAL_SET,True,0.0,0.11111111111111358,-0.5069444444444622,-0.5019444444444621,False,True,0.01999298491757278,0.02056465667479958
600824.SH,1995-11-02,PASS_ROUNDING_INTERVAL_SET,True,0.0,0.0714285714285721,-0.15375000000000327,-0.14875000000000327,False,True,0.019504480759093303,0.02025974025974026
600824.SH,1995-11-03,PASS_ROUNDING_INTERVAL_SET,True,0.0,0.0625000000000007,-0.1123437500000033,-0.10734375000000329,False,True,0.019442984760903833,0.020155038759689926
600824.SH,1995-11-17,PASS_ROUNDING_INTERVAL_SET,True,0.0,0.09090909090909292,-0.25022727272728196,-0.24522727272728198,False,True,0.0180623973727422,0.01892915089237426
600824.SH,1995-11-29,PASS_ROUNDING_INTERVAL_SET,True,0.0,0.11111111111111358,-0.34083333333334453,-0.33583333333334453,False,True,0.018121911037891267,0.0190320826536161
600824.SH,1995-12-15,PASS_ROUNDING_INTERVAL_SET,True,0.0,0.08333333333333395,-0.21687500000000273,-0.21187500000000273,False,True,0.016695451928612548,0.017603634298693924
600824.SH,1995-12-18,PASS_ROUNDING_INTERVAL_SET,True,0.0,0.11111111111111358,-0.3375000000000105,-0.3325000000000105,False,True,0.015873015873015872,0.016870273414776038
600824.SH,1995-12-27,PASS_ROUNDING_INTERVAL_SET,True,0.0,0.08333333333333519,-0.22062500000000757,-0.21562500000000756,False,True,0.014276846679081313,0.015290519877675842
600824.SH,1996-01-08,PASS_ROUNDING_INTERVAL_SET,True,0.0,0.09090909090909073,-0.2524999999999994,-0.24749999999999936,False,True,0.011447811447811446,0.012607830126078301
600824.SH,1996-01-16,PASS_ROUNDING_INTERVAL_SET,True,0.0,0.07142857142857166,-0.1794642857142866,-0.1744642857142866,False,True,0.011478730587440917,0.012591119946984758
600824.SH,1996-01-23,PASS_ROUNDING_INTERVAL_SET,True,0.0,0.1428571428571424,-0.43892857142856984,-0.43392857142856983,False,True,0.009213323883770377,0.010526315789473686
600824.SH,1996-01-31,PASS_ROUNDING_INTERVAL_SET,True,0.0,0.1428571428571424,-0.4396428571428555,-0.4346428571428555,False,True,0.01040943789035392,0.01168384879725086
600824.SH,1996-02-12,PASS_ROUNDING_INTERVAL_SET,True,0.0,0.10000000000000045,-0.2832500000000016,-0.2782500000000016,False,True,0.0104675505931612,0.011699931176875431
600824.SH,1996-02-13,PASS_ROUNDING_INTERVAL_SET,True,0.0,0.07692307692307705,-0.20250000000000046,-0.19750000000000045,False,True,0.010395010395010396,0.011572498298162016
600824.SH,1996-03-19,PASS_ROUNDING_INTERVAL_SET,True,0.0,0.25,-0.874375,-0.869375,False,True,0.013401403956604977,0.014603174603174604
600824.SH,1996-03-20,PASS_ROUNDING_INTERVAL_SET,True,0.0,0.11111111111111029,-0.3286111111111079,-0.3236111111111079,False,True,0.013452914798206279,0.014566181127295756
600824.SH,1996-03-21,PASS_ROUNDING_INTERVAL_SET,True,0.0,0.125,-0.3878125,-0.3828125,False,True,0.013316423589093214,0.014438166980539863
600824.SH,1996-03-22,PASS_ROUNDING_INTERVAL_SET,True,0.0,0.09999999999999956,-0.2852499999999983,-0.2802499999999983,False,True,0.013452914798206279,0.01454775458570525
600824.SH,1996-03-25,PASS_ROUNDING_INTERVAL_SET,True,0.0,0.125,-0.38656250000000003,-0.3815625,False,True,0.013350286077558804,0.0144745122718691
600824.SH,1996-03-28,PASS_ROUNDING_INTERVAL_SET,True,0.0,0.06666666666666657,-0.1584999999999996,-0.1534999999999996,False,True,0.012491781722550954,0.01353965183752418
600824.SH,1996-04-09,PASS_ROUNDING_INTERVAL_SET,True,0.0,0.0714285714285721,-0.1708928571428599,-0.1658928571428599,False,True,0.014366021236727044,0.015346838551258441
600824.SH,1996-04-10,PASS_ROUNDING_INTERVAL_SET,True,0.0,0.07142857142857302,-0.1726785714285779,-0.1676785714285779,False,True,0.014276846679081313,0.015253203172666263
600824.SH,1996-04-16,PASS_ROUNDING_INTERVAL_SET,True,0.0,0.1666666666666753,-0.5604166666667022,-0.5554166666667022,False,True,0.015197568389057748,0.016294508147254076
600824.SH,1996-05-29,PASS_ROUNDING_INTERVAL_SET,True,0.0,0.11111111111111138,-0.33472222222222336,-0.32972222222222336,False,True,0.01596688350088705,0.01696898771211235
600824.SH,1996-06-03,PASS_ROUNDING_INTERVAL_SET,True,0.0,0.0588235294117654,-0.11691176470588524,-0.11191176470588524,False,True,0.015197568389057748,0.016081000595592615
600824.SH,1996-08-06,PASS_ROUNDING_INTERVAL_SET,True,0.0,0.08333333333333395,-0.15770833333333603,-0.15270833333333603,False,True,0.023549684089603673,0.02436260623229462
600824.SH,1996-11-07,PASS_ROUNDING_INTERVAL_SET,True,0.0,0.0714285714285721,-0.11339285714285996,-0.10839285714285996,False,True,0.022142429682824656,0.0229546792230724
600824.SH,1996-11-08,PASS_ROUNDING_INTERVAL_SET,True,0.0,0.12500000000000278,-0.3409375000000117,-0.3359375000000117,False,True,0.0219845513963161,0.0229546792230724
600824.SH,1997-01-06,PASS_ROUNDING_INTERVAL_SET,True,0.0,0.0588235294117654,-0.055441176470591214,-0.05044117647059121,False,True,0.022900763358778626,0.023603914795624646
600824.SH,1997-01-22,PASS_ROUNDING_INTERVAL_SET,True,0.0,0.10000000000000223,-0.22975000000000997,-0.22475000000000997,False,True,0.024170882518268686,0.02501389660922735
600824.SH,1997-01-27,PASS_ROUNDING_INTERVAL_SET,True,0.0,0.10000000000000223,-0.22975000000001014,-0.22475000000001014,False,True,0.02473886750962067,0.025557368134855905
600824.SH,1997-09-17,PASS_ROUNDING_INTERVAL_SET,True,0.0,0.11111111111111358,0.0991666666666543,0.1041666666666543,False,True,0.06546726636681659,0.06587419514611195
600824.SH,1997-11-25,PASS_ROUNDING_INTERVAL_SET,True,0.0,0.11111111111111138,0.04527777777777664,0.050277777777776644,False,True,0.06091070372560615,0.06143943826799298
600824.SH,1998-12-25,PASS_ROUNDING_INTERVAL_SET,True,0.0,0.12499999999999861,-0.0046874999999948486,0.0003125000000051559,False,True,0.061862678450033994,0.06254203093476798
600824.SH,2003-08-15,PASS_ROUNDING_INTERVAL_SET,True,0.0,0.24999999999999445,-0.3831249999999802,-0.37812499999998017,False,True,0.07107670654468684,0.07207837648705388
600824.SH,2004-07-05,PASS_ROUNDING_INTERVAL_SET,True,0.0,0.4999999999999889,-1.1312499999999663,-1.1262499999999664,False,True,0.062240663900414946,0.06368899917287014
600825.SH,1995-12-01,PASS_ROUNDING_INTERVAL_SET,True,0.0,0.14285714285714604,-0.7175000000000188,-0.7125000000000188,False,True,0.0105977108944468,0.011378002528445008
600830.SH,1996-03-22,PASS_ROUNDING_INTERVAL_SET,True,0.0,0.25,0.005624999999999991,0.010624999999999996,False,True,0.12591389114541024,0.12671509281678772
600838.SH,1994-06-03,PASS_ROUNDING_INTERVAL_SET,True,0.0,0.09999999999999823,0.6902500000000069,0.6952500000000068,False,False,,
600838.SH,1996-03-14,PASS_ROUNDING_INTERVAL_SET,True,0.0,0.14285714285713924,0.7432142857142996,0.7482142857142995,False,False,,
600839.SH,1994-05-03,PASS_ROUNDING_INTERVAL_SET,True,0.0,0.04347826086956454,0.7553260869565261,0.760326086956526,False,False,,
600839.SH,1994-06-15,PASS_ROUNDING_INTERVAL_SET,True,0.0,0.07692307692307693,0.6571153846153847,0.6621153846153846,False,False,,
600839.SH,1994-06-24,PASS_ROUNDING_INTERVAL_SET,True,0.0,0.1,0.54525,0.5502499999999999,False,False,,
600839.SH,1994-06-28,PASS_ROUNDING_INTERVAL_SET,True,0.0,0.047619047619047214,0.79559523809524,0.8005952380952399,False,False,,
600839.SH,1994-06-29,PASS_ROUNDING_INTERVAL_SET,True,0.0,0.058823529411764094,0.7427941176470618,0.7477941176470617,False,False,,
600839.SH,1994-07-13,PASS_ROUNDING_INTERVAL_SET,True,0.0,0.11111111111111015,0.5113888888888931,0.516388888888893,False,False,,
600839.SH,1994-07-14,PASS_ROUNDING_INTERVAL_SET,True,0.0,0.06666666666666662,0.7055000000000002,0.7105000000000001,False,False,,
600839.SH,1994-12-02,PASS_ROUNDING_INTERVAL_SET,True,0.0,0.09090909090908944,0.5788636363636449,0.5838636363636448,False,False,,
600839.SH,1995-02-08,PASS_ROUNDING_INTERVAL_SET,True,0.0,0.07142857142857052,0.6880357142857195,0.6930357142857194,False,False,,
600839.SH,1995-02-10,PASS_ROUNDING_INTERVAL_SET,True,0.0,0.04761904761904681,0.8263095238095286,0.8313095238095285,False,False,,
600839.SH,1995-02-16,PASS_ROUNDING_INTERVAL_SET,True,0.0,0.07142857142857052,0.6912500000000052,0.6962500000000051,False,False,,
600839.SH,1995-02-20,PASS_ROUNDING_INTERVAL_SET,True,0.0,0.07142857142857142,0.6901785714285715,0.6951785714285714,False,False,,
600839.SH,1995-03-20,PASS_ROUNDING_INTERVAL_SET,True,0.0,0.04545454545454472,0.8632954545454592,0.8682954545454591,False,False,,
600839.SH,1995-04-14,PASS_ROUNDING_INTERVAL_SET,True,0.0,0.04545454545454472,0.8505681818181863,0.8555681818181862,False,False,,
600839.SH,1995-05-03,PASS_ROUNDING_INTERVAL_SET,True,0.0,0.07142857142857052,0.6887500000000053,0.6937500000000052,False,False,,
600839.SH,1995-05-08,PASS_ROUNDING_INTERVAL_SET,True,0.0,0.06666666666666587,0.7151666666666712,0.7201666666666711,False,False,,
600839.SH,1995-05-09,PASS_ROUNDING_INTERVAL_SET,True,0.0,0.14285714285714285,0.28821428571428587,0.29321428571428576,False,True,0.0972658000896459,0.09755011135857461
600839.SH,1995-05-16,PASS_ROUNDING_INTERVAL_SET,True,0.0,0.062499999999999306,0.7401562500000041,0.745156250000004,False,False,,
600839.SH,1995-05-17,PASS_ROUNDING_INTERVAL_SET,True,0.0,0.07692307692307587,0.6613461538461598,0.6663461538461597,False,False,,
600839.SH,1995-06-02,PASS_ROUNDING_INTERVAL_SET,True,0.0,0.049999999999999115,0.8261250000000055,0.8311250000000054,False,False,,
600839.SH,1995-06-19,PASS_ROUNDING_INTERVAL_SET,True,0.0,0.07142857142857052,0.689464285714291,0.6944642857142909,False,False,,
600839.SH,1995-06-21,PASS_ROUNDING_INTERVAL_SET,True,0.0,0.1,0.52575,0.5307499999999999,False,True,0.09617918313570488,0.09621245102307358
600843.SH,1995-09-08,PASS_ROUNDING_INTERVAL_SET,True,0.0,2814749767106.5,-23228722453040.547,-23228722453040.54,False,True,0.35413511057255376,0.35474098757952127
600844.SH,1995-12-06,PASS_ROUNDING_INTERVAL_SET,True,0.0,0.2500000000000111,0.603124999999952,0.6081249999999518,False,True,0.194685153090699,0.19493962047153537
600851.SH,1996-02-06,PASS_ROUNDING_INTERVAL_SET,True,0.0,0.25000000000001665,-0.9293750000000797,-0.9243750000000798,False,True,0.027734170591313445,0.028660760812923403
600851.SH,1996-02-12,PASS_ROUNDING_INTERVAL_SET,True,0.0,0.25000000000001665,-0.9318750000000805,-0.9268750000000806,False,True,0.02848265147591921,0.029396596183599803
600851.SH,1996-03-19,PASS_ROUNDING_INTERVAL_SET,True,0.0,0.14285714285714604,-0.3896428571428735,-0.3846428571428735,False,True,0.03354399611084103,0.034282955094157415
600855.SH,1999-06-03,PASS_ROUNDING_INTERVAL_SET,True,0.0,inf,-3.5900000000000007,-3.579999999999999,True,True,0.5823152995927865,0.5834787667248401
600858.SH,1994-07-19,PASS_ROUNDING_INTERVAL_SET,True,0.0,0.3333333333333235,1.170833333333348,1.175833333333348,False,False,,
600858.SH,1994-07-20,PASS_ROUNDING_INTERVAL_SET,True,0.0,0.4999999999999889,0.9187500000000166,0.9237500000000165,False,False,,
600862.SH,2008-04-08,PASS_ROUNDING_INTERVAL_SET,True,0.0,inf,-5.9399999999999995,-5.929999999999998,True,True,0.3483269336258914,0.34942402633022496
600866.SH,1995-02-21,PASS_ROUNDING_INTERVAL_SET,True,0.0,0.1428571428571424,-0.4560714285714268,-0.4510714285714268,False,True,0.012313674659753727,0.013487475915221581
600866.SH,1995-05-15,PASS_ROUNDING_INTERVAL_SET,True,0.0,0.11111111111111138,-0.25583333333333425,-0.25083333333333424,False,True,0.016166281755196302,0.017463933181473046
600866.SH,1995-08-30,PASS_ROUNDING_INTERVAL_SET,True,0.0,0.09090909090909292,-0.13522727272728163,-0.13022727272728163,False,True,0.03009653605905735,0.03084688726864835
600866.SH,1995-09-20,PASS_ROUNDING_INTERVAL_SET,True,0.0,0.125,-0.2884375,-0.2834375,False,True,0.028059701492537312,0.02897693672383205
600866.SH,1995-09-22,PASS_ROUNDING_INTERVAL_SET,True,0.0,0.14285714285714604,-0.3667857142857278,-0.3617857142857278,False,True,0.02789317507418397,0.028840494408475578
600866.SH,1995-11-03,PASS_ROUNDING_INTERVAL_SET,True,0.0,0.11111111111111138,-0.2302777777777789,-0.2252777777777789,False,True,0.028059701492537312,0.028942705256940343
600866.SH,1995-11-06,PASS_ROUNDING_INTERVAL_SET,True,0.0,0.12500000000000278,-0.29093750000001173,-0.2859375000000117,False,True,0.0279263220439691,0.028840494408475578
600866.SH,1995-12-07,PASS_ROUNDING_INTERVAL_SET,True,0.0,0.1666666666666679,-0.45291666666667146,-0.44791666666667146,False,True,0.024167210973220117,0.025275437459494492
600866.SH,1996-02-01,PASS_ROUNDING_INTERVAL_SET,True,0.0,0.1428571428571424,-0.35678571428571293,-0.3517857142857129,False,True,0.012406947890818858,0.013900245298446443
600866.SH,1996-02-09,PASS_ROUNDING_INTERVAL_SET,True,0.0,0.1666666666666679,-0.42791666666667044,-0.42291666666667044,False,True,0.012427506213753107,0.013945857260049222
600866.SH,1996-03-14,PASS_ROUNDING_INTERVAL_SET,True,0.0,0.11111111111111029,-0.2508333333333305,-0.24583333333333052,False,True,0.018477457501847747,0.019693654266958426
600866.SH,1996-03-21,PASS_ROUNDING_INTERVAL_SET,True,0.0,0.1666666666666679,-0.4404166666666709,-0.4354166666666709,False,True,0.018422991893883568,0.019722425127830536
600866.SH,1996-03-29,PASS_ROUNDING_INTERVAL_SET,True,0.0,0.1666666666666679,-0.41875000000000395,-0.41375000000000395,False,True,0.016706443914081145,0.018124507486209616
600868.SH,1994-09-16,PASS_ROUNDING_INTERVAL_SET,True,0.0,0.019999999999999876,0.8049500000000012,0.8099500000000011,False,False,,
600868.SH,1994-10-31,PASS_ROUNDING_INTERVAL_SET,True,0.0,0.028571428571428772,0.7177857142857131,0.7227857142857131,False,False,,
600868.SH,1994-11-18,PASS_ROUNDING_INTERVAL_SET,True,0.0,0.023809523809523937,0.7479166666666659,0.7529166666666659,False,False,,
600868.SH,1994-11-24,PASS_ROUNDING_INTERVAL_SET,True,0.0,0.037037037037037375,0.6678703703703683,0.6728703703703683,False,False,,
600868.SH,1994-11-28,PASS_ROUNDING_INTERVAL_SET,True,0.0,0.05555555555555624,0.5570833333333293,0.5620833333333293,False,False,,
600868.SH,1994-12-02,PASS_ROUNDING_INTERVAL_SET,True,0.0,0.0526315789473691,0.5743421052631539,0.5793421052631539,False,False,,
600868.SH,1994-12-05,PASS_ROUNDING_INTERVAL_SET,True,0.0,0.026315789473684303,0.7334868421052626,0.7384868421052626,False,False,,
600868.SH,1994-12-06,PASS_ROUNDING_INTERVAL_SET,True,0.0,0.045454545454545726,0.6246590909090893,0.6296590909090893,False,False,,
600868.SH,1994-12-12,PASS_ROUNDING_INTERVAL_SET,True,0.0,0.03448275862068979,0.6861206896551717,0.6911206896551717,False,False,,
600868.SH,1994-12-14,PASS_ROUNDING_INTERVAL_SET,True,0.0,0.037037037037037375,0.6712037037037019,0.6762037037037019,False,False,,
600868.SH,1994-12-26,PASS_ROUNDING_INTERVAL_SET,True,0.0,0.020000000000000087,0.7700499999999995,0.7750499999999995,False,False,,
600868.SH,1995-01-06,PASS_ROUNDING_INTERVAL_SET,True,0.0,0.03448275862068979,0.6849137931034476,0.6899137931034476,False,False,,
600868.SH,1995-01-09,PASS_ROUNDING_INTERVAL_SET,True,0.0,0.0625000000000007,0.5332812499999962,0.5382812499999963,False,False,,
600868.SH,1995-01-11,PASS_ROUNDING_INTERVAL_SET,True,0.0,0.05000000000000067,0.6028749999999965,0.6078749999999964,False,False,,
600868.SH,1995-01-12,PASS_ROUNDING_INTERVAL_SET,True,0.0,0.06666666666666736,0.5148333333333297,0.5198333333333296,False,False,,
600868.SH,1995-01-13,PASS_ROUNDING_INTERVAL_SET,True,0.0,0.05555555555555624,0.5784722222222187,0.5834722222222186,False,False,,
600868.SH,1995-01-16,PASS_ROUNDING_INTERVAL_SET,True,0.0,0.045454545454545726,0.6353409090909077,0.6403409090909077,False,False,,
600868.SH,1995-01-17,PASS_ROUNDING_INTERVAL_SET,True,0.0,0.05555555555555624,0.5820833333333298,0.5870833333333298,False,False,,
600868.SH,1995-01-18,PASS_ROUNDING_INTERVAL_SET,True,0.0,0.022727272727272863,0.7498295454545447,0.7548295454545447,False,False,,
600868.SH,1995-01-23,PASS_ROUNDING_INTERVAL_SET,True,0.0,0.08333333333333519,0.4422916666666574,0.44729166666665743,False,False,,
600868.SH,1995-02-07,PASS_ROUNDING_INTERVAL_SET,True,0.0,0.03571428571428605,0.684196428571427,0.689196428571427,False,False,,
600868.SH,1995-02-08,PASS_ROUNDING_INTERVAL_SET,True,0.0,0.0714285714285721,0.5191071428571398,0.5241071428571398,False,False,,
600868.SH,1995-02-09,PASS_ROUNDING_INTERVAL_SET,True,0.0,0.03571428571428583,0.6824107142857138,0.6874107142857138,False,False,,
600868.SH,1995-02-13,PASS_ROUNDING_INTERVAL_SET,True,0.0,0.05000000000000067,0.6163749999999969,0.6213749999999969,False,False,,
600868.SH,1995-02-17,PASS_ROUNDING_INTERVAL_SET,True,0.0,0.11111111111111138,0.33361111111110986,0.33861111111110986,False,True,0.09179793590439977,0.09198493813878429
600868.SH,1995-03-10,PASS_ROUNDING_INTERVAL_SET,True,0.0,0.0526315789473691,0.5938157894736806,0.5988157894736807,False,False,,
600868.SH,1995-03-14,PASS_ROUNDING_INTERVAL_SET,True,0.0,0.01694915254237295,0.7838559322033894,0.7888559322033895,False,False,,
600868.SH,1995-03-28,PASS_ROUNDING_INTERVAL_SET,True,0.0,0.03448275862068979,0.7626724137931029,0.7676724137931029,False,False,,
600868.SH,1995-04-04,PASS_ROUNDING_INTERVAL_SET,True,0.0,0.08333333333333519,0.5372916666666583,0.5422916666666582,False,False,,
600868.SH,1995-04-12,PASS_ROUNDING_INTERVAL_SET,True,0.0,0.030303030303030488,0.781287878787878,0.786287878787878,False,False,,
600868.SH,1995-04-20,PASS_ROUNDING_INTERVAL_SET,True,0.0,0.0588235294117654,0.6542647058823499,0.65926470588235,False,False,,
600868.SH,1995-04-24,PASS_ROUNDING_INTERVAL_SET,True,0.0,0.03448275862068979,0.7583620689655167,0.7633620689655167,False,False,,
600868.SH,1995-04-25,PASS_ROUNDING_INTERVAL_SET,True,0.0,0.045454545454545726,0.7114772727272716,0.7164772727272716,False,False,,
600868.SH,1995-05-03,PASS_ROUNDING_INTERVAL_SET,True,0.0,0.045454545454545546,0.711022727272727,0.7160227272727269,False,False,,
600868.SH,1995-05-04,PASS_ROUNDING_INTERVAL_SET,True,0.0,0.0625,0.64953125,0.65453125,False,False,,
600868.SH,1995-05-09,PASS_ROUNDING_INTERVAL_SET,True,0.0,0.04761904761904747,0.705833333333334,0.7108333333333339,False,False,,
600868.SH,1995-05-15,PASS_ROUNDING_INTERVAL_SET,True,0.0,0.06666666666666696,0.6311666666666655,0.6361666666666655,False,False,,
600868.SH,1995-05-16,PASS_ROUNDING_INTERVAL_SET,True,0.0,0.08333333333333333,0.5664583333333334,0.5714583333333334,False,False,,
600868.SH,1995-05-17,PASS_ROUNDING_INTERVAL_SET,True,0.0,0.09090909090909073,0.5393181818181825,0.5443181818181826,False,False,,
600868.SH,1995-06-01,PASS_ROUNDING_INTERVAL_SET,True,0.0,0.0526315789473691,0.6722368421052592,0.6772368421052593,False,False,,
600868.SH,1995-06-12,PASS_ROUNDING_INTERVAL_SET,True,0.0,0.037037037037037125,0.7593518518518514,0.7643518518518513,False,False,,
600868.SH,1995-06-13,PASS_ROUNDING_INTERVAL_SET,True,0.0,0.07692307692307758,0.5340384615384579,0.5390384615384578,False,False,,
600868.SH,1995-06-19,PASS_ROUNDING_INTERVAL_SET,True,0.0,0.09090909090909292,0.4811363636363535,0.4861363636363535,False,False,,
600868.SH,1995-06-28,PASS_ROUNDING_INTERVAL_SET,True,0.0,0.0526315789473691,0.676973684210523,0.6819736842105228,False,False,,
600868.SH,1995-07-11,PASS_ROUNDING_INTERVAL_SET,True,0.0,0.026315789473684424,0.8071710526315778,0.8121710526315779,False,False,,
600868.SH,1995-07-13,PASS_ROUNDING_INTERVAL_SET,True,0.0,0.05555555555555624,0.66208333333333,0.6670833333333301,False,False,,
600868.SH,1995-07-28,PASS_ROUNDING_INTERVAL_SET,True,0.0,0.03846153846153879,0.7460576923076906,0.7510576923076906,False,False,,
600868.SH,1995-07-31,PASS_ROUNDING_INTERVAL_SET,True,0.0,0.0588235294117654,0.6436764705882319,0.6486764705882317,False,False,,
600868.SH,1995-08-04,PASS_ROUNDING_INTERVAL_SET,True,0.0,0.06666666666666736,0.6064999999999964,0.6114999999999964,False,False,,
600868.SH,1995-08-07,PASS_ROUNDING_INTERVAL_SET,True,0.0,0.031250000000000173,0.7867968749999991,0.7917968749999991,False,False,,
600868.SH,1995-08-16,PASS_ROUNDING_INTERVAL_SET,True,0.0,0.037037037037037125,0.7582407407407402,0.7632407407407402,False,False,,
600868.SH,1995-08-22,PASS_ROUNDING_INTERVAL_SET,True,0.0,0.037037037037037375,0.7726851851851835,0.7776851851851836,False,False,,
600868.SH,1995-08-23,PASS_ROUNDING_INTERVAL_SET,True,0.0,0.043478260869565515,0.7414130434782594,0.7464130434782594,False,False,,
600868.SH,1995-08-30,PASS_ROUNDING_INTERVAL_SET,True,0.0,0.050000000000000225,0.7098749999999989,0.7148749999999989,False,False,,
600868.SH,1995-09-01,PASS_ROUNDING_INTERVAL_SET,True,0.0,0.09090909090909292,0.525681818181809,0.530681818181809,False,False,,
600868.SH,1995-09-08,PASS_ROUNDING_INTERVAL_SET,True,0.0,0.0588235294117654,0.6672058823529379,0.672205882352938,False,False,,
600868.SH,1995-09-11,PASS_ROUNDING_INTERVAL_SET,True,0.0,0.0526315789473691,0.6967105263157863,0.7017105263157863,False,False,,
600868.SH,1995-09-14,PASS_ROUNDING_INTERVAL_SET,True,0.0,0.05000000000000067,0.7086249999999968,0.7136249999999968,False,False,,
600868.SH,1995-09-15,PASS_ROUNDING_INTERVAL_SET,True,0.0,0.08333333333333519,0.5602083333333249,0.5652083333333249,False,False,,
600868.SH,1995-09-18,PASS_ROUNDING_INTERVAL_SET,True,0.0,0.07692307692307863,0.5901923076922999,0.5951923076922999,False,False,,
600868.SH,1995-09-21,PASS_ROUNDING_INTERVAL_SET,True,0.0,0.03846153846153879,0.7585576923076909,0.7635576923076909,False,False,,
600868.SH,1995-09-22,PASS_ROUNDING_INTERVAL_SET,True,0.0,0.0625000000000007,0.651406249999997,0.656406249999997,False,False,,
600868.SH,1995-09-25,PASS_ROUNDING_INTERVAL_SET,True,0.0,0.11111111111111138,0.4369444444444433,0.4419444444444433,False,True,0.10529311326124076,0.10535211267605635
600868.SH,1995-09-26,PASS_ROUNDING_INTERVAL_SET,True,0.0,0.12500000000000278,0.3778124999999879,0.3828124999999879,False,True,0.105653912050257,0.10582908885116017
600868.SH,1995-09-28,PASS_ROUNDING_INTERVAL_SET,True,0.0,0.07692307692307863,0.5955769230769159,0.600576923076916,False,False,,
600868.SH,1995-10-04,PASS_ROUNDING_INTERVAL_SET,True,0.0,0.25000000000000555,-0.1418750000000235,-0.1368750000000234,False,True,0.10821998817267889,0.10888758092995882
600868.SH,1995-10-18,PASS_ROUNDING_INTERVAL_SET,True,0.0,0.03846153846153879,0.7550961538461525,0.7600961538461525,False,False,,
600868.SH,1995-11-02,PASS_ROUNDING_INTERVAL_SET,True,0.0,0.052631578947368605,0.6985526315789466,0.7035526315789467,False,False,,
600868.SH,1995-11-03,PASS_ROUNDING_INTERVAL_SET,True,0.0,0.08333333333333519,0.564374999999992,0.569374999999992,False,False,,
600868.SH,1995-11-06,PASS_ROUNDING_INTERVAL_SET,True,0.0,0.12500000000000278,0.38031249999998784,0.38531249999998785,False,True,0.1061388410786001,0.10631040363843093
600868.SH,1995-11-07,PASS_ROUNDING_INTERVAL_SET,True,0.0,0.20000000000000445,0.055499999999980676,0.06049999999998068,False,True,0.10638297872340426,0.10691823899371071
600868.SH,1995-11-10,PASS_ROUNDING_INTERVAL_SET,True,0.0,0.20000000000000445,0.07049999999998124,0.07549999999998125,False,True,0.108348134991119,0.10888758092995882
600868.SH,1995-11-23,PASS_ROUNDING_INTERVAL_SET,True,0.0,0.07142857142857302,0.6173214285714221,0.6223214285714221,False,False,,
600868.SH,1995-11-29,PASS_ROUNDING_INTERVAL_SET,True,0.0,0.08333333333333395,0.5672916666666641,0.5722916666666642,False,False,,
600868.SH,1995-12-01,PASS_ROUNDING_INTERVAL_SET,True,0.0,0.05882352941176509,0.6701470588235279,0.6751470588235279,False,False,,
600868.SH,1995-12-04,PASS_ROUNDING_INTERVAL_SET,True,0.0,0.11111111111111358,0.45749999999999,0.46249999999999003,False,False,,
600868.SH,1995-12-05,PASS_ROUNDING_INTERVAL_SET,True,0.0,0.11111111111111358,0.45472222222221226,0.45972222222221226,False,False,,
600868.SH,1995-12-06,PASS_ROUNDING_INTERVAL_SET,True,0.0,0.08333333333333519,0.5693749999999924,0.5743749999999925,False,False,,
600868.SH,1995-12-07,PASS_ROUNDING_INTERVAL_SET,True,0.0,0.07692307692307758,0.5994230769230744,0.6044230769230743,False,False,,
600868.SH,1995-12-08,PASS_ROUNDING_INTERVAL_SET,True,0.0,0.06666666666666736,0.6374999999999973,0.6424999999999972,False,False,,
600868.SH,1995-12-14,PASS_ROUNDING_INTERVAL_SET,True,0.0,0.08333333333333333,0.5772916666666668,0.5822916666666667,False,False,,
600868.SH,1995-12-18,PASS_ROUNDING_INTERVAL_SET,True,0.0,0.09090909090909073,0.5493181818181825,0.5543181818181825,False,False,,
600868.SH,1995-12-21,PASS_ROUNDING_INTERVAL_SET,True,0.0,0.07692307692307652,0.6040384615384631,0.6090384615384631,False,False,,
600868.SH,1995-12-25,PASS_ROUNDING_INTERVAL_SET,True,0.0,0.05555555555555542,0.6806944444444449,0.6856944444444449,False,False,,
600868.SH,1996-01-02,PASS_ROUNDING_INTERVAL_SET,True,0.0,0.06666666666666696,0.643499999999999,0.648499999999999,False,False,,
600868.SH,1996-01-04,PASS_ROUNDING_INTERVAL_SET,True,0.0,0.05555555555555569,0.6818055555555551,0.6868055555555551,False,False,,
600868.SH,1996-01-08,PASS_ROUNDING_INTERVAL_SET,True,0.0,0.052631578947368605,0.6909210526315783,0.6959210526315783,False,False,,
600868.SH,1996-01-19,PASS_ROUNDING_INTERVAL_SET,True,0.0,0.05263157894736836,0.6903947368421054,0.6953947368421054,False,False,,
600868.SH,1996-01-22,PASS_ROUNDING_INTERVAL_SET,True,0.0,0.11111111111111029,0.5047222222222248,0.5097222222222249,False,False,,
600868.SH,1996-01-23,PASS_ROUNDING_INTERVAL_SET,True,0.0,0.24999999999999445,0.0556250000000178,0.060625000000017804,False,True,0.13369820172009383,0.1344211344211344
600868.SH,1996-01-30,PASS_ROUNDING_INTERVAL_SET,True,0.0,0.0625,0.65921875,0.66421875,False,False,,
600868.SH,1996-01-31,PASS_ROUNDING_INTERVAL_SET,True,0.0,0.09090909090909073,0.5643181818181824,0.5693181818181824,False,False,,
600868.SH,1996-02-01,PASS_ROUNDING_INTERVAL_SET,True,0.0,0.07692307692307705,0.6105769230769227,0.6155769230769226,False,False,,
600868.SH,1996-02-06,PASS_ROUNDING_INTERVAL_SET,True,0.0,0.0625,0.65921875,0.66421875,False,False,,
600868.SH,1996-02-07,PASS_ROUNDING_INTERVAL_SET,True,0.0,0.052631578947368605,0.6898684210526309,0.6948684210526309,False,False,,
600868.SH,1996-02-09,PASS_ROUNDING_INTERVAL_SET,True,0.0,0.1666666666666679,0.2995833333333291,0.3045833333333291,False,True,0.12748710390567428,0.12783053323593865
600868.SH,1996-02-13,PASS_ROUNDING_INTERVAL_SET,True,0.0,0.09999999999999956,0.5222500000000017,0.5272500000000016,False,False,,
600868.SH,1996-02-14,PASS_ROUNDING_INTERVAL_SET,True,0.0,0.07692307692307652,0.6040384615384631,0.609038461538463,False,False,,
600868.SH,1996-02-15,PASS_ROUNDING_INTERVAL_SET,True,0.0,0.045454545454545366,0.7187500000000003,0.7237500000000003,False,False,,
600868.SH,1996-03-07,PASS_ROUNDING_INTERVAL_SET,True,0.0,0.05882352941176478,0.668676470588235,0.673676470588235,False,False,,
600868.SH,1996-03-13,PASS_ROUNDING_INTERVAL_SET,True,0.0,0.07142857142857302,0.6173214285714221,0.6223214285714221,False,False,,
600868.SH,1996-03-14,PASS_ROUNDING_INTERVAL_SET,True,0.0,0.10000000000000223,0.5007499999999909,0.505749999999991,False,False,,
600868.SH,1996-03-20,PASS_ROUNDING_INTERVAL_SET,True,0.0,0.10000000000000045,0.5002499999999982,0.5052499999999982,False,False,,
600868.SH,1996-03-21,PASS_ROUNDING_INTERVAL_SET,True,0.0,0.09090909090909292,0.5361363636363552,0.5411363636363553,False,False,,
600868.SH,1996-03-22,PASS_ROUNDING_INTERVAL_SET,True,0.0,0.11111111111111138,0.45472222222222114,0.45972222222222114,False,True,0.11044055522027761,0.11044776119402985
600868.SH,1996-03-25,PASS_ROUNDING_INTERVAL_SET,True,0.0,0.20000000000000445,0.08249999999998137,0.08749999999998137,False,True,0.1099099099099099,0.11044776119402985
600868.SH,1996-03-26,PASS_ROUNDING_INTERVAL_SET,True,0.0,0.11111111111111358,0.4563888888888787,0.4613888888888787,False,True,0.11084191399152028,0.11084481725584185
600868.SH,1996-03-29,PASS_ROUNDING_INTERVAL_SET,True,0.0,0.10000000000000045,0.5027499999999983,0.5077499999999981,False,False,,
600868.SH,1996-04-02,PASS_ROUNDING_INTERVAL_SET,True,0.0,0.20000000000000445,0.09649999999998193,0.10149999999998194,False,True,0.11193568336425479,0.11247695144437617
600868.SH,1996-04-03,PASS_ROUNDING_INTERVAL_SET,True,0.0,0.14285714285714604,0.33035714285713,0.33535714285713003,False,True,0.1124922311995028,0.11275415896487988
600868.SH,1996-04-04,PASS_ROUNDING_INTERVAL_SET,True,0.0,0.20000000000001156,0.09849999999995329,0.1034999999999533,False,True,0.11221326720396775,0.11275415896487988
600868.SH,1996-04-08,PASS_ROUNDING_INTERVAL_SET,True,0.0,0.08333333333333395,0.5710416666666641,0.5760416666666641,False,False,,
600868.SH,1996-04-11,PASS_ROUNDING_INTERVAL_SET,True,0.0,0.07692307692307863,0.5948076923076854,0.5998076923076854,False,False,,
600868.SH,1996-04-15,PASS_ROUNDING_INTERVAL_SET,True,0.0,0.08333333333333395,0.5710416666666642,0.5760416666666641,False,False,,
600868.SH,1996-05-10,PASS_ROUNDING_INTERVAL_SET,True,0.0,0.07142857142857166,0.7105357142857134,0.7155357142857134,False,False,,
600868.SH,1996-05-27,PASS_ROUNDING_INTERVAL_SET,True,0.0,0.11111111111111029,0.5702777777777808,0.5752777777777807,False,False,,
600868.SH,2003-03-24,PASS_ROUNDING_INTERVAL_SET,False,,,,,False,True,0.4718954248366014,0.4745098039215686
600868.SH,2005-12-22,PASS_ROUNDING_INTERVAL_SET,True,0.0,45035996273705.0,-38618366804701.11,-38618366804701.1,False,True,0.5393586005830905,0.5451895043731778
600869.SH,2004-11-16,PASS_ROUNDING_INTERVAL_SET,True,0.0,0.9999999999999778,-1.4774999999999643,-1.4724999999999642,False,True,0.04186046511627907,0.04482225656877898
600871.SH,2008-12-24,PASS_ROUNDING_INTERVAL_SET,True,0.0,0.9999999999999556,-0.2424999999999149,-0.23749999999991478,False,True,0.4367666232073012,0.4382314694408322
600879.SH,1995-12-05,PASS_ROUNDING_INTERVAL_SET,True,0.0,0.050000000000000225,0.4506249999999988,0.4556249999999988,False,False,,
600879.SH,1995-12-14,PASS_ROUNDING_INTERVAL_SET,True,0.0,0.02941176470588239,0.5506617647058822,0.5556617647058822,False,False,,
600879.SH,1995-12-20,PASS_ROUNDING_INTERVAL_SET,True,0.0,0.050000000000000225,0.46587499999999915,0.47087499999999916,False,False,,
600879.SH,1995-12-21,PASS_ROUNDING_INTERVAL_SET,True,0.0,0.027777777777777915,0.5552083333333329,0.5602083333333329,False,False,,
600879.SH,1995-12-25,PASS_ROUNDING_INTERVAL_SET,True,0.0,0.02941176470588239,0.5461029411764705,0.5511029411764705,False,False,,
600879.SH,1995-12-26,PASS_ROUNDING_INTERVAL_SET,True,0.0,0.05555555555555569,0.4490277777777773,0.4540277777777773,False,False,,
600879.SH,1995-12-29,PASS_ROUNDING_INTERVAL_SET,True,0.0,0.03703703703703701,0.5175000000000001,0.5225000000000002,False,False,,
600879.SH,1996-01-02,PASS_ROUNDING_INTERVAL_SET,True,0.0,0.08333333333333333,0.35687500000000005,0.36187500000000006,False,False,,
600879.SH,1996-01-08,PASS_ROUNDING_INTERVAL_SET,True,0.0,0.027027027027027042,0.5488513513513513,0.5538513513513513,False,False,,
600879.SH,1996-01-19,PASS_ROUNDING_INTERVAL_SET,True,0.0,0.03571428571428571,0.5222321428571429,0.5272321428571429,False,False,,
600879.SH,1996-01-22,PASS_ROUNDING_INTERVAL_SET,True,0.0,0.033333333333333284,0.5290833333333335,0.5340833333333335,False,False,,
600879.SH,1996-01-23,PASS_ROUNDING_INTERVAL_SET,True,0.0,0.03448275862068958,0.5261206896551727,0.5311206896551727,False,False,,
600879.SH,1996-01-24,PASS_ROUNDING_INTERVAL_SET,True,0.0,0.09999999999999956,0.3097500000000014,0.3147500000000014,False,True,0.09761721752498079,0.09765329295987887
600879.SH,1996-01-26,PASS_ROUNDING_INTERVAL_SET,True,0.0,0.027777777777777776,0.5472916666666667,0.5522916666666667,False,False,,
600879.SH,1996-01-29,PASS_ROUNDING_INTERVAL_SET,True,0.0,0.058823529411764476,0.44308823529411845,0.44808823529411845,False,False,,
600879.SH,1996-01-30,PASS_ROUNDING_INTERVAL_SET,True,0.0,0.043478260869565175,0.49336956521739145,0.49836956521739145,False,False,,
600879.SH,1996-01-31,PASS_ROUNDING_INTERVAL_SET,True,0.0,0.043478260869565175,0.49336956521739145,0.49836956521739145,False,False,,
600879.SH,1996-02-06,PASS_ROUNDING_INTERVAL_SET,True,0.0,0.05882352941176478,0.44632352941176445,0.45132352941176446,False,False,,
600879.SH,1996-02-07,PASS_ROUNDING_INTERVAL_SET,True,0.0,0.11111111111111138,0.276388888888888,0.281388888888888,False,True,0.0983733539891557,0.0985485103132162
600879.SH,1996-02-08,PASS_ROUNDING_INTERVAL_SET,True,0.0,0.07142857142857166,0.40446428571428494,0.40946428571428495,False,False,,
600879.SH,1996-02-09,PASS_ROUNDING_INTERVAL_SET,True,0.0,0.04761904761904767,0.4815476190476189,0.4865476190476189,False,False,,
600879.SH,1996-02-12,PASS_ROUNDING_INTERVAL_SET,True,0.0,0.2000000000000009,-0.015500000000002956,-0.010500000000002951,False,True,0.09761721752498079,0.09839816933638444
600879.SH,1996-02-13,PASS_ROUNDING_INTERVAL_SET,True,0.0,0.05882352941176478,0.44367647058823506,0.44867647058823507,False,False,,
600879.SH,1996-02-14,PASS_ROUNDING_INTERVAL_SET,True,0.0,0.058823529411764476,0.44308823529411845,0.44808823529411845,False,False,,
600879.SH,1996-02-15,PASS_ROUNDING_INTERVAL_SET,True,0.0,0.05,0.471375,0.476375,False,False,,
600879.SH,1996-03-07,PASS_ROUNDING_INTERVAL_SET,True,0.0,0.038461538461538394,0.5116346153846156,0.5166346153846156,False,False,,
600879.SH,1996-03-08,PASS_ROUNDING_INTERVAL_SET,True,0.0,0.038461538461538394,0.5125961538461541,0.5175961538461541,False,False,,
600879.SH,1996-03-11,PASS_ROUNDING_INTERVAL_SET,True,0.0,0.07142857142857166,0.39660714285714205,0.40160714285714205,False,False,,
600879.SH,1996-03-18,PASS_ROUNDING_INTERVAL_SET,True,0.0,0.052631578947368605,0.46539473684210464,0.47039473684210464,False,False,,
600879.SH,1996-03-19,PASS_ROUNDING_INTERVAL_SET,True,0.0,0.0625,0.42984375,0.43484375000000003,False,False,,
600879.SH,1996-03-20,PASS_ROUNDING_INTERVAL_SET,True,0.0,0.05,0.474375,0.479375,False,False,,
600879.SH,1996-03-21,PASS_ROUNDING_INTERVAL_SET,True,0.0,0.04761904761904747,0.47988095238095296,0.48488095238095297,False,False,,
600879.SH,1996-03-22,PASS_ROUNDING_INTERVAL_SET,True,0.0,0.03125,0.536328125,0.541328125,False,False,,
600879.SH,1996-03-25,PASS_ROUNDING_INTERVAL_SET,True,0.0,0.0625,0.42515625,0.43015625,False,False,,
600879.SH,1996-03-27,PASS_ROUNDING_INTERVAL_SET,True,0.0,0.03703703703703701,0.5167592592592594,0.5217592592592594,False,False,,
600879.SH,1996-03-28,PASS_ROUNDING_INTERVAL_SET,True,0.0,0.03448275862068958,0.5268103448275865,0.5318103448275865,False,False,,
600879.SH,1996-04-04,PASS_ROUNDING_INTERVAL_SET,True,0.0,0.2000000000000009,-0.045500000000003094,-0.04050000000000309,False,True,0.09341057204923968,0.09417685118619698
600879.SH,1996-04-05,PASS_ROUNDING_INTERVAL_SET,True,0.0,0.03225806451612901,0.5344354838709678,0.5394354838709678,False,False,,
600879.SH,1996-04-08,PASS_ROUNDING_INTERVAL_SET,True,0.0,0.11111111111111029,0.2530555555555585,0.2580555555555585,False,True,0.09142452161587528,0.09167249825052484
600879.SH,1996-04-09,PASS_ROUNDING_INTERVAL_SET,True,0.0,0.11111111111111138,0.2569444444444435,0.2619444444444435,False,True,0.09234073013600573,0.09257950530035336
600879.SH,1996-04-10,PASS_ROUNDING_INTERVAL_SET,True,0.0,0.04761904761904767,0.478690476190476,0.483690476190476,False,False,,
600879.SH,1996-04-12,PASS_ROUNDING_INTERVAL_SET,True,0.0,0.06666666666666657,0.40750000000000036,0.41250000000000037,False,False,,
600879.SH,1996-04-15,PASS_ROUNDING_INTERVAL_SET,True,0.0,0.11111111111111138,0.2541666666666657,0.2591666666666657,False,True,0.09168443496801706,0.09192982456140351
600879.SH,1996-04-16,PASS_ROUNDING_INTERVAL_SET,True,0.0,0.07692307692307652,0.3736538461538476,0.3786538461538476,False,False,,
600879.SH,1996-04-17,PASS_ROUNDING_INTERVAL_SET,True,0.0,0.1428571428571424,0.13750000000000162,0.14250000000000163,False,True,0.09078114004222379,0.09128919860627178
600879.SH,1996-05-06,PASS_ROUNDING_INTERVAL_SET,True,0.0,0.04000000000000032,0.5026999999999987,0.5076999999999987,False,False,,
600879.SH,1996-05-13,PASS_ROUNDING_INTERVAL_SET,True,0.0,0.043478260869565515,0.4879347826086944,0.4929347826086944,False,False,,
600879.SH,1996-05-14,PASS_ROUNDING_INTERVAL_SET,True,0.0,0.047619047619048276,0.471309523809521,0.476309523809521,False,False,,
600879.SH,1996-05-24,PASS_ROUNDING_INTERVAL_SET,True,0.0,0.03571428571428594,0.5236607142857135,0.5286607142857134,False,False,,
600879.SH,1996-05-29,PASS_ROUNDING_INTERVAL_SET,True,0.0,0.03448275862068979,0.5269827586206892,0.5319827586206891,False,False,,
600879.SH,1996-05-31,PASS_ROUNDING_INTERVAL_SET,True,0.0,0.0285714285714287,0.5517857142857139,0.5567857142857138,False,False,,
600879.SH,1996-06-11,PASS_ROUNDING_INTERVAL_SET,True,0.0,0.023255813953488455,0.5729651162790694,0.5779651162790694,False,False,,
600879.SH,1996-06-12,PASS_ROUNDING_INTERVAL_SET,True,0.0,0.028571428571428626,0.5503571428571427,0.5553571428571427,False,False,,
600879.SH,1996-06-13,PASS_ROUNDING_INTERVAL_SET,True,0.0,0.04000000000000032,0.5032999999999987,0.5082999999999988,False,False,,
600879.SH,1996-06-21,PASS_ROUNDING_INTERVAL_SET,True,0.0,0.04000000000000032,0.5020999999999987,0.5070999999999987,False,False,,
600879.SH,1996-06-24,PASS_ROUNDING_INTERVAL_SET,True,0.0,0.043478260869565515,0.4888043478260857,0.49380434782608573,False,False,,
600879.SH,1996-07-02,PASS_ROUNDING_INTERVAL_SET,True,0.0,0.06666666666666736,0.3908333333333305,0.3958333333333305,False,False,,
600879.SH,1996-07-03,PASS_ROUNDING_INTERVAL_SET,True,0.0,0.0714285714285721,0.37017857142856864,0.37517857142856864,False,False,,
600879.SH,1996-07-08,PASS_ROUNDING_INTERVAL_SET,True,0.0,0.03571428571428583,0.5218749999999995,0.5268749999999995,False,False,,
600879.SH,1996-07-09,PASS_ROUNDING_INTERVAL_SET,True,0.0,0.028571428571428772,0.5497857142857134,0.5547857142857135,False,False,,
600879.SH,1996-07-15,PASS_ROUNDING_INTERVAL_SET,True,0.0,0.025641025641025744,0.5666025641025637,0.5716025641025637,False,False,,
600879.SH,1996-07-16,PASS_ROUNDING_INTERVAL_SET,True,0.0,0.040000000000000036,0.5008999999999999,0.5058999999999999,False,False,,
600879.SH,1996-07-25,PASS_ROUNDING_INTERVAL_SET,True,0.0,0.022727272727272863,0.5907386363636357,0.5957386363636357,False,False,,
600879.SH,1996-08-02,PASS_ROUNDING_INTERVAL_SET,True,0.0,0.029411764705882543,0.5556617647058814,0.5606617647058814,False,False,,
600879.SH,1996-08-16,PASS_ROUNDING_INTERVAL_SET,True,0.0,0.04000000000000032,0.5348999999999986,0.5398999999999987,False,False,,
600879.SH,1996-08-19,PASS_ROUNDING_INTERVAL_SET,True,0.0,0.10000000000000223,0.2912499999999909,0.2962499999999909,False,True,0.08606811145510834,0.08623853211009175
600879.SH,1996-08-28,PASS_ROUNDING_INTERVAL_SET,True,0.0,0.025000000000000057,0.5968124999999997,0.6018124999999998,False,False,,
600879.SH,1996-08-29,PASS_ROUNDING_INTERVAL_SET,True,0.0,0.03571428571428594,0.552232142857142,0.5572321428571418,False,False,,
600879.SH,1996-09-02,PASS_ROUNDING_INTERVAL_SET,True,0.0,0.037037037037037125,0.5502777777777774,0.5552777777777773,False,False,,
600879.SH,1996-09-03,PASS_ROUNDING_INTERVAL_SET,True,0.0,0.037037037037037375,0.5497222222222207,0.5547222222222208,False,False,,
600879.SH,1996-09-09,PASS_ROUNDING_INTERVAL_SET,True,0.0,0.04347826086956534,0.5242391304347821,0.5292391304347821,False,False,,
600879.SH,1996-09-11,PASS_ROUNDING_INTERVAL_SET,True,0.0,0.06666666666666657,0.4315000000000003,0.43650000000000033,False,False,,
600879.SH,1996-09-16,PASS_ROUNDING_INTERVAL_SET,True,0.0,0.0625,0.4479687499999999,0.4529687499999999,False,False,,
600879.SH,1996-09-17,PASS_ROUNDING_INTERVAL_SET,True,0.0,0.0322580645161291,0.5655645161290319,0.5705645161290319,False,False,,
600879.SH,1996-09-18,PASS_ROUNDING_INTERVAL_SET,True,0.0,0.037037037037037125,0.54787037037037,0.55287037037037,False,False,,
600879.SH,1996-09-20,PASS_ROUNDING_INTERVAL_SET,True,0.0,0.028571428571428626,0.5790714285714283,0.5840714285714284,False,False,,
600879.SH,1996-10-07,PASS_ROUNDING_INTERVAL_SET,True,0.0,0.028571428571428772,0.5892142857142848,0.5942142857142848,False,False,,
600879.SH,1996-10-08,PASS_ROUNDING_INTERVAL_SET,True,0.0,0.03448275862069,0.5618103448275846,0.5668103448275846,False,False,,
600879.SH,1997-07-17,PASS_ROUNDING_INTERVAL_SET,True,0.0,0.03448275862068979,0.6162931034482753,0.6212931034482753,False,False,,
600879.SH,1997-08-04,PASS_ROUNDING_INTERVAL_SET,True,0.0,0.037037037037037125,0.6241666666666663,0.6291666666666663,False,False,,
600879.SH,1997-08-22,PASS_ROUNDING_INTERVAL_SET,True,0.0,0.04761904761904787,0.5739285714285705,0.5789285714285703,False,False,,
600879.SH,1997-08-28,PASS_ROUNDING_INTERVAL_SET,True,0.0,0.050000000000000225,0.564624999999999,0.5696249999999992,False,False,,
600879.SH,1997-09-08,PASS_ROUNDING_INTERVAL_SET,True,0.0,0.04000000000000032,0.6148999999999986,0.6198999999999986,False,False,,
600879.SH,1997-09-25,PASS_ROUNDING_INTERVAL_SET,True,0.0,0.05882352941176478,0.5272058823529409,0.5322058823529409,False,False,,
600879.SH,1997-09-30,PASS_ROUNDING_INTERVAL_SET,True,0.0,0.0625,0.51265625,0.51765625,False,False,,
600879.SH,1997-10-07,PASS_ROUNDING_INTERVAL_SET,True,0.0,0.045454545454545546,0.5798863636363633,0.5848863636363633,False,False,,
600879.SH,1997-10-16,PASS_ROUNDING_INTERVAL_SET,True,0.0,0.04761904761904787,0.5758333333333323,0.5808333333333323,False,False,,
600879.SH,1997-10-29,PASS_ROUNDING_INTERVAL_SET,True,0.0,0.0588235294117654,0.5283823529411735,0.5333823529411735,False,False,,
600879.SH,1997-11-03,PASS_ROUNDING_INTERVAL_SET,True,0.0,0.09090909090909292,0.39386363636362787,0.39886363636362787,False,False,,
600879.SH,1997-11-04,PASS_ROUNDING_INTERVAL_SET,True,0.0,0.0588235294117654,0.5301470588235265,0.5351470588235265,False,False,,
600879.SH,1997-11-20,PASS_ROUNDING_INTERVAL_SET,True,0.0,0.0526315789473691,0.5580263157894707,0.5630263157894706,False,False,,
600879.SH,1997-11-26,PASS_ROUNDING_INTERVAL_SET,True,0.0,0.0526315789473691,0.5538157894736814,0.5588157894736814,False,False,,
600879.SH,1997-12-03,PASS_ROUNDING_INTERVAL_SET,True,0.0,0.047619047619048276,0.573214285714283,0.578214285714283,False,False,,
600879.SH,1997-12-08,PASS_ROUNDING_INTERVAL_SET,True,0.0,0.0625000000000007,0.5123437499999972,0.5173437499999971,False,False,,
600879.SH,1997-12-09,PASS_ROUNDING_INTERVAL_SET,True,0.0,0.06666666666666736,0.49549999999999716,0.5004999999999972,False,False,,
600879.SH,1997-12-10,PASS_ROUNDING_INTERVAL_SET,True,0.0,0.052631578947368605,0.5514473684210519,0.5564473684210519,False,False,,
600879.SH,1997-12-17,PASS_ROUNDING_INTERVAL_SET,True,0.0,0.0526315789473691,0.5543421052631552,0.5593421052631552,False,False,,
600879.SH,1997-12-31,PASS_ROUNDING_INTERVAL_SET,True,0.0,0.0625000000000007,0.5139062499999971,0.5189062499999971,False,False,,
600879.SH,1998-02-11,PASS_ROUNDING_INTERVAL_SET,True,0.0,0.0625000000000007,0.513593749999997,0.5185937499999969,False,False,,
600879.SH,1998-03-26,PASS_ROUNDING_INTERVAL_SET,True,0.0,0.0526315789473691,0.5543421052631552,0.5593421052631552,False,False,,
600879.SH,1998-03-31,PASS_ROUNDING_INTERVAL_SET,True,0.0,0.0625000000000007,0.512031249999997,0.5170312499999971,False,False,,
600879.SH,1998-06-23,PASS_ROUNDING_INTERVAL_SET,True,0.0,0.043478260869565515,0.6072826086956506,0.6122826086956507,False,False,,
600879.SH,1998-07-02,PASS_ROUNDING_INTERVAL_SET,True,0.0,0.050000000000000225,0.5741249999999989,0.5791249999999988,False,False,,
600879.SH,1998-08-25,PASS_ROUNDING_INTERVAL_SET,True,0.0,0.05000000000000067,0.5633749999999973,0.5683749999999973,False,False,,
600879.SH,1998-09-10,PASS_ROUNDING_INTERVAL_SET,True,0.0,0.047619047619048276,0.581547619047616,0.586547619047616,False,False,,
600879.SH,1998-09-22,PASS_ROUNDING_INTERVAL_SET,True,0.0,0.03333333333333368,0.6499166666666651,0.654916666666665,False,False,,
600879.SH,1998-10-08,PASS_ROUNDING_INTERVAL_SET,True,0.0,0.0526315789473691,0.5590789473684177,0.5640789473684177,False,False,,
600879.SH,1998-10-20,PASS_ROUNDING_INTERVAL_SET,True,0.0,0.04166666666666698,0.6203124999999983,0.6253124999999984,False,False,,
600879.SH,1998-10-26,PASS_ROUNDING_INTERVAL_SET,True,0.0,0.03448275862069,0.6445689655172397,0.6495689655172399,False,False,,
600879.SH,1998-12-14,PASS_ROUNDING_INTERVAL_SET,True,0.0,0.10000000000000045,0.3632499999999979,0.3682499999999979,False,True,0.09020475926950747,0.090311986863711
600879.SH,1998-12-24,PASS_ROUNDING_INTERVAL_SET,True,0.0,0.0714285714285721,0.493392857142854,0.49839285714285403,False,False,,
600879.SH,1998-12-25,PASS_ROUNDING_INTERVAL_SET,True,0.0,0.09090909090909145,0.40386363636363387,0.4088636363636339,False,True,0.09010503040353786,0.09011469142545057
600879.SH,1998-12-29,PASS_ROUNDING_INTERVAL_SET,True,0.0,0.0714285714285721,0.49410714285713997,0.49910714285714,False,False,,
600879.SH,1999-01-27,PASS_ROUNDING_INTERVAL_SET,True,0.0,0.0714285714285721,0.49017857142856863,0.49517857142856864,False,False,,
600879.SH,1999-02-05,PASS_ROUNDING_INTERVAL_SET,True,0.0,0.05882352941176478,0.5383823529411762,0.5433823529411762,False,False,,
600879.SH,1999-04-05,PASS_ROUNDING_INTERVAL_SET,True,0.0,0.07142857142857302,0.4916071428571355,0.49660714285713553,False,False,,
600879.SH,1999-05-06,PASS_ROUNDING_INTERVAL_SET,True,0.0,0.05000000000000067,0.6053749999999967,0.6103749999999966,False,False,,
600879.SH,1999-05-12,PASS_ROUNDING_INTERVAL_SET,True,0.0,0.04761904761904787,0.6086904761904749,0.6136904761904749,False,False,,
600880.SH,2003-01-02,PASS_ROUNDING_INTERVAL_SET,True,0.0,0.14285714285714604,-0.11535714285716514,-0.11035714285716525,False,True,0.06319171724384148,0.06358792184724689
600880.SH,2003-11-14,PASS_ROUNDING_INTERVAL_SET,True,0.0,0.16666666666667038,-0.2820833333333588,-0.27708333333335866,False,True,0.06266031513374862,0.06311565122218168
600880.SH,2004-01-09,PASS_ROUNDING_INTERVAL_SET,True,0.0,0.16666666666667038,-0.29708333333335746,-0.29208333333335756,False,True,0.06045437042741625,0.060942889996167114
600881.SH,1995-11-21,PASS_ROUNDING_INTERVAL_SET,True,0.0,0.03225806451612919,0.17395161290322453,0.17895161290322453,False,True,0.027304850626405395,0.027401574803149607
600881.SH,1995-11-28,PASS_ROUNDING_INTERVAL_SET,True,0.0,0.026315789473684303,0.22282894736842035,0.22782894736842035,False,False,,
600881.SH,1995-11-29,PASS_ROUNDING_INTERVAL_SET,True,0.0,0.02702702702702711,0.21736486486486425,0.22236486486486426,False,False,,
600881.SH,1995-11-30,PASS_ROUNDING_INTERVAL_SET,True,0.0,0.013513513513513554,0.31597972972972943,0.32097972972972943,False,False,,
600881.SH,1995-12-04,PASS_ROUNDING_INTERVAL_SET,True,0.0,0.03571428571428583,0.1527678571428563,0.1577678571428563,False,True,0.028260129383724887,0.028399599064483794
600881.SH,1995-12-05,PASS_ROUNDING_INTERVAL_SET,True,0.0,0.09090909090909145,-0.25613636363636766,-0.25113636363636765,False,True,0.0281070098205215,0.02857142857142857
600881.SH,1995-12-14,PASS_ROUNDING_INTERVAL_SET,True,0.0,0.03333333333333348,0.1645833333333322,0.1695833333333322,False,True,0.027620632279534107,0.02773246329526917
600881.SH,1995-12-15,PASS_ROUNDING_INTERVAL_SET,True,0.0,0.03225806451612919,0.1757258064516117,0.1807258064516117,False,True,0.027974384900572965,0.02806206668867613
600881.SH,1995-12-20,PASS_ROUNDING_INTERVAL_SET,True,0.0,0.05,0.221875,0.226875,False,False,,
600881.SH,1996-01-02,PASS_ROUNDING_INTERVAL_SET,True,0.0,0.04761904761904767,0.23059523809523794,0.23559523809523794,False,False,,
600881.SH,1996-01-11,PASS_ROUNDING_INTERVAL_SET,True,0.0,0.025641025641025744,0.3162179487179483,0.3212179487179483,False,False,,
600881.SH,1996-01-15,PASS_ROUNDING_INTERVAL_SET,True,0.0,0.05555555555555569,0.20097222222222166,0.2059722222222217,False,True,0.05386112913692407,0.053899809765377296
600881.SH,1996-01-22,PASS_ROUNDING_INTERVAL_SET,True,0.0,0.0625,0.17890625000000002,0.18390625000000002,False,True,0.05712219812002892,0.05724381625441696
600881.SH,1996-01-23,PASS_ROUNDING_INTERVAL_SET,True,0.0,0.05555555555555542,0.20347222222222272,0.20847222222222273,False,False,,
600881.SH,1996-01-24,PASS_ROUNDING_INTERVAL_SET,True,0.0,0.09090909090909145,0.07749999999999813,0.08249999999999813,False,True,0.05654974946313529,0.05708245243128965
600881.SH,1996-01-29,PASS_ROUNDING_INTERVAL_SET,True,0.0,0.03703703703703701,0.2712037037037038,0.2762037037037038,False,False,,
600881.SH,1996-02-01,PASS_ROUNDING_INTERVAL_SET,True,0.0,0.05263157894736836,0.21539473684210544,0.22039473684210545,False,False,,
600881.SH,1996-02-02,PASS_ROUNDING_INTERVAL_SET,True,0.0,0.06666666666666657,0.161166666666667,0.16616666666666702,False,True,0.05536568694463431,0.055592766242464835
600881.SH,1996-02-06,PASS_ROUNDING_INTERVAL_SET,True,0.0,0.05263157894736836,0.21197368421052654,0.21697368421052654,False,False,,
600881.SH,1996-02-09,PASS_ROUNDING_INTERVAL_SET,True,0.0,0.09999999999999956,0.042250000000001564,0.04725000000000157,False,True,0.05598866052445075,0.05660377358490566
600881.SH,1996-02-12,PASS_ROUNDING_INTERVAL_SET,True,0.0,0.19999999999999735,-0.31049999999999056,-0.30549999999999056,False,True,0.05598866052445075,0.05700211118930331
600881.SH,1996-02-16,PASS_ROUNDING_INTERVAL_SET,True,0.0,0.043478260869565175,0.24684782608695666,0.25184782608695666,False,False,,
600881.SH,1996-03-19,PASS_ROUNDING_INTERVAL_SET,True,0.0,0.04166666666666698,0.25406249999999875,0.25906249999999875,False,False,,
600881.SH,1996-03-20,PASS_ROUNDING_INTERVAL_SET,True,0.0,0.12500000000000278,-0.09218750000001147,-0.08718750000001146,False,True,0.051359516616314195,0.052064631956912036
600881.SH,1996-03-21,PASS_ROUNDING_INTERVAL_SET,True,0.0,0.06666666666666736,0.14916666666666378,0.1541666666666638,False,True,0.051359516616314195,0.051632047477744816
600881.SH,1996-03-22,PASS_ROUNDING_INTERVAL_SET,True,0.0,0.10000000000000223,0.01324999999999077,0.018249999999990774,False,True,0.051608986035215534,0.05218956208758249
600881.SH,1996-03-25,PASS_ROUNDING_INTERVAL_SET,True,0.0,0.07692307692307758,0.10596153846153572,0.11096153846153572,False,True,0.05123568414707655,0.051632047477744816
600881.SH,1996-03-26,PASS_ROUNDING_INTERVAL_SET,True,0.0,0.06666666666666736,0.15149999999999714,0.15649999999999714,False,True,0.05179768433881779,0.052064631956912036
600881.SH,1996-03-27,PASS_ROUNDING_INTERVAL_SET,True,0.0,0.05555555555555624,0.19819444444444162,0.20319444444444162,False,True,0.05205143906919779,0.052127022168963456
600881.SH,1996-03-28,PASS_ROUNDING_INTERVAL_SET,True,0.0,0.0714285714285721,0.13267857142856865,0.13767857142856865,False,True,0.05192425167990226,0.05225225225225226
600881.SH,1996-04-01,PASS_ROUNDING_INTERVAL_SET,True,0.0,0.04166666666666698,0.25302083333333203,0.25802083333333203,False,False,,
600881.SH,1996-04-02,PASS_ROUNDING_INTERVAL_SET,True,0.0,0.06666666666666736,0.14983333333333043,0.15483333333333044,False,True,0.05148394912174439,0.05175490779298037
600881.SH,1996-04-03,PASS_ROUNDING_INTERVAL_SET,True,0.0,0.14285714285714604,-0.16750000000001325,-0.16250000000001324,False,True,0.05123568414707655,0.05200239091452481
600881.SH,1996-04-04,PASS_ROUNDING_INTERVAL_SET,True,0.0,0.09090909090909292,0.043863636363627834,0.04886363636362784,False,True,0.050685748360166955,0.051206592113007654
600881.SH,1996-04-12,PASS_ROUNDING_INTERVAL_SET,True,0.0,0.029411764705882543,0.30595588235294036,0.31095588235294036,False,False,,
600881.SH,1996-04-15,PASS_ROUNDING_INTERVAL_SET,True,0.0,0.05882352941176478,0.17897058823529377,0.18397058823529377,False,True,0.049971280873061456,0.05014084507042254
600881.SH,1996-04-16,PASS_ROUNDING_INTERVAL_SET,True,0.0,0.07692307692307758,0.1001923076923048,0.10519230769230481,False,True,0.049971280873061456,0.05036785512167516
600881.SH,1996-04-17,PASS_ROUNDING_INTERVAL_SET,True,0.0,0.08333333333333395,0.0702083333333306,0.0752083333333306,False,True,0.049685893774985716,0.05014084507042254
600881.SH,1996-05-28,PASS_ROUNDING_INTERVAL_SET,True,0.0,0.09090909090909145,0.10931818181817943,0.11431818181817943,False,True,0.058012636415852956,0.0584231423709586
600881.SH,1996-05-29,PASS_ROUNDING_INTERVAL_SET,True,0.0,0.045454545454545726,0.30806818181818063,0.31306818181818064,False,False,,
600881.SH,1996-06-13,PASS_ROUNDING_INTERVAL_SET,True,0.0,0.043478260869565515,0.3190217391304334,0.3240217391304334,False,False,,
600881.SH,1996-06-25,PASS_ROUNDING_INTERVAL_SET,True,0.0,0.04166666666666698,0.32364583333333197,0.32864583333333197,False,False,,
600881.SH,1996-08-15,PASS_ROUNDING_INTERVAL_SET,True,0.0,0.037037037037037375,0.35509259259259096,0.36009259259259097,False,False,,
600881.SH,1996-09-11,PASS_ROUNDING_INTERVAL_SET,True,0.0,0.0526315789473691,0.27592105263157585,0.28092105263157585,False,False,,
600881.SH,1996-09-13,PASS_ROUNDING_INTERVAL_SET,True,0.0,0.037037037037037375,0.34342592592592447,0.3484259259259245,False,False,,
600881.SH,1996-09-18,PASS_ROUNDING_INTERVAL_SET,True,0.0,0.030303030303030488,0.37386363636363557,0.3788636363636355,False,False,,
600881.SH,1996-10-03,PASS_ROUNDING_INTERVAL_SET,True,0.0,0.0526315789473691,0.276973684210523,0.281973684210523,False,False,,
600881.SH,1996-10-11,PASS_ROUNDING_INTERVAL_SET,True,0.0,0.030303030303030488,0.3831060606060598,0.3881060606060598,False,False,,
600881.SH,1996-10-17,PASS_ROUNDING_INTERVAL_SET,True,0.0,0.047619047619048276,0.2991666666666636,0.3041666666666636,False,False,,
600881.SH,1996-10-21,PASS_ROUNDING_INTERVAL_SET,True,0.0,0.045454545454545726,0.3112499999999987,0.3162499999999987,False,False,,
600881.SH,1996-10-22,PASS_ROUNDING_INTERVAL_SET,True,0.0,0.04166666666666698,0.32906249999999854,0.33406249999999854,False,False,,
600881.SH,1996-11-04,PASS_ROUNDING_INTERVAL_SET,True,0.0,0.05555555555555624,0.2634722222222191,0.2684722222222191,False,False,,
600881.SH,1996-11-05,PASS_ROUNDING_INTERVAL_SET,True,0.0,0.05555555555555624,0.2634722222222191,0.2684722222222191,False,False,,
600881.SH,1996-11-07,PASS_ROUNDING_INTERVAL_SET,True,0.0,0.08333333333333395,0.13562499999999716,0.14062499999999717,False,True,0.05656232839099396,0.05691056910569106
600881.SH,1996-11-08,PASS_ROUNDING_INTERVAL_SET,True,0.0,0.07692307692307863,0.16634615384614604,0.17134615384614604,False,True,0.056811913954771094,0.0570962479608483
600881.SH,1996-11-11,PASS_ROUNDING_INTERVAL_SET,True,0.0,0.047619047619048276,0.297499999999997,0.302499999999997,False,False,,
600881.SH,1996-11-13,PASS_ROUNDING_INTERVAL_SET,True,0.0,0.043478260869565515,0.3179347826086943,0.3229347826086943,False,False,,
600881.SH,1996-11-14,PASS_ROUNDING_INTERVAL_SET,True,0.0,0.06666666666666736,0.20983333333333015,0.21483333333333016,False,True,0.056253413435281265,0.05642127888232134
600881.SH,1997-01-02,PASS_ROUNDING_INTERVAL_SET,True,0.0,0.0714285714285721,0.18124999999999664,0.18624999999999664,False,True,0.05401312468450278,0.054255848680935796
600881.SH,1997-01-09,PASS_ROUNDING_INTERVAL_SET,True,0.0,0.0526315789473691,0.27828947368420726,0.28328947368420726,False,False,,
600881.SH,1997-01-10,PASS_ROUNDING_INTERVAL_SET,True,0.0,0.0625000000000007,0.22609374999999654,0.23109374999999654,False,True,0.054122407688416786,0.054255848680935796
600881.SH,1997-01-15,PASS_ROUNDING_INTERVAL_SET,True,0.0,0.08333333333333519,0.16729166666665846,0.17229166666665846,False,True,0.06062322946175637,0.060927892677473464
600881.SH,1997-01-17,PASS_ROUNDING_INTERVAL_SET,True,0.0,0.06666666666666736,0.23783333333333023,0.24283333333333024,False,True,0.06001121704991587,0.06012134583563156
600881.SH,1997-01-23,PASS_ROUNDING_INTERVAL_SET,True,0.0,0.12500000000000278,-0.027187500000012688,-0.022187500000012683,False,True,0.05953031130529765,0.060097455332972394
600881.SH,1997-01-27,PASS_ROUNDING_INTERVAL_SET,True,0.0,0.045454545454545726,0.33693181818181694,0.34193181818181695,False,False,,
600881.SH,1997-01-28,PASS_ROUNDING_INTERVAL_SET,True,0.0,0.125,-0.02531249999999996,-0.020312499999999956,False,True,0.05972602739726028,0.06029331884845193
600881.SH,1997-01-29,PASS_ROUNDING_INTERVAL_SET,True,0.0,0.0625000000000007,0.25859374999999685,0.26359374999999685,False,True,0.05946535733769776,0.059517426273458456
600881.SH,1997-01-31,PASS_ROUNDING_INTERVAL_SET,True,0.0,0.06666666666666736,0.24149999999999677,0.24649999999999678,False,True,0.05901116427432217,0.05913134484563057
600881.SH,1997-02-25,PASS_ROUNDING_INTERVAL_SET,True,0.0,0.045454545454545726,0.34102272727272603,0.34602272727272604,False,False,,
600881.SH,1997-05-28,PASS_ROUNDING_INTERVAL_SET,True,0.0,0.0588235294117654,0.3413235294117614,0.3463235294117614,False,False,,
600881.SH,1997-07-09,PASS_ROUNDING_INTERVAL_SET,True,0.0,0.09999999999999956,0.16075000000000178,0.16575000000000178,False,True,0.07038681039949271,0.07075767063243582
600881.SH,1997-07-28,PASS_ROUNDING_INTERVAL_SET,True,0.0,0.0625000000000007,0.3117187499999971,0.3167187499999971,False,False,,
600881.SH,1997-07-31,PASS_ROUNDING_INTERVAL_SET,True,0.0,0.0714285714285721,0.27660714285714,0.28160714285714,False,True,0.06882106523040095,0.06886403766921718
600881.SH,1997-08-20,PASS_ROUNDING_INTERVAL_SET,True,0.0,0.0588235294117654,0.3489705882352906,0.3539705882352906,False,False,,
600881.SH,1997-10-16,PASS_ROUNDING_INTERVAL_SET,True,0.0,0.0714285714285721,0.2908928571428535,0.2958928571428535,False,True,0.06276150627615062,0.06287287746672786
600892.SH,2000-02-16,PASS_ROUNDING_INTERVAL_SET,True,0.0,2814749767106.5,-24973867308648.87,-24973867308648.867,False,True,0.19977458438996903,0.20033812341504648
600895.SH,1996-05-29,PASS_ROUNDING_INTERVAL_SET,True,0.0,0.055555555555554595,-0.2868055555555456,-0.2818055555555456,False,True,0.013845032790867138,0.014206597640260051
600895.SH,1999-02-05,PASS_ROUNDING_INTERVAL_SET,True,0.0,0.11111111111111138,-0.19472222222222402,-0.1897222222222239,False,True,0.04052489386337322,0.04101188194710617
600895.SH,1999-04-16,PASS_ROUNDING_INTERVAL_SET,True,0.0,0.11111111111111358,-0.21638888888890379,-0.21138888888890378,False,True,0.037649979313198176,0.03819301848049282
600975.SH,2006-03-10,PASS_ROUNDING_INTERVAL_SET,True,0.0,0.25,-0.319375,-0.314375,False,True,0.07136859781696053,0.0725604670558799
600979.SH,2005-12-16,PASS_ROUNDING_INTERVAL_SET,True,0.0,0.4999999999999889,-0.7787499999999759,-0.7737499999999757,False,True,0.072,0.07394766780432309
600988.SH,2006-03-10,PASS_ROUNDING_INTERVAL_SET,True,0.0,0.5,-0.7987500000000001,-0.79375,False,True,0.04905660377358491,0.05131414267834794
600988.SH,2007-03-14,PASS_ROUNDING_INTERVAL_SET,True,0.0,inf,-8.420000000000002,-8.41,True,True,0.12791299844640083,0.12894873122734335
601012.SH,2012-05-22,PASS_ROUNDING_INTERVAL_SET,True,0.0,0.08333333333333272,-0.5235416666666615,-0.5185416666666613,False,True,0.010879153190238166,0.011386861313868613
601016.SH,2015-07-08,PASS_ROUNDING_INTERVAL_SET,True,0.0,2814749767106.5,-24439064852895.49,-24439064852895.484,False,True,0.38554563777713796,0.3861215087820328
601880.SH,2013-04-12,PASS_ROUNDING_INTERVAL_SET,True,0.0,0.9999999999999778,-0.49749999999997074,-0.49249999999997063,False,True,0.31190926275992437,0.31450094161958564
601880.SH,2013-04-22,PASS_ROUNDING_INTERVAL_SET,True,0.0,0.9999999999999778,-0.49749999999997074,-0.49249999999997063,False,True,0.31190926275992437,0.31450094161958564
601880.SH,2013-08-07,PASS_ROUNDING_INTERVAL_SET,True,0.0,0.9999999999999778,-0.4724999999999746,-0.4674999999999747,False,True,0.2923076923076923,0.29540481400437635
601916.SH,2021-04-28,PASS_ROUNDING_INTERVAL_SET,False,,,,,False,True,0.699873896595208,0.7023959646910465
603269.SH,2020-02-03,PASS_ROUNDING_INTERVAL_SET,True,0.0,0.3333333333333333,0.3008333333333333,0.3058333333333332,False,True,0.19083969465648853,0.1911823647294589
603283.SH,2023-07-12,PASS_ROUNDING_INTERVAL_SET,True,0.0,inf,-18.69,-18.679999999999996,True,True,0.5311676909569798,0.5314185375642795
603535.SH,2024-10-11,PASS_ROUNDING_INTERVAL_SET,True,0.0,inf,-3.5500000000000007,-3.539999999999999,True,True,0.6696137738483015,0.670544439274081
603811.SH,2018-07-10,PASS_ROUNDING_INTERVAL_SET,True,0.0,2814749767106.5,-42087545892655.484,-42087545892655.48,False,True,0.14897174385554257,0.1493061360976425
603918.SH,2015-11-12,PASS_ROUNDING_INTERVAL_SET,True,0.0,703687441776.5,-33367099270409.664,-33367099270409.656,False,True,0.2902409447988612,0.2903463911003321
000007.SZ,1995-07-31,PASS_ROUNDING_INTERVAL_SET,True,0.0,1.0000000000000222,-1.1575000000000444,-1.1525000000000443,False,True,0.21098626716604243,0.21295143212951434
000007.SZ,1995-10-18,PASS_ROUNDING_INTERVAL_SET,True,0.0,0.3333333333333309,0.20750000000000446,0.21250000000000446,False,True,0.22267206477732793,0.22356091030789824
000007.SZ,1995-11-03,PASS_ROUNDING_INTERVAL_SET,True,0.0,0.5,-0.10125000000000006,-0.09625000000000006,False,True,0.22267206477732793,0.22416107382550335
000007.SZ,1996-03-21,PASS_ROUNDING_INTERVAL_SET,True,0.0,1.0000000000000222,-0.8325000000000333,-0.8275000000000332,False,True,0.22203672787979967,0.22462562396006658
000007.SZ,1996-03-22,PASS_ROUNDING_INTERVAL_SET,True,0.0,0.5,-0.08374999999999999,-0.07874999999999999,False,True,0.22203672787979967,0.22388059701492538
000007.SZ,1996-03-25,PASS_ROUNDING_INTERVAL_SET,True,0.0,0.5,-0.08624999999999994,-0.08124999999999993,False,True,0.22129783693843597,0.22314049586776863
000007.SZ,1996-03-27,PASS_ROUNDING_INTERVAL_SET,True,0.0,0.5,-0.08374999999999999,-0.07874999999999999,False,True,0.22165820642978004,0.2235294117647059
000007.SZ,2001-04-20,PASS_ROUNDING_INTERVAL_SET,True,0.0,inf,-6.81,-6.8,True,True,0.43835051546391757,0.43917525773195876
000007.SZ,2009-04-07,PASS_ROUNDING_INTERVAL_SET,True,0.0,inf,-1.6599999999999997,-1.65,True,True,0.6656596173212488,0.6676737160120846
000008.SZ,1992-07-15,PASS_ROUNDING_INTERVAL_SET,True,0.0,0.05263157894736811,0.23434210526316146,0.23934210526316146,False,True,0.036414565826330535,0.036546270570634753
000008.SZ,1994-01-12,PASS_ROUNDING_INTERVAL_SET,True,0.0,0.052631578947368605,0.20381578947368284,0.20881578947368284,False,True,0.04076568592697624,0.04092339979013641
000008.SZ,1994-05-27,PASS_ROUNDING_INTERVAL_SET,True,0.0,0.06666666666666736,0.034833333333330496,0.0398333333333305,False,True,0.03763109191856878,0.038158691701998794
000008.SZ,1994-06-06,PASS_ROUNDING_INTERVAL_SET,True,0.0,0.07692307692307705,-0.014423076923077371,-0.009423076923077367,False,True,0.036402569593147756,0.03714085494043448
000008.SZ,1994-06-07,PASS_ROUNDING_INTERVAL_SET,True,0.0,0.11111111111111138,-0.1341666666666676,-0.1291666666666676,False,True,0.036402569593147756,0.037350246652572236
000008.SZ,1994-07-22,PASS_ROUNDING_INTERVAL_SET,True,0.0,0.07692307692307679,0.009423076923077173,0.014423076923077177,False,True,0.04134762633996938,0.0427098674521355
000008.SZ,1994-07-29,PASS_ROUNDING_INTERVAL_SET,True,0.0,0.09999999999999956,-0.028749999999999304,-0.0237499999999993,False,True,0.04065040650406505,0.04251968503937008
000008.SZ,1994-11-16,PASS_ROUNDING_INTERVAL_SET,True,0.0,0.1428571428571424,-0.11178571428571282,-0.10678571428571282,False,True,0.05355715427657874,0.05454545454545455
000008.SZ,1994-11-17,PASS_ROUNDING_INTERVAL_SET,True,0.0,0.125,-0.05593749999999997,-0.05093749999999997,False,True,0.05355715427657874,0.05445935280189424
000008.SZ,1994-11-23,PASS_ROUNDING_INTERVAL_SET,True,0.0,0.11111111111111029,-0.01138888888888634,-0.006388888888886335,False,True,0.0536746490503716,0.05451586655817738
000008.SZ,1994-12-08,PASS_ROUNDING_INTERVAL_SET,True,0.0,0.19999999999999735,-0.27549999999999225,-0.27049999999999225,False,True,0.05254091300602929,0.05380017079419299
000008.SZ,1994-12-28,PASS_ROUNDING_INTERVAL_SET,True,0.0,0.16666666666666544,-0.17458333333332982,-0.1695833333333298,False,True,0.052997393570807995,0.05417024935511608
000008.SZ,1995-01-12,PASS_ROUNDING_INTERVAL_SET,True,0.0,0.2000000000000009,-0.27050000000000257,-0.26550000000000257,False,True,0.05216622458001768,0.05346187554776512
000008.SZ,1995-01-23,PASS_ROUNDING_INTERVAL_SET,True,0.0,0.09999999999999956,0.009750000000001202,0.014750000000001207,False,True,0.05183788878416589,0.052728954671600374
000008.SZ,1995-01-24,PASS_ROUNDING_INTERVAL_SET,True,0.0,0.09999999999999956,0.009250000000001202,0.014250000000001206,False,True,0.0517403574788335,0.052631578947368425
000008.SZ,1995-01-25,PASS_ROUNDING_INTERVAL_SET,True,0.0,0.3333333333333309,-0.6258333333333266,-0.6208333333333267,False,True,0.05215004574565416,0.05368516833484986
000008.SZ,1995-01-26,PASS_ROUNDING_INTERVAL_SET,True,0.0,0.3333333333333309,-0.6174999999999933,-0.6124999999999933,False,True,0.05135387488328666,0.05292479108635098
000008.SZ,1995-02-15,PASS_ROUNDING_INTERVAL_SET,True,0.0,0.12499999999999861,-0.05718749999999628,-0.05218749999999628,False,True,0.0517403574788335,0.05282669138090825
000008.SZ,1995-02-16,PASS_ROUNDING_INTERVAL_SET,True,0.0,0.5000000000000111,-1.0562500000000297,-1.0512500000000298,False,True,0.051643192488262914,0.05332086061739945
000008.SZ,1995-02-17,PASS_ROUNDING_INTERVAL_SET,True,0.0,0.25,-0.38812499999999994,-0.38312499999999994,False,True,0.05183788878416589,0.05332086061739945
000008.SZ,1995-02-28,PASS_ROUNDING_INTERVAL_SET,True,0.0,0.24999999999999445,-0.39437499999998504,-0.38937499999998504,False,True,0.05135387488328666,0.05282669138090825
000008.SZ,1995-03-16,PASS_ROUNDING_INTERVAL_SET,True,0.0,0.11111111111111138,-0.018055555555556324,-0.01305555555555632,False,True,0.05224564619615032,0.05320108205590622
000008.SZ,1995-03-21,PASS_ROUNDING_INTERVAL_SET,True,0.0,0.11111111111111138,-0.018055555555556324,-0.01305555555555632,False,True,0.05224564619615032,0.05320108205590622
000008.SZ,1995-04-04,PASS_ROUNDING_INTERVAL_SET,True,0.0,0.25,-0.413125,-0.408125,False,True,0.05207413945278023,0.05346187554776512
000008.SZ,1995-04-05,PASS_ROUNDING_INTERVAL_SET,True,0.0,0.25,-0.414375,-0.409375,False,True,0.05198237885462555,0.05336832895888014
000008.SZ,1995-04-06,PASS_ROUNDING_INTERVAL_SET,True,0.0,0.11111111111111138,-0.017500000000000793,-0.012500000000000788,False,True,0.05244444444444444,0.05336832895888014
000008.SZ,1995-04-18,PASS_ROUNDING_INTERVAL_SET,True,0.0,0.3333333333333309,-0.6408333333333265,-0.6358333333333264,False,True,0.05253784505788067,0.05403011514614703
000008.SZ,1995-04-19,PASS_ROUNDING_INTERVAL_SET,True,0.0,0.24999999999999445,-0.4056249999999844,-0.4006249999999844,False,True,0.052631578947368425,0.05403011514614703
000008.SZ,1995-04-20,PASS_ROUNDING_INTERVAL_SET,True,0.0,0.24999999999999445,-0.4056249999999844,-0.4006249999999844,False,True,0.052631578947368425,0.05403011514614703
000008.SZ,1995-05-04,PASS_ROUNDING_INTERVAL_SET,True,0.0,0.09090909090909073,0.013409090909091315,0.01840909090909132,False,True,0.048478015783540024,0.04950495049504951
000008.SZ,1995-05-05,PASS_ROUNDING_INTERVAL_SET,True,0.0,0.1428571428571424,-0.10107142857142756,-0.09607142857142756,False,True,0.04858757062146893,0.05005561735261402
000008.SZ,1995-05-15,PASS_ROUNDING_INTERVAL_SET,True,0.0,0.2000000000000009,-0.226500000000002,-0.221500000000002,False,True,0.048697621744054356,0.0503919372900336
000008.SZ,1995-05-17,PASS_ROUNDING_INTERVAL_SET,True,0.0,0.125,-0.060937500000000006,-0.0559375,False,True,0.048697621744054356,0.05005561735261402
000008.SZ,1995-06-13,PASS_ROUNDING_INTERVAL_SET,True,0.0,0.25,-0.359375,-0.354375,False,True,0.04942166140904311,0.051094890510948905
000008.SZ,1995-06-20,PASS_ROUNDING_INTERVAL_SET,True,0.0,0.11111111111111138,-0.03250000000000061,-0.027500000000000607,False,True,0.04826038159371492,0.04950495049504951
000008.SZ,1995-06-21,PASS_ROUNDING_INTERVAL_SET,True,0.0,0.16666666666666544,-0.15291666666666395,-0.14791666666666395,False,True,0.048697621744054356,0.05027932960893854
000008.SZ,1995-06-23,PASS_ROUNDING_INTERVAL_SET,True,0.0,0.25,-0.338125,-0.333125,False,True,0.04858757062146893,0.0503919372900336
000008.SZ,1995-06-30,PASS_ROUNDING_INTERVAL_SET,True,0.0,0.1666666666666679,-0.15625000000000275,-0.15125000000000274,False,True,0.04826038159371492,0.049833887043189376
000008.SZ,1995-07-04,PASS_ROUNDING_INTERVAL_SET,True,0.0,0.1428571428571424,-0.10249999999999901,-0.097499999999999,False,True,0.047619047619047616,0.04914285714285714
000008.SZ,1995-07-06,PASS_ROUNDING_INTERVAL_SET,True,0.0,0.1428571428571424,-0.10392857142857045,-0.09892857142857045,False,True,0.047398843930635835,0.04891922639362912
000008.SZ,1995-07-12,PASS_ROUNDING_INTERVAL_SET,True,0.0,0.25,-0.338125,-0.333125,False,True,0.047180667433831994,0.049030786773090085
000008.SZ,1995-07-21,PASS_ROUNDING_INTERVAL_SET,True,0.0,0.1428571428571424,-0.10321428571428473,-0.09821428571428473,False,True,0.04826038159371492,0.049723756906077346
000008.SZ,1995-07-24,PASS_ROUNDING_INTERVAL_SET,True,0.0,0.08333333333333333,0.031041666666666662,0.036041666666666666,False,True,0.048697621744054356,0.04961411245865491
000008.SZ,1995-07-25,PASS_ROUNDING_INTERVAL_SET,True,0.0,0.19999999999999735,-0.22749999999999412,-0.22249999999999412,False,True,0.04858757062146893,0.05027932960893854
000008.SZ,1995-07-28,PASS_ROUNDING_INTERVAL_SET,True,0.0,0.1428571428571424,-0.10107142857142756,-0.09607142857142756,False,True,0.04858757062146893,0.05005561735261402
000008.SZ,1995-07-31,PASS_ROUNDING_INTERVAL_SET,True,0.0,0.1428571428571424,-0.10107142857142756,-0.09607142857142756,False,True,0.04858757062146893,0.05005561735261402
000008.SZ,1995-08-01,PASS_ROUNDING_INTERVAL_SET,True,0.0,0.1428571428571424,-0.10035714285714184,-0.09535714285714184,False,True,0.048697621744054356,0.05016722408026755
000008.SZ,1995-08-02,PASS_ROUNDING_INTERVAL_SET,True,0.0,0.2000000000000009,-0.230500000000002,-0.225500000000002,False,True,0.04826038159371492,0.049944506104328525
000008.SZ,1995-08-03,PASS_ROUNDING_INTERVAL_SET,True,0.0,0.25,-0.34062500000000007,-0.33562500000000006,False,True,0.0483689538807649,0.05016722408026755
000008.SZ,1995-08-10,PASS_ROUNDING_INTERVAL_SET,True,0.0,0.07692307692307652,0.04942307692307785,0.05442307692307785,False,True,0.049288061336254116,0.05005324813631523
000008.SZ,1995-09-29,PASS_ROUNDING_INTERVAL_SET,True,0.0,0.09999999999999956,0.032750000000001084,0.03775000000000109,False,True,0.056759545923632616,0.05763397371081901
000008.SZ,1995-10-04,PASS_ROUNDING_INTERVAL_SET,True,0.0,0.16666666666666544,-0.13208333333333028,-0.12708333333333027,False,True,0.056294779938587516,0.05763397371081901
000008.SZ,1995-10-05,PASS_ROUNDING_INTERVAL_SET,True,0.0,0.25,-0.338125,-0.333125,False,True,0.05606523955147809,0.05763397371081901
000008.SZ,1995-10-13,PASS_ROUNDING_INTERVAL_SET,True,0.0,0.11111111111111138,0.0036111111111104544,0.008611111111110514,False,True,0.0563230605738576,0.057351407716371226
000008.SZ,1995-11-10,PASS_ROUNDING_INTERVAL_SET,True,0.0,0.25,-0.340625,-0.335625,False,True,0.05694305694305694,0.05847373637264618
000008.SZ,1995-11-27,PASS_ROUNDING_INTERVAL_SET,True,0.0,0.25,-0.338125,-0.333125,False,True,0.05606523955147809,0.05763397371081901
000008.SZ,1996-01-12,PASS_ROUNDING_INTERVAL_SET,True,0.0,0.09090909090909073,0.04386363636363677,0.048863636363636775,False,True,0.05536723163841808,0.05622932745314223
000008.SZ,1996-01-15,PASS_ROUNDING_INTERVAL_SET,True,0.0,0.1428571428571424,-0.07107142857142756,-0.06607142857142756,False,True,0.05536723163841808,0.05672969966629588
000008.SZ,1996-01-17,PASS_ROUNDING_INTERVAL_SET,True,0.0,0.1666666666666679,-0.12208333333333604,-0.11708333333333604,False,True,0.054842473745624266,0.05638665132336019
000008.SZ,1996-01-30,PASS_ROUNDING_INTERVAL_SET,True,0.0,0.16666666666666666,-0.12291666666666665,-0.11791666666666664,False,True,0.05209656925031766,0.053817271589486855
000008.SZ,1996-01-31,PASS_ROUNDING_INTERVAL_SET,True,0.0,0.11111111111111084,-0.011944444444443925,-0.00694444444444392,False,True,0.052496798975672214,0.053817271589486855
000008.SZ,1996-02-01,PASS_ROUNDING_INTERVAL_SET,True,0.0,0.16666666666666666,-0.12291666666666665,-0.11791666666666664,False,True,0.05209656925031766,0.053817271589486855
000008.SZ,1996-02-02,PASS_ROUNDING_INTERVAL_SET,True,0.0,0.19999999999999912,-0.1844999999999983,-0.1794999999999983,False,True,0.05263157894736842,0.054499366286438526
000008.SZ,1996-02-08,PASS_ROUNDING_INTERVAL_SET,True,0.0,0.19999999999999912,-0.18149999999999838,-0.17649999999999838,False,True,0.050477489768076395,0.052489905787348586
000008.SZ,1996-02-15,PASS_ROUNDING_INTERVAL_SET,True,0.0,0.16666666666666666,-0.11958333333333332,-0.11458333333333331,False,True,0.05165562913907285,0.05345501955671448
000008.SZ,1996-03-18,PASS_ROUNDING_INTERVAL_SET,True,0.0,0.25,-0.274375,-0.269375,False,True,0.05193075898801598,0.05401844532279315
000008.SZ,1996-03-19,PASS_ROUNDING_INTERVAL_SET,True,0.0,0.25,-0.273125,-0.268125,False,True,0.0520694259012016,0.05416116248348745
000008.SZ,1996-03-27,PASS_ROUNDING_INTERVAL_SET,True,0.0,0.1428571428571424,-0.07321428571428484,-0.06821428571428484,False,True,0.05193075898801598,0.05359477124183007
000008.SZ,1996-04-02,PASS_ROUNDING_INTERVAL_SET,True,0.0,0.3333333333333309,-0.4324999999999953,-0.4274999999999953,False,True,0.051792828685258974,0.05401844532279315
000008.SZ,1996-04-12,PASS_ROUNDING_INTERVAL_SET,True,0.0,0.10000000000000045,0.01724999999999907,0.022249999999999076,False,True,0.05415162454873646,0.05522914218566393
000008.SZ,2004-08-09,PASS_ROUNDING_INTERVAL_SET,True,0.0,0.14285714285714604,0.12321428571427218,0.12821428571427218,False,True,0.086053412462908,0.08652148322542673
000008.SZ,2005-12-20,PASS_ROUNDING_INTERVAL_SET,True,0.0,0.19999999999999735,-0.01749999999999441,-0.012499999999994404,False,True,0.09585798816568047,0.09707602339181286
000008.SZ,2005-12-23,PASS_ROUNDING_INTERVAL_SET,True,0.0,0.19999999999999735,-0.01749999999999441,-0.012499999999994404,False,True,0.09585798816568047,0.09707602339181286
000008.SZ,2005-12-26,PASS_ROUNDING_INTERVAL_SET,True,0.0,0.33333333333334075,-0.3008333333333491,-0.2958333333333491,False,True,0.09563164108618653,0.09730363423212192
000008.SZ,2005-12-27,PASS_ROUNDING_INTERVAL_SET,True,0.0,0.16666666666666544,0.052916666666669276,0.05791666666666928,False,True,0.09585798816568047,0.09684947491248541
000008.SZ,2005-12-29,PASS_ROUNDING_INTERVAL_SET,True,0.0,0.19999999999999735,-0.01749999999999441,-0.012499999999994404,False,True,0.09585798816568047,0.09707602339181286
000008.SZ,2006-03-01,PASS_ROUNDING_INTERVAL_SET,True,0.0,0.2000000000000009,-0.014500000000002011,-0.009500000000002007,False,True,0.0967741935483871,0.09790979097909791
000008.SZ,2006-12-29,PASS_ROUNDING_INTERVAL_SET,True,0.0,0.2000000000000009,-0.02050000000000185,-0.015500000000001846,False,True,0.0950661853188929,0.09631391200951249
000008.SZ,2007-05-31,PASS_ROUNDING_INTERVAL_SET,True,0.0,1.0000000000001776,-3.8725000000008745,-3.8675000000008737,False,True,0.10625317742755466,0.10716099542915186
000008.SZ,2008-09-19,PASS_ROUNDING_INTERVAL_SET,True,0.0,0.19999999999999912,-0.026499999999998358,-0.021499999999998354,False,True,0.09286675639300135,0.0942895086321381
000009.SZ,1991-07-13,PASS_ROUNDING_INTERVAL_SET,True,0.0,0.24999999999999967,-0.38437499999999947,-0.37937499999999946,False,True,0.010432190760059613,0.013254786450662739
000009.SZ,1991-07-17,PASS_ROUNDING_INTERVAL_SET,True,0.0,0.24999999999999706,-0.3793749999999953,-0.3743749999999953,False,True,0.004754358161648178,0.00782472613458529
000009.SZ,1991-08-09,PASS_ROUNDING_INTERVAL_SET,True,0.0,0.24999999999999706,-0.38937499999999475,-0.38437499999999475,False,True,0.015471167369901548,0.018080667593880387
000009.SZ,1991-08-13,PASS_ROUNDING_INTERVAL_SET,True,0.0,0.24999999999999706,-0.38937499999999475,-0.38437499999999475,False,True,0.015471167369901548,0.018080667593880387
000009.SZ,1991-08-19,PASS_ROUNDING_INTERVAL_SET,True,0.0,0.24999999999999706,-0.38937499999999475,-0.38437499999999475,False,True,0.015471167369901548,0.018080667593880387
000009.SZ,1991-08-22,PASS_ROUNDING_INTERVAL_SET,True,0.0,0.24999999999999706,-0.38937499999999475,-0.38437499999999475,False,True,0.015471167369901548,0.018080667593880387
000009.SZ,1991-08-30,PASS_ROUNDING_INTERVAL_SET,True,0.0,0.24999999999999706,-0.38937499999999475,-0.38437499999999475,False,True,0.015471167369901548,0.018080667593880387
000009.SZ,1991-08-31,PASS_ROUNDING_INTERVAL_SET,True,0.0,0.24999999999999706,-0.38937499999999475,-0.38437499999999475,False,True,0.015471167369901548,0.018080667593880387
000009.SZ,1991-09-02,PASS_ROUNDING_INTERVAL_SET,True,0.0,0.24999999999999706,-0.38937499999999475,-0.38437499999999475,False,True,0.015471167369901548,0.018080667593880387
000009.SZ,1991-09-03,PASS_ROUNDING_INTERVAL_SET,True,0.0,0.24999999999999706,-0.38937499999999475,-0.38437499999999475,False,True,0.015471167369901548,0.018080667593880387
000009.SZ,1991-09-09,PASS_ROUNDING_INTERVAL_SET,True,0.0,0.24999999999999967,-0.38687499999999947,-0.38187499999999946,False,True,0.013024602026049206,0.015736766809728183
000009.SZ,1991-09-21,PASS_ROUNDING_INTERVAL_SET,True,0.0,0.24999999999999967,-0.38687499999999947,-0.38187499999999946,False,True,0.013024602026049206,0.015736766809728183
000009.SZ,1991-09-24,PASS_ROUNDING_INTERVAL_SET,True,0.0,0.24999999999999967,-0.38687499999999947,-0.38187499999999946,False,True,0.013024602026049206,0.015736766809728183
000009.SZ,1991-09-25,PASS_ROUNDING_INTERVAL_SET,True,0.0,0.24999999999999967,-0.38687499999999947,-0.38187499999999946,False,True,0.013024602026049206,0.015736766809728183
000009.SZ,1991-09-26,PASS_ROUNDING_INTERVAL_SET,True,0.0,0.24999999999999967,-0.38687499999999947,-0.38187499999999946,False,True,0.013024602026049206,0.015736766809728183
000009.SZ,1991-09-27,PASS_ROUNDING_INTERVAL_SET,True,0.0,0.24999999999999967,-0.38687499999999947,-0.38187499999999946,False,True,0.013024602026049206,0.015736766809728183
000009.SZ,1991-10-05,PASS_ROUNDING_INTERVAL_SET,True,0.0,0.11111111111111084,-0.13805555555555504,-0.13305555555555504,False,True,0.01778385772913817,0.020026702269692925
000009.SZ,1991-12-18,PASS_ROUNDING_INTERVAL_SET,True,0.0,0.11111111111111358,0.11138888888887588,0.11638888888887589,False,True,0.06615897191813422,0.06654082114204814
000009.SZ,1992-02-12,PASS_ROUNDING_INTERVAL_SET,True,0.0,0.11111111111111358,0.15916666666665202,0.16416666666665203,False,True,0.06903854299025836,0.06935687263556116
000009.SZ,1992-02-13,PASS_ROUNDING_INTERVAL_SET,True,0.0,0.11111111111111358,0.15916666666665202,0.16416666666665203,False,True,0.06903854299025836,0.06935687263556116
000009.SZ,1995-04-14,PASS_ROUNDING_INTERVAL_SET,True,0.0,0.3333333333333309,-0.08416666666666117,-0.07916666666666117,False,True,0.14794215795328142,0.14917127071823205
000009.SZ,1995-07-14,PASS_ROUNDING_INTERVAL_SET,True,0.0,0.3333333333333309,-0.10249999999999515,-0.09749999999999515,False,True,0.1410736579275905,0.14250309789343246
000009.SZ,1995-12-05,PASS_ROUNDING_INTERVAL_SET,True,0.0,0.5,-0.21624999999999994,-0.21124999999999994,False,True,0.17990275526742303,0.18196457326892113
000009.SZ,1996-02-01,PASS_ROUNDING_INTERVAL_SET,True,0.0,0.4999999999999889,-0.21874999999998518,-0.21374999999998517,False,True,0.16760828625235408,0.17009345794392522
000009.SZ,1996-02-06,PASS_ROUNDING_INTERVAL_SET,True,0.0,0.9999999999999778,-0.8674999999999713,-0.8624999999999712,False,True,0.1644100580270793,0.1676300578034682
000009.SZ,1996-02-07,PASS_ROUNDING_INTERVAL_SET,True,0.0,0.4999999999999889,-0.21874999999998562,-0.21374999999998562,False,True,0.1650485436893204,0.1676300578034682
000009.SZ,1996-02-08,PASS_ROUNDING_INTERVAL_SET,True,0.0,0.9999999999999778,-0.8674999999999713,-0.8624999999999712,False,True,0.1644100580270793,0.1676300578034682
000009.SZ,1996-03-29,PASS_ROUNDING_INTERVAL_SET,True,0.0,0.9999999999999778,-0.9024999999999695,-0.8974999999999697,False,True,0.170018281535649,0.17304189435336975
000010.SZ,1996-02-06,PASS_ROUNDING_INTERVAL_SET,True,0.0,0.25,-0.07437499999999997,-0.06937499999999996,False,True,0.1099899091826438,0.11111111111111112
000010.SZ,1996-02-07,PASS_ROUNDING_INTERVAL_SET,True,0.0,0.3333333333333309,-0.28416666666666046,-0.27916666666666046,False,True,0.10954773869346736,0.1108891108891109
000010.SZ,1996-02-09,PASS_ROUNDING_INTERVAL_SET,True,0.0,0.19999999999999735,0.0525000000000066,0.0575000000000066,False,True,0.11065989847715738,0.11155778894472361
000010.SZ,2007-03-02,PASS_ROUNDING_INTERVAL_SET,True,0.0,0.9999999999999112,-1.847499999999672,-1.8424999999996716,False,True,0.24983073798239677,0.25084516565246784
000011.SZ,2007-08-15,PASS_ROUNDING_INTERVAL_SET,True,0.0,inf,-7.74,-7.729999999999999,True,True,0.3699633699633699,0.37077737077737083
000014.SZ,1992-07-22,PASS_ROUNDING_INTERVAL_SET,True,0.0,0.11111111111110453,0.3447222222222994,0.3497222222222993,False,True,0.07028412732322155,0.07044051925941688
000014.SZ,1995-11-17,PASS_ROUNDING_INTERVAL_SET,True,0.0,0.4999999999999889,-0.5587499999999773,-0.5537499999999772,False,True,0.11355311355311355,0.11543134872417982
000014.SZ,1996-03-28,PASS_ROUNDING_INTERVAL_SET,True,0.0,0.4999999999999889,-0.5912499999999816,-0.5862499999999816,False,True,0.07110438729198185,0.07368421052631578
000016.SZ,1992-05-20,PASS_ROUNDING_INTERVAL_SET,True,0.0,0.111111111111107,-0.707499999999949,-0.702499999999949,False,True,0.026917628010524188,0.02722323049001815
000016.SZ,1993-06-10,PASS_ROUNDING_INTERVAL_SET,True,0.0,0.11111111111111138,-0.3641666666666686,-0.3591666666666686,False,True,0.029919042590637098,0.030430220356768102
000016.SZ,1994-12-01,PASS_ROUNDING_INTERVAL_SET,True,0.0,0.25,-0.643125,-0.6381249999999999,False,True,0.022997620935765264,0.02442868400315209
000016.SZ,1994-12-29,PASS_ROUNDING_INTERVAL_SET,True,0.0,0.1666666666666679,-0.3812500000000037,-0.37625000000000375,False,True,0.019311502938706968,0.020781379883624274
000016.SZ,1995-01-18,PASS_ROUNDING_INTERVAL_SET,True,0.0,0.11111111111111029,-0.22638888888888656,-0.22138888888888655,False,True,0.015165031222123104,0.016681299385425813
000016.SZ,1995-01-24,PASS_ROUNDING_INTERVAL_SET,True,0.0,0.2000000000000009,-0.4755000000000024,-0.4705000000000024,False,True,0.013623978201634877,0.015301530153015304
000016.SZ,1995-01-25,PASS_ROUNDING_INTERVAL_SET,True,0.0,0.11111111111111029,-0.22638888888888656,-0.22138888888888655,False,True,0.015165031222123104,0.016681299385425813
000016.SZ,1995-02-28,PASS_ROUNDING_INTERVAL_SET,True,0.0,0.25,-0.619375,-0.614375,False,True,0.015084294587400177,0.016740088105726872
000016.SZ,1995-03-14,PASS_ROUNDING_INTERVAL_SET,True,0.0,0.2000000000000009,-0.4775000000000027,-0.4725000000000027,False,True,0.018025751072961373,0.019574468085106385
000016.SZ,1995-04-03,PASS_ROUNDING_INTERVAL_SET,True,0.0,0.16666666666666544,-0.3795833333333296,-0.3745833333333296,False,True,0.02064409578860446,0.022076860179885527
000016.SZ,1995-04-20,PASS_ROUNDING_INTERVAL_SET,True,0.0,0.16666666666666544,-0.38041666666666285,-0.37541666666666285,False,True,0.02182700080840744,0.023218574859887913
000016.SZ,1995-06-02,PASS_ROUNDING_INTERVAL_SET,True,0.0,0.11111111111111029,-0.22638888888888656,-0.22138888888888655,False,True,0.015165031222123104,0.016681299385425813
000016.SZ,1995-06-29,PASS_ROUNDING_INTERVAL_SET,True,0.0,0.33333333333333043,-0.8091666666666592,-0.8041666666666591,False,True,0.006910167818361304,0.008832188420019628
000016.SZ,1995-07-05,PASS_ROUNDING_INTERVAL_SET,True,0.0,0.24999999999999975,-0.5943749999999993,-0.5893749999999993,False,True,0.005045408678102926,0.007007007007007006
000016.SZ,1995-07-14,PASS_ROUNDING_INTERVAL_SET,True,0.0,0.11111111111111123,-0.24138888888888918,-0.2363888888888892,False,True,0.008729388942774006,0.010486177311725452
000016.SZ,1995-07-31,PASS_ROUNDING_INTERVAL_SET,True,0.0,0.11111111111111123,-0.24138888888888918,-0.2363888888888892,False,True,0.008729388942774006,0.010486177311725452
000016.SZ,1995-08-01,PASS_ROUNDING_INTERVAL_SET,True,0.0,0.33333333333333043,-0.8141666666666592,-0.8091666666666592,False,True,0.008729388942774006,0.01060752169720347
000016.SZ,1995-08-02,PASS_ROUNDING_INTERVAL_SET,True,0.0,0.16666666666666521,-0.38708333333332956,-0.38208333333332956,False,True,0.008678881388621024,0.010486177311725452
000016.SZ,1995-09-14,PASS_ROUNDING_INTERVAL_SET,True,0.0,0.19999999999999735,-0.48149999999999193,-0.47649999999999193,False,True,0.020610057708161586,0.022076860179885527
000016.SZ,1995-09-22,PASS_ROUNDING_INTERVAL_SET,True,0.0,0.25,-0.631875,-0.626875,False,True,0.02064409578860446,0.022149302707137
000016.SZ,1995-09-26,PASS_ROUNDING_INTERVAL_SET,True,0.0,0.2000000000000009,-0.4835000000000027,-0.4785000000000027,False,True,0.01921470342522974,0.020712510356255178
000016.SZ,1995-10-04,PASS_ROUNDING_INTERVAL_SET,True,0.0,0.25,-0.629375,-0.624375,False,True,0.019311502938706968,0.020850708924103418
000016.SZ,1995-10-05,PASS_ROUNDING_INTERVAL_SET,True,0.0,0.3333333333333309,-0.8808333333333259,-0.8758333333333259,False,True,0.019246861924686193,0.020815986677768527
000016.SZ,1995-10-24,PASS_ROUNDING_INTERVAL_SET,True,0.0,0.25,-0.636875,-0.631875,False,True,0.020508613617719443,0.022004889975550123
000016.SZ,1995-11-02,PASS_ROUNDING_INTERVAL_SET,True,0.0,0.125,-0.2290625,-0.2240625,False,True,0.02206531332744925,0.02349869451697128
000016.SZ,1995-11-06,PASS_ROUNDING_INTERVAL_SET,True,0.0,0.125,-0.2290625,-0.2240625,False,True,0.02206531332744925,0.02349869451697128
000016.SZ,1995-11-09,PASS_ROUNDING_INTERVAL_SET,True,0.0,0.19999999999999735,-0.44049999999999256,-0.43549999999999256,False,True,0.020702070207020702,0.02230151650312221
000016.SZ,1995-11-10,PASS_ROUNDING_INTERVAL_SET,True,0.0,0.3333333333333309,-0.8158333333333264,-0.8108333333333264,False,True,0.020590868397493283,0.02226179875333927
000016.SZ,1995-11-16,PASS_ROUNDING_INTERVAL_SET,True,0.0,0.1666666666666679,-0.34625000000000344,-0.34125000000000344,False,True,0.020776874435411017,0.022341376228775692
000016.SZ,1995-11-21,PASS_ROUNDING_INTERVAL_SET,True,0.0,0.1666666666666679,-0.34958333333333674,-0.34458333333333674,False,True,0.01924839596700275,0.020852221214868544
000016.SZ,1995-11-27,PASS_ROUNDING_INTERVAL_SET,True,0.0,0.19999999999999735,-0.4404999999999929,-0.4354999999999929,False,True,0.01774042950513539,0.01942645698427382
000016.SZ,1995-11-30,PASS_ROUNDING_INTERVAL_SET,True,0.0,0.19999999999999735,-0.43449999999999317,-0.42949999999999317,False,True,0.014720314033366046,0.01652089407191448
000016.SZ,1995-12-15,PASS_ROUNDING_INTERVAL_SET,True,0.0,0.1428571428571424,-0.29249999999999887,-0.28749999999999887,False,True,0.012987012987012988,0.01477832512315271
000016.SZ,1995-12-25,PASS_ROUNDING_INTERVAL_SET,True,0.0,0.16666666666666533,-0.35208333333333003,-0.34708333333333,False,True,0.011258955987717503,0.01314459049544995
000016.SZ,1996-01-03,PASS_ROUNDING_INTERVAL_SET,True,0.0,0.16666666666666527,-0.3545833333333301,-0.34958333333333014,False,True,0.00548847420417124,0.007583965330444202
000016.SZ,1996-01-31,PASS_ROUNDING_INTERVAL_SET,True,0.0,0.24999999999999983,-0.5418749999999997,-0.5368749999999997,False,True,0.003367003367003367,0.0055617352614015575
000016.SZ,1996-02-01,PASS_ROUNDING_INTERVAL_SET,True,0.0,0.49999999999998856,-1.0987499999999746,-1.0937499999999747,False,True,0.003367003367003367,0.005586592178770949
000016.SZ,1996-02-09,PASS_ROUNDING_INTERVAL_SET,True,0.0,0.2499999999999942,-0.5393749999999873,-0.5343749999999873,False,True,0.0011481056257175663,0.00341296928327645
000016.SZ,1996-03-21,PASS_ROUNDING_INTERVAL_SET,True,0.0,0.25,-0.561875,-0.556875,False,True,0.014720314033366046,0.01655306718597858
000016.SZ,1996-03-25,PASS_ROUNDING_INTERVAL_SET,True,0.0,0.24999999999999445,-0.5631249999999858,-0.5581249999999858,False,True,0.014691478942213516,0.01652089407191448
000016.SZ,1996-03-29,PASS_ROUNDING_INTERVAL_SET,True,0.0,0.2000000000000009,-0.4335000000000023,-0.42850000000000227,False,True,0.013039117352056168,0.01489572989076465
000016.SZ,1996-04-16,PASS_ROUNDING_INTERVAL_SET,True,0.0,0.25,-0.576875,-0.571875,False,True,0.020776874435411017,0.02242152466367713
000016.SZ,2005-12-23,PASS_ROUNDING_INTERVAL_SET,True,0.0,0.5,-0.71875,-0.71375,False,True,0.04434907010014306,0.04694167852062589
000025.SZ,2002-01-31,PASS_ROUNDING_INTERVAL_SET,True,0.0,inf,-4.9300000000000015,-4.92,True,True,0.46558265582655817,0.4666666666666667
000030.SZ,2003-07-08,PASS_ROUNDING_INTERVAL_SET,True,0.0,0.9999999999999334,-2.387499999999819,-2.382499999999819,False,True,0.05990783410138249,0.061637534498620056
000031.SZ,1994-05-24,PASS_ROUNDING_INTERVAL_SET,True,0.0,0.11111111111111138,0.20472222222222147,0.20972222222222148,False,True,0.09343200740055504,0.09372156505914468
000031.SZ,1994-06-21,PASS_ROUNDING_INTERVAL_SET,True,0.0,0.19999999999999912,0.039500000000001645,0.04450000000000165,False,True,0.11051930758988016,0.1116951379763469
000031.SZ,1994-06-24,PASS_ROUNDING_INTERVAL_SET,True,0.0,0.1428571428571424,0.14678571428571513,0.15178571428571513,False,True,0.11051930758988016,0.1111111111111111
000031.SZ,1994-07-13,PASS_ROUNDING_INTERVAL_SET,True,0.0,0.16666666666666544,0.10125000000000206,0.10625000000000207,False,True,0.11415525114155252,0.11509715994020926
000031.SZ,1994-07-21,PASS_ROUNDING_INTERVAL_SET,True,0.0,0.16666666666666666,0.09791666666666665,0.10291666666666666,False,True,0.1163575042158516,0.11735537190082644
000031.SZ,1994-11-18,PASS_ROUNDING_INTERVAL_SET,True,0.0,0.1428571428571424,0.1675000000000012,0.1725000000000012,False,True,0.10398445092322645,0.10450623202301056
000031.SZ,1994-11-22,PASS_ROUNDING_INTERVAL_SET,True,0.0,0.10000000000000045,0.2792499999999989,0.2842499999999989,False,False,,
000031.SZ,1994-12-01,PASS_ROUNDING_INTERVAL_SET,True,0.0,0.125,0.21531250000000002,0.22031250000000002,False,True,0.10459433040078202,0.10490856592877768
000031.SZ,1994-12-12,PASS_ROUNDING_INTERVAL_SET,True,0.0,0.1428571428571424,0.16107142857142964,0.16607142857142965,False,True,0.10588235294117647,0.10642781875658588
000031.SZ,1995-01-03,PASS_ROUNDING_INTERVAL_SET,True,0.0,0.1428571428571424,0.16392857142857253,0.16892857142857254,False,True,0.10575916230366493,0.10629514963880289
000031.SZ,1995-01-25,PASS_ROUNDING_INTERVAL_SET,True,0.0,0.1428571428571424,0.15464285714285808,0.15964285714285809,False,True,0.10820451843043996,0.1087719298245614
000031.SZ,1995-02-15,PASS_ROUNDING_INTERVAL_SET,True,0.0,0.2000000000000009,0.03349999999999814,0.03849999999999815,False,True,0.10794780545670227,0.10902696365767879
000031.SZ,1995-02-17,PASS_ROUNDING_INTERVAL_SET,True,0.0,0.3333333333333309,-0.24916666666666137,-0.24416666666666137,False,True,0.1076923076923077,0.10928319623971798
000031.SZ,1995-03-02,PASS_ROUNDING_INTERVAL_SET,True,0.0,0.16666666666666544,0.10375000000000262,0.10875000000000262,False,True,0.10726643598615916,0.10807736063708759
000031.SZ,1995-03-14,PASS_ROUNDING_INTERVAL_SET,True,0.0,0.11111111111111029,0.22861111111111293,0.23361111111111293,False,True,0.10710259301014656,0.10718232044198894
000031.SZ,1995-03-28,PASS_ROUNDING_INTERVAL_SET,True,0.0,0.25,-0.08187500000000003,-0.07687500000000003,False,True,0.10662177328843994,0.10789766407119021
000031.SZ,1995-04-06,PASS_ROUNDING_INTERVAL_SET,True,0.0,0.11111111111111138,0.23583333333333267,0.24083333333333268,False,True,0.10610932475884244,0.10620399579390116
000031.SZ,1995-04-14,PASS_ROUNDING_INTERVAL_SET,True,0.0,0.2000000000000009,0.026499999999997914,0.03149999999999792,False,True,0.10577971646673937,0.10679611650485438
000031.SZ,1995-05-04,PASS_ROUNDING_INTERVAL_SET,True,0.0,0.3333333333333309,-0.2258333333333285,-0.2208333333333285,False,True,0.1088348271446863,0.11054637865311309
000031.SZ,1995-05-05,PASS_ROUNDING_INTERVAL_SET,True,0.0,0.24999999999999722,-0.06312499999999455,-0.05812499999999454,False,True,0.1088348271446863,0.11026615969581748
000031.SZ,1995-05-08,PASS_ROUNDING_INTERVAL_SET,True,0.0,0.3333333333333309,-0.2191666666666619,-0.2141666666666619,False,True,0.10996119016817595,0.1116816431322208
000031.SZ,1995-05-09,PASS_ROUNDING_INTERVAL_SET,True,0.0,0.11111111111111084,0.2102777777777783,0.21527777777777832,False,True,0.10996119016817595,0.10998735777496839
000031.SZ,1995-06-01,PASS_ROUNDING_INTERVAL_SET,True,0.0,0.24999999999999445,-0.0731249999999884,-0.06812499999998839,False,True,0.10735826296743065,0.1087216248506571
000031.SZ,1995-06-22,PASS_ROUNDING_INTERVAL_SET,True,0.0,0.16666666666666544,0.09958333333333569,0.10458333333333569,False,True,0.1096433289299868,0.11053315994798439
000031.SZ,1995-06-23,PASS_ROUNDING_INTERVAL_SET,True,0.0,0.19999999999999912,0.0365000000000017,0.04150000000000165,False,True,0.1096433289299868,0.11082138200782268
000031.SZ,1995-06-27,PASS_ROUNDING_INTERVAL_SET,True,0.0,0.1249999999999993,0.18343750000000134,0.18843750000000134,False,True,0.10996119016817595,0.11026615969581748
000031.SZ,1995-06-30,PASS_ROUNDING_INTERVAL_SET,True,0.0,0.19999999999999912,0.03750000000000164,0.04250000000000165,False,True,0.10993377483443709,0.1111111111111111
000031.SZ,1995-07-04,PASS_ROUNDING_INTERVAL_SET,True,0.0,0.5,-0.5237499999999999,-0.51875,False,True,0.11051930758988016,0.11258278145695365
000031.SZ,1995-07-05,PASS_ROUNDING_INTERVAL_SET,True,0.0,0.19999999999999912,0.0365000000000017,0.04150000000000165,False,True,0.1096433289299868,0.11082138200782268
000031.SZ,1995-07-06,PASS_ROUNDING_INTERVAL_SET,True,0.0,0.19999999999999912,0.0365000000000017,0.04150000000000165,False,True,0.1096433289299868,0.11082138200782268
000031.SZ,1995-07-13,PASS_ROUNDING_INTERVAL_SET,True,0.0,0.24999999999999722,-0.06062499999999471,-0.055624999999994706,False,True,0.10906701708278581,0.11053315994798439
000031.SZ,1995-07-17,PASS_ROUNDING_INTERVAL_SET,True,0.0,0.1249999999999993,0.18343750000000134,0.18843750000000134,False,True,0.10996119016817595,0.11026615969581748
000031.SZ,1995-07-27,PASS_ROUNDING_INTERVAL_SET,True,0.0,0.2000000000000009,0.0354999999999982,0.040499999999998204,False,True,0.10888610763454318,0.1100123609394314
000031.SZ,1995-07-28,PASS_ROUNDING_INTERVAL_SET,True,0.0,0.3333333333333309,-0.2374999999999951,-0.2324999999999951,False,True,0.10780669144981413,0.1094710947109471
000031.SZ,1995-07-31,PASS_ROUNDING_INTERVAL_SET,True,0.0,0.19999999999999735,0.03350000000000536,0.03850000000000536,False,True,0.10834371108343711,0.1094710947109471
000031.SZ,1995-09-05,PASS_ROUNDING_INTERVAL_SET,True,0.0,0.125,0.24843749999999998,0.2534375,False,False,,
000031.SZ,1995-09-21,PASS_ROUNDING_INTERVAL_SET,True,0.0,0.3333333333333309,-0.12583333333332897,-0.12083333333332896,False,True,0.13055954088952657,0.13229018492176386
000031.SZ,1995-09-26,PASS_ROUNDING_INTERVAL_SET,True,0.0,0.9999999999999778,-1.2874999999999612,-1.2824999999999611,False,True,0.13055954088952657,0.13304721030042918
000031.SZ,1995-10-04,PASS_ROUNDING_INTERVAL_SET,True,0.0,0.25,0.023125000000000007,0.02812500000000001,False,True,0.1316931982633864,0.13304721030042918
000031.SZ,1995-10-06,PASS_ROUNDING_INTERVAL_SET,True,0.0,0.16666666666666666,0.16875,0.17375000000000002,False,True,0.1324599708879185,0.13304721030042918
000031.SZ,1995-10-09,PASS_ROUNDING_INTERVAL_SET,True,0.0,0.4999999999999889,-0.4012499999999812,-0.3962499999999812,False,True,0.13146233382570163,0.13362701908957414
000031.SZ,1995-10-10,PASS_ROUNDING_INTERVAL_SET,True,0.0,0.25,0.02562500000000001,0.030625000000000013,False,True,0.13263785394932937,0.13402061855670103
000031.SZ,1995-10-18,PASS_ROUNDING_INTERVAL_SET,True,0.0,0.19999999999999912,0.11150000000000154,0.11650000000000155,False,True,0.1324599708879185,0.133428981348637
000031.SZ,1995-10-27,PASS_ROUNDING_INTERVAL_SET,True,0.0,0.16666666666666666,0.16791666666666671,0.17291666666666672,False,True,0.1320754716981132,0.1326676176890157
000031.SZ,1995-11-02,PASS_ROUNDING_INTERVAL_SET,True,0.0,0.24999999999999722,0.0243750000000047,0.029375000000004703,False,True,0.13224368499257058,0.13362701908957414
000031.SZ,1995-11-08,PASS_ROUNDING_INTERVAL_SET,True,0.0,0.3333333333333309,-0.11916666666666248,-0.11416666666666248,False,True,0.13146233382570163,0.13323572474377746
000031.SZ,1995-11-15,PASS_ROUNDING_INTERVAL_SET,True,0.0,0.24999999999999722,0.0243750000000047,0.029375000000004703,False,True,0.13224368499257058,0.13362701908957414
000031.SZ,1995-11-16,PASS_ROUNDING_INTERVAL_SET,True,0.0,0.25,0.02562500000000001,0.030625000000000013,False,True,0.13263785394932937,0.13402061855670103
000031.SZ,1995-12-22,PASS_ROUNDING_INTERVAL_SET,True,0.0,0.4999999999999889,-0.3912499999999816,-0.3862499999999816,False,True,0.13161875945537066,0.13383458646616542
000031.SZ,1995-12-28,PASS_ROUNDING_INTERVAL_SET,True,0.0,0.4999999999999889,-0.3637499999999824,-0.3587499999999824,False,True,0.1347068145800317,0.13700787401574802
000031.SZ,1996-01-02,PASS_ROUNDING_INTERVAL_SET,True,0.0,0.24999999999999722,0.033125000000004234,0.03812500000000424,False,True,0.13584288052373159,0.13731825525040386
000031.SZ,1996-01-11,PASS_ROUNDING_INTERVAL_SET,True,0.0,0.3333333333333309,-0.0958333333333296,-0.0908333333333296,False,True,0.13539967373572592,0.13731825525040386
000031.SZ,1996-01-12,PASS_ROUNDING_INTERVAL_SET,True,0.0,0.1428571428571424,0.19607142857142926,0.20107142857142926,False,True,0.13539967373572592,0.13556618819776714
000031.SZ,1996-01-15,PASS_ROUNDING_INTERVAL_SET,True,0.0,0.16666666666666666,0.15958333333333335,0.16458333333333336,False,True,0.13539967373572592,0.136
000031.SZ,1996-01-17,PASS_ROUNDING_INTERVAL_SET,True,0.0,0.24999999999999722,0.030625000000004288,0.03562500000000429,False,True,0.13495934959349595,0.1364365971107544
000031.SZ,1996-01-23,PASS_ROUNDING_INTERVAL_SET,True,0.0,0.3333333333333358,-0.09416666666667045,-0.08916666666667045,False,True,0.1352253756260434,0.1371900826446281
000031.SZ,1996-01-29,PASS_ROUNDING_INTERVAL_SET,True,0.0,0.19999999999999912,0.10950000000000137,0.11450000000000138,False,True,0.13584288052373159,0.13687600644122383
000031.SZ,1996-01-30,PASS_ROUNDING_INTERVAL_SET,True,0.0,0.5,-0.35125,-0.34625,False,True,0.13539967373572592,0.13776337115072934
000031.SZ,1996-01-31,PASS_ROUNDING_INTERVAL_SET,True,0.0,0.3333333333333309,-0.0958333333333296,-0.0908333333333296,False,True,0.13539967373572592,0.13731825525040386
000031.SZ,1996-02-01,PASS_ROUNDING_INTERVAL_SET,True,0.0,0.5,-0.35125,-0.34625,False,True,0.13539967373572592,0.13776337115072934
000031.SZ,1996-02-02,PASS_ROUNDING_INTERVAL_SET,True,0.0,0.9999999999999778,-1.1124999999999658,-1.107499999999966,False,True,0.13584288052373159,0.13866231647634583
000031.SZ,1996-02-06,PASS_ROUNDING_INTERVAL_SET,True,0.0,0.9999999999999778,-1.0974999999999666,-1.0924999999999665,False,True,0.13477537437603992,0.1376451077943615
000031.SZ,1996-02-07,PASS_ROUNDING_INTERVAL_SET,True,0.0,0.5,-0.34625,-0.34125,False,True,0.13477537437603992,0.1371900826446281
000031.SZ,1996-03-12,PASS_ROUNDING_INTERVAL_SET,True,0.0,0.25,0.03187499999999999,0.03687499999999999,False,True,0.13539967373572592,0.13687600644122383
000031.SZ,1996-03-15,PASS_ROUNDING_INTERVAL_SET,True,0.0,0.3333333333333309,-0.1008333333333295,-0.0958333333333295,False,True,0.13408723747980614,0.136
000031.SZ,1996-03-18,PASS_ROUNDING_INTERVAL_SET,True,0.0,0.25,0.029374999999999984,0.03437499999999999,False,True,0.13452188006482982,0.136
000031.SZ,1996-03-20,PASS_ROUNDING_INTERVAL_SET,True,0.0,0.3333333333333309,-0.1024999999999962,-0.0974999999999962,False,True,0.13365539452495973,0.13556618819776714
000031.SZ,1996-03-26,PASS_ROUNDING_INTERVAL_SET,True,0.0,0.3333333333333309,-0.1024999999999962,-0.0974999999999962,False,True,0.13365539452495973,0.13556618819776714
000031.SZ,1996-03-27,PASS_ROUNDING_INTERVAL_SET,True,0.0,0.9999999999999778,-1.1274999999999658,-1.1224999999999656,False,True,0.13452188006482982,0.13731825525040386
000031.SZ,1996-03-28,PASS_ROUNDING_INTERVAL_SET,True,0.0,0.9999999999999778,-1.1224999999999656,-1.1174999999999657,False,True,0.13495934959349595,0.13776337115072934
000031.SZ,1996-03-29,PASS_ROUNDING_INTERVAL_SET,True,0.0,0.3333333333333309,-0.0958333333333296,-0.0908333333333296,False,True,0.13539967373572592,0.13731825525040386
000031.SZ,1996-04-02,PASS_ROUNDING_INTERVAL_SET,True,0.0,0.4999999999999889,-0.34874999999998296,-0.34374999999998296,False,True,0.13584288052373159,0.1382113821138211
000035.SZ,2005-08-08,PASS_ROUNDING_INTERVAL_SET,True,0.0,inf,-1.6099999999999999,-1.5999999999999999,True,True,0.19700748129675813,0.20199501246882795
000035.SZ,2006-03-09,PASS_ROUNDING_INTERVAL_SET,True,0.0,0.49999999999999445,-0.10374999999999451,-0.09874999999999451,False,True,0.19693094629156013,0.2
000037.SZ,1996-03-25,PASS_ROUNDING_INTERVAL_SET,True,0.0,0.9999999999999334,-1.9074999999998372,-1.9024999999998373,False,True,0.10951893551688845,0.11133810010214504
000045.SZ,1996-12-20,PASS_ROUNDING_INTERVAL_SET,True,0.0,inf,-4.9399999999999995,-4.93,True,True,0.31909028256374916,0.32046864231564437
000049.SZ,1995-06-13,PASS_ROUNDING_INTERVAL_SET,True,0.0,0.14285714285714285,1.1196428571428572,1.124642857142857,False,False,,
000049.SZ,1995-08-31,PASS_ROUNDING_INTERVAL_SET,True,0.0,0.1666666666666642,0.9654166666666744,0.9704166666666743,False,False,,
000049.SZ,1995-11-06,PASS_ROUNDING_INTERVAL_SET,True,0.0,0.1666666666666642,1.0387500000000065,1.0437500000000064,False,False,,
000049.SZ,1995-12-14,PASS_ROUNDING_INTERVAL_SET,True,0.0,0.16666666666666174,1.0095833333333444,1.0145833333333443,False,False,,
000049.SZ,1996-01-11,PASS_ROUNDING_INTERVAL_SET,True,0.0,0.24999999999999445,0.8231250000000111,0.828125000000011,False,False,,
000049.SZ,1996-02-12,PASS_ROUNDING_INTERVAL_SET,True,0.0,0.9999999999999556,-0.557499999999918,-0.5524999999999181,False,True,0.3487109905020353,0.3504736129905277
000049.SZ,1996-03-14,PASS_ROUNDING_INTERVAL_SET,True,0.0,0.19999999999999468,0.9185000000000102,0.9235000000000101,False,False,,
000049.SZ,1996-03-20,PASS_ROUNDING_INTERVAL_SET,True,0.0,0.9999999999999556,-0.5974999999999158,-0.5924999999999159,False,True,0.34214002642007935,0.3438735177865613
000049.SZ,1998-08-20,PASS_ROUNDING_INTERVAL_SET,True,0.0,0.3333333333333531,1.014166666666564,1.019166666666564,False,True,0.26432354357246024,0.26452232357177147
000049.SZ,2006-05-11,PASS_ROUNDING_INTERVAL_SET,True,0.0,inf,-3.9899999999999998,-3.98,True,True,0.46478873239436624,0.466130114017438
000061.SZ,1997-09-18,PASS_ROUNDING_INTERVAL_SET,True,0.0,0.05263157894736811,0.02197368421052892,0.026973684210528925,False,True,0.02765116985718627,0.02793631721237609
000061.SZ,1999-11-25,PASS_ROUNDING_INTERVAL_SET,True,0.0,0.2499999999999778,-0.9581249999998163,-0.9531249999998164,False,True,0.06694940926991823,0.06739196131761861
000061.SZ,2002-12-19,PASS_ROUNDING_INTERVAL_SET,True,0.0,0.3333333333333531,-1.1108333333334814,-1.1058333333334815,False,True,0.09248747913188647,0.09296901032989002
000061.SZ,2002-12-20,PASS_ROUNDING_INTERVAL_SET,True,0.0,0.25,-0.484375,-0.4793750000000001,False,True,0.09261116683383484,0.09303101033677892
000061.SZ,2005-12-28,PASS_ROUNDING_INTERVAL_SET,True,0.0,1.0000000000000222,-1.787500000000048,-1.782500000000048,False,True,0.08670520231213873,0.08881199538638986
000061.SZ,2005-12-29,PASS_ROUNDING_INTERVAL_SET,True,0.0,1.0000000000000222,-1.787500000000048,-1.782500000000048,False,True,0.08670520231213873,0.08881199538638986
000061.SZ,2006-01-20,PASS_ROUNDING_INTERVAL_SET,True,0.0,1.0000000000000222,-1.7725000000000473,-1.7675000000000471,False,True,0.08146399055489964,0.08362779740871613
000065.SZ,1999-05-11,PASS_ROUNDING_INTERVAL_SET,True,0.0,0.1111111111111111,0.6480555555555557,0.6530555555555556,False,False,,
000065.SZ,1999-05-13,PASS_ROUNDING_INTERVAL_SET,True,0.0,0.1666666666666716,0.33708333333330587,0.34208333333330576,False,True,0.11360574764256848,0.11389012952210809
000065.SZ,2003-09-11,PASS_ROUNDING_INTERVAL_SET,True,0.0,0.5000000000000444,-0.5187500000001792,-0.5137500000001793,False,True,0.18559900682805708,0.18637770897832817
000065.SZ,2003-09-29,PASS_ROUNDING_INTERVAL_SET,True,0.0,0.4999999999999778,-0.5087499999999112,-0.5037499999999113,False,True,0.18620689655172415,0.18699186991869918
000078.SZ,2005-09-16,PASS_ROUNDING_INTERVAL_SET,True,0.0,0.25,0.005624999999999991,0.010624999999999996,False,True,0.12646675358539766,0.12774193548387097
000078.SZ,2005-11-30,PASS_ROUNDING_INTERVAL_SET,True,0.0,0.25,-0.009375000000000022,-0.004375000000000018,False,True,0.12217194570135746,0.12369597615499255
000078.SZ,2005-12-20,PASS_ROUNDING_INTERVAL_SET,True,0.0,0.3333333333333309,-0.14416666666666267,-0.13916666666666266,False,True,0.12125984251968505,0.12324492979719189
000078.SZ,2005-12-23,PASS_ROUNDING_INTERVAL_SET,True,0.0,0.3333333333333309,-0.14416666666666267,-0.13916666666666266,False,True,0.12125984251968505,0.12324492979719189
000078.SZ,2006-01-17,PASS_ROUNDING_INTERVAL_SET,True,0.0,0.3333333333333309,-0.1491666666666625,-0.1441666666666625,False,True,0.12180451127819548,0.12369597615499255
000153.SZ,2001-10-23,PASS_ROUNDING_INTERVAL_SET,True,0.0,2814749767106.5,-35191408963246.38,-35191408963246.375,False,True,0.10537892421515699,0.10577884423115376
000403.SZ,2006-06-08,PASS_ROUNDING_INTERVAL_SET,True,0.0,0.9999999999999768,-1.3224999999999687,-1.3174999999999688,False,True,0.00927643784786642,0.012939001848428834
000403.SZ,2006-10-19,PASS_ROUNDING_INTERVAL_SET,True,0.0,0.49999999999999933,-0.648749999999999,-0.643749999999999,False,True,0.012797074954296163,0.016333938294010888
000411.SZ,2003-07-31,PASS_ROUNDING_INTERVAL_SET,True,0.0,0.9999999999999112,-2.597499999999664,-2.5924999999996636,False,True,0.15664243225380042,0.15775577557755774
000415.SZ,1998-02-25,PASS_ROUNDING_INTERVAL_SET,True,0.0,0.10000000000000223,0.3197499999999862,0.3247499999999862,False,True,0.07598537180008125,0.0761789600967352
000415.SZ,1998-03-24,PASS_ROUNDING_INTERVAL_SET,True,0.0,0.11111111111111138,0.23416666666666508,0.23916666666666508,False,True,0.07585609016038145,0.07612903225806451
000422.SZ,2003-08-20,PASS_ROUNDING_INTERVAL_SET,True,0.0,0.3333333333333309,-1.0808333333333249,-1.0758333333333248,False,True,0.012151536812008576,0.013523131672597864
000425.SZ,2000-09-14,PASS_ROUNDING_INTERVAL_SET,True,0.0,0.09999999999999856,-0.8947499999999867,-0.8897499999999867,False,True,0.001359064963305246,0.0018924033522573665
000425.SZ,2001-11-06,PASS_ROUNDING_INTERVAL_SET,True,0.0,0.14285714285713516,-0.688928571428499,-0.6839285714284988,False,True,0.034812649481796444,0.03521313211543553
000425.SZ,2002-04-25,PASS_ROUNDING_INTERVAL_SET,True,0.0,0.24999999999998335,-1.690624999999851,-1.6856249999998507,False,True,0.03047246295778586,0.030962343096234312
000425.SZ,2002-08-13,PASS_ROUNDING_INTERVAL_SET,True,0.0,0.14285714285713516,-0.6774999999999269,-0.672499999999927,False,True,0.03564827039873251,0.03604314654038411
000425.SZ,2002-09-04,PASS_ROUNDING_INTERVAL_SET,True,0.0,0.1428571428571424,-0.6853571428571386,-0.6803571428571387,False,True,0.03490540900612843,0.03530661003451022
000425.SZ,2002-10-08,PASS_ROUNDING_INTERVAL_SET,True,0.0,0.19999999999999735,-1.2164999999999746,-1.2114999999999747,False,True,0.03669008587041374,0.0371139371917986
000425.SZ,2002-12-23,PASS_ROUNDING_INTERVAL_SET,True,0.0,0.1428571428571424,-0.6624999999999958,-0.6574999999999956,False,True,0.03707544723878662,0.0374580211831568
000425.SZ,2003-01-07,PASS_ROUNDING_INTERVAL_SET,True,0.0,0.1666666666666605,-0.8954166666666074,-0.8904166666666072,False,True,0.03670919031502213,0.0371139371917986
000425.SZ,2003-01-27,PASS_ROUNDING_INTERVAL_SET,True,0.0,0.1666666666666605,-0.892916666666607,-0.8879166666666071,False,True,0.03705623218450376,0.0374580211831568
000425.SZ,2003-01-29,PASS_ROUNDING_INTERVAL_SET,True,0.0,0.19999999999998314,-1.215499999999838,-1.210499999999838,False,True,0.03670919031502213,0.037133212152687604
000425.SZ,2003-02-10,PASS_ROUNDING_INTERVAL_SET,True,0.0,0.24999999999998335,-1.6981249999998398,-1.69312499999984,False,True,0.03667100130039012,0.0371139371917986
000425.SZ,2003-02-26,PASS_ROUNDING_INTERVAL_SET,True,0.0,0.1666666666666605,-0.8954166666666074,-0.8904166666666072,False,True,0.03670919031502213,0.0371139371917986
000425.SZ,2003-02-28,PASS_ROUNDING_INTERVAL_SET,True,0.0,0.1666666666666605,-0.8954166666666074,-0.8904166666666072,False,True,0.03670919031502213,0.0371139371917986
000425.SZ,2003-03-11,PASS_ROUNDING_INTERVAL_SET,True,0.0,0.24999999999998335,-1.69687499999984,-1.6918749999998401,False,True,0.03669008587041374,0.037133212152687604
000425.SZ,2003-03-18,PASS_ROUNDING_INTERVAL_SET,True,0.0,0.19999999999998314,-1.2144999999998372,-1.2094999999998373,False,True,0.03705623218450376,0.03747738433703799
000425.SZ,2003-03-19,PASS_ROUNDING_INTERVAL_SET,True,0.0,0.25000000000000555,-1.695625000000054,-1.6906250000000536,False,True,0.03707544723878662,0.037516170763260026
000425.SZ,2003-03-20,PASS_ROUNDING_INTERVAL_SET,True,0.0,0.24999999999998335,-1.699374999999839,-1.6943749999998388,False,True,0.03701786176546726,0.0374580211831568
000425.SZ,2003-03-31,PASS_ROUNDING_INTERVAL_SET,True,0.0,0.1666666666666605,-0.8904166666666068,-0.8854166666666067,False,True,0.03740005158627805,0.03779892003085626
000425.SZ,2003-04-01,PASS_ROUNDING_INTERVAL_SET,True,0.0,0.1428571428571424,-0.658928571428567,-0.6539285714285671,False,True,0.03741935483870967,0.03779892003085626
000425.SZ,2003-04-02,PASS_ROUNDING_INTERVAL_SET,True,0.0,0.3333333333332815,-2.5058333333328306,-2.5008333333328308,False,True,0.03740005158627805,0.03785732680916816
000425.SZ,2003-04-18,PASS_ROUNDING_INTERVAL_SET,True,0.0,0.19999999999999735,-1.2184999999999748,-1.213499999999975,False,True,0.03598634095087996,0.03641603353418915
000425.SZ,2003-04-24,PASS_ROUNDING_INTERVAL_SET,True,0.0,0.14285714285713516,-0.6739285714284983,-0.6689285714284982,False,True,0.036005256241787124,0.03639696255564283
000425.SZ,2003-04-25,PASS_ROUNDING_INTERVAL_SET,True,0.0,0.25000000000000555,-1.6943750000000528,-1.689375000000053,False,True,0.03598634095087996,0.036435124508519004
000425.SZ,2003-05-13,PASS_ROUNDING_INTERVAL_SET,True,0.0,0.19999999999999735,-1.219499999999975,-1.2144999999999748,False,True,0.035629453681710214,0.03606212161095025
000425.SZ,2003-05-23,PASS_ROUNDING_INTERVAL_SET,True,0.0,0.24999999999998335,-1.6956249999998418,-1.6906249999998422,False,True,0.03559187977853942,0.03604314654038411
000425.SZ,2003-05-27,PASS_ROUNDING_INTERVAL_SET,True,0.0,0.1666666666666605,-0.9029166666666082,-0.8979166666666081,False,True,0.03564827039873251,0.03606212161095025
000426.SZ,1998-12-09,PASS_ROUNDING_INTERVAL_SET,True,0.0,0.125,0.6359375,0.6409374999999999,False,False,,
000428.SZ,2005-01-11,PASS_ROUNDING_INTERVAL_SET,True,0.0,0.3333333333333235,-0.01749999999996965,-0.012499999999969758,False,True,0.1638141809290954,0.1646390916463909
000503.SZ,1992-12-23,PASS_ROUNDING_INTERVAL_SET,True,0.0,0.25,-0.2331249999999998,-0.2281249999999999,False,True,0.10322279308734238,0.1037691949744067
000503.SZ,1994-12-01,PASS_ROUNDING_INTERVAL_SET,True,0.0,0.5,-0.31375,-0.30874999999999997,False,True,0.15866084425036392,0.16063675832127353
000503.SZ,1995-02-14,PASS_ROUNDING_INTERVAL_SET,True,0.0,0.4999999999999889,-0.27624999999998356,-0.27124999999998356,False,True,0.15682967959527824,0.1591289782244556
000503.SZ,1995-03-27,PASS_ROUNDING_INTERVAL_SET,True,0.0,0.3333333333333309,-0.02916666666666279,-0.024166666666662784,False,True,0.1573926868044515,0.1590551181102362
000503.SZ,1995-05-30,PASS_ROUNDING_INTERVAL_SET,True,0.0,0.3333333333333309,-0.0291666666666629,-0.024166666666662895,False,True,0.15702479338842976,0.15875613747954173
000503.SZ,1995-06-12,PASS_ROUNDING_INTERVAL_SET,True,0.0,0.3333333333333309,-0.030833333333329715,-0.02583333333332971,False,True,0.15608919382504288,0.15789473684210525
000503.SZ,1995-06-13,PASS_ROUNDING_INTERVAL_SET,True,0.0,0.3333333333333309,-0.029166666666663066,-0.02416666666666306,False,True,0.1566265060240964,0.15843270868824533
000503.SZ,1995-06-14,PASS_ROUNDING_INTERVAL_SET,True,0.0,0.3333333333333309,-0.029166666666663066,-0.02416666666666306,False,True,0.1566265060240964,0.15843270868824533
000503.SZ,1995-09-15,PASS_ROUNDING_INTERVAL_SET,True,0.0,0.24999999999999722,0.1281250000000037,0.1331250000000037,False,True,0.1725417439703154,0.17367458866544788
000503.SZ,1995-11-21,PASS_ROUNDING_INTERVAL_SET,True,0.0,0.5,-0.21375,-0.20875,False,True,0.1724137931034483,0.17477477477477477
000503.SZ,1995-11-23,PASS_ROUNDING_INTERVAL_SET,True,0.0,0.3333333333333309,0.01583333333333664,0.020833333333336645,False,True,0.1725417439703154,0.17431192660550457
000503.SZ,1995-11-24,PASS_ROUNDING_INTERVAL_SET,True,0.0,0.4999999999999889,-0.208749999999985,-0.203749999999985,False,True,0.1725417439703154,0.1749539594843462
000503.SZ,1995-12-13,PASS_ROUNDING_INTERVAL_SET,True,0.0,0.3333333333333309,0.01083333333333647,0.015833333333336475,False,True,0.17092337917485265,0.17281553398058253
000503.SZ,1995-12-15,PASS_ROUNDING_INTERVAL_SET,True,0.0,0.5,-0.19875000000000004,-0.19375000000000003,False,True,0.17034068136272543,0.17296222664015903
000503.SZ,1995-12-27,PASS_ROUNDING_INTERVAL_SET,True,0.0,0.3333333333333309,0.007500000000002949,0.012500000000002953,False,True,0.1698924731182796,0.17197452229299365
000503.SZ,1996-01-02,PASS_ROUNDING_INTERVAL_SET,True,0.0,0.5,-0.18374999999999997,-0.17874999999999996,False,True,0.16923076923076924,0.1721132897603486
000503.SZ,1996-01-11,PASS_ROUNDING_INTERVAL_SET,True,0.0,0.3333333333333309,0.005833333333336077,0.010833333333336082,False,True,0.16930022573363432,0.1714922048997773
000503.SZ,1996-01-12,PASS_ROUNDING_INTERVAL_SET,True,0.0,0.25,0.09812500000000002,0.10312500000000002,False,True,0.16930022573363432,0.17073170731707318
000503.SZ,1996-01-15,PASS_ROUNDING_INTERVAL_SET,True,0.0,0.3333333333333358,0.004166666666663876,0.00916666666666388,False,True,0.16853932584269662,0.17073170731707318
000503.SZ,1996-01-24,PASS_ROUNDING_INTERVAL_SET,True,0.0,0.4999999999999889,-0.1737499999999882,-0.1687499999999882,False,True,0.1678486997635934,0.17096018735362994
000503.SZ,1996-01-29,PASS_ROUNDING_INTERVAL_SET,True,0.0,0.3333333333333309,0.004166666666669316,0.00916666666666932,False,True,0.16859122401847573,0.1708428246013667
000503.SZ,1996-02-06,PASS_ROUNDING_INTERVAL_SET,True,0.0,0.3333333333333309,0.0025000000000026112,0.007500000000002616,False,True,0.1678486997635934,0.17016317016317015
000503.SZ,1996-02-07,PASS_ROUNDING_INTERVAL_SET,True,0.0,0.9999999999999778,-0.7024999999999764,-0.6974999999999765,False,True,0.1678486997635934,0.17176470588235293
000503.SZ,1996-02-08,PASS_ROUNDING_INTERVAL_SET,True,0.0,0.4999999999999889,-0.1737499999999882,-0.1687499999999882,False,True,0.1678486997635934,0.17096018735362994
000503.SZ,1996-02-09,PASS_ROUNDING_INTERVAL_SET,True,0.0,0.4999999999999889,-0.1737499999999882,-0.1687499999999882,False,True,0.1678486997635934,0.17096018735362994
000503.SZ,1996-02-12,PASS_ROUNDING_INTERVAL_SET,True,0.0,0.4999999999999889,-0.1737499999999882,-0.1687499999999882,False,True,0.1678486997635934,0.17096018735362994
000503.SZ,1996-03-19,PASS_ROUNDING_INTERVAL_SET,True,0.0,0.4999999999999889,-0.17874999999998786,-0.17374999999998786,False,True,0.167816091954023,0.1708428246013667
000503.SZ,1996-03-28,PASS_ROUNDING_INTERVAL_SET,True,0.0,0.3333333333333309,0.004166666666669316,0.00916666666666932,False,True,0.16859122401847573,0.1708428246013667
000503.SZ,1996-03-29,PASS_ROUNDING_INTERVAL_SET,True,0.0,0.9999999999999778,-0.717499999999976,-0.7124999999999759,False,True,0.16859122401847573,0.17241379310344826
000506.SZ,1999-06-24,PASS_ROUNDING_INTERVAL_SET,False,,,,,False,True,0.6051948051948053,0.6069264069264069
000507.SZ,1996-03-20,PASS_ROUNDING_INTERVAL_SET,True,0.0,0.9999999999999778,-0.45749999999997626,-0.45249999999997614,False,True,0.2867132867132867,0.29002320185614844
000507.SZ,1996-03-21,PASS_ROUNDING_INTERVAL_SET,True,0.0,0.9999999999999778,-0.45749999999997626,-0.45249999999997614,False,True,0.2867132867132867,0.29002320185614844
000509.SZ,1994-07-12,PASS_ROUNDING_INTERVAL_SET,True,0.0,0.3333333333333235,0.4508333333333513,0.4558333333333512,False,True,0.29103448275862076,0.2913816689466484
000509.SZ,1994-07-13,PASS_ROUNDING_INTERVAL_SET,True,0.0,0.19999999999999468,0.6925000000000098,0.6975000000000097,False,False,,
000509.SZ,1994-11-21,PASS_ROUNDING_INTERVAL_SET,True,0.0,0.24999999999999445,0.7181250000000113,0.7231250000000112,False,False,,
000509.SZ,1995-01-11,PASS_ROUNDING_INTERVAL_SET,True,0.0,0.3333333333333235,0.5575000000000183,0.5625000000000182,False,True,0.31713900134952766,0.31726907630522083
000509.SZ,1995-01-13,PASS_ROUNDING_INTERVAL_SET,True,0.0,0.19999999999999468,0.8045000000000095,0.8095000000000094,False,False,,
000509.SZ,1995-02-15,PASS_ROUNDING_INTERVAL_SET,True,0.0,0.24999999999999167,0.7118750000000138,0.7168750000000137,False,False,,
000509.SZ,1995-04-03,PASS_ROUNDING_INTERVAL_SET,True,0.0,0.24999999999999167,0.7143750000000157,0.7193750000000156,False,False,,
000509.SZ,1995-04-12,PASS_ROUNDING_INTERVAL_SET,True,0.0,0.19999999999999468,0.8075000000000099,0.8125000000000098,False,False,,
000509.SZ,1995-04-18,PASS_ROUNDING_INTERVAL_SET,True,0.0,0.4999999999999889,0.25875000000002013,0.26375000000002,False,True,0.3213793103448276,0.32235939643347045
000509.SZ,1995-05-08,PASS_ROUNDING_INTERVAL_SET,True,0.0,0.3333333333333235,0.5875000000000143,0.5925000000000142,False,False,,
000509.SZ,1995-05-15,PASS_ROUNDING_INTERVAL_SET,True,0.0,0.4999999999999778,0.3437500000000322,0.3487500000000322,False,True,0.36915077989601397,0.37005163511187605
000509.SZ,1995-05-17,PASS_ROUNDING_INTERVAL_SET,True,0.0,0.24999999999999445,0.7081250000000081,0.713125000000008,False,False,,
000509.SZ,1995-06-06,PASS_ROUNDING_INTERVAL_SET,True,0.0,0.19999999999999468,0.7845000000000082,0.7895000000000081,False,False,,
000509.SZ,1995-08-09,PASS_ROUNDING_INTERVAL_SET,True,0.0,0.24999999999999445,0.7093750000000085,0.7143750000000084,False,False,,
000509.SZ,1995-08-10,PASS_ROUNDING_INTERVAL_SET,True,0.0,0.19999999999999468,0.7845000000000082,0.7895000000000081,False,False,,
000509.SZ,1995-09-08,PASS_ROUNDING_INTERVAL_SET,True,0.0,0.3333333333333235,0.5825000000000147,0.5875000000000146,False,False,,
000509.SZ,1995-09-21,PASS_ROUNDING_INTERVAL_SET,True,0.0,0.24999999999999167,0.7068750000000121,0.711875000000012,False,False,,
000509.SZ,1995-10-05,PASS_ROUNDING_INTERVAL_SET,True,0.0,0.9999999999999556,-0.4124999999999337,-0.4074999999999338,False,True,0.3613445378151261,0.3634840871021775
000509.SZ,1995-10-06,PASS_ROUNDING_INTERVAL_SET,True,0.0,0.3333333333333235,0.5825000000000147,0.5875000000000146,False,False,,
000509.SZ,1995-10-12,PASS_ROUNDING_INTERVAL_SET,True,0.0,0.3333333333333235,0.617500000000014,0.6225000000000139,False,False,,
000509.SZ,1995-10-18,PASS_ROUNDING_INTERVAL_SET,True,0.0,0.3333333333333235,0.617500000000014,0.6225000000000139,False,False,,
000509.SZ,1995-11-07,PASS_ROUNDING_INTERVAL_SET,True,0.0,0.24999999999999445,0.7368750000000086,0.7418750000000085,False,False,,
000509.SZ,1995-11-17,PASS_ROUNDING_INTERVAL_SET,True,0.0,0.4999999999999778,0.36875000000003244,0.37375000000003245,False,True,0.37693631669535294,0.3777777777777777
000509.SZ,1995-11-20,PASS_ROUNDING_INTERVAL_SET,True,0.0,0.4999999999999778,0.36875000000003244,0.37375000000003245,False,True,0.37693631669535294,0.3777777777777777
000509.SZ,1995-11-21,PASS_ROUNDING_INTERVAL_SET,True,0.0,0.4999999999999889,0.3662500000000164,0.3712500000000163,False,True,0.3756432246998285,0.3764906303236797
000509.SZ,1995-11-22,PASS_ROUNDING_INTERVAL_SET,True,0.0,0.19999999999999468,0.8065000000000079,0.8115000000000078,False,False,,
000509.SZ,1995-11-28,PASS_ROUNDING_INTERVAL_SET,True,0.0,0.19999999999999468,0.8045000000000077,0.8095000000000075,False,False,,
000509.SZ,1995-12-01,PASS_ROUNDING_INTERVAL_SET,True,0.0,0.16666666666666297,0.8479166666666719,0.8529166666666718,False,False,,
000509.SZ,1995-12-05,PASS_ROUNDING_INTERVAL_SET,True,0.0,0.3333333333333284,0.617500000000007,0.6225000000000069,False,False,,
000509.SZ,1995-12-06,PASS_ROUNDING_INTERVAL_SET,True,0.0,0.3333333333333235,0.6158333333333471,0.620833333333347,False,False,,
000509.SZ,1995-12-07,PASS_ROUNDING_INTERVAL_SET,True,0.0,0.3333333333333235,0.6191666666666804,0.6241666666666802,False,False,,
000509.SZ,1995-12-14,PASS_ROUNDING_INTERVAL_SET,True,0.0,0.4999999999999778,0.40125000000002964,0.40625000000002964,False,True,0.40112994350282494,0.4018691588785046
000509.SZ,1995-12-27,PASS_ROUNDING_INTERVAL_SET,True,0.0,0.4999999999999889,0.41875000000001406,0.42375000000001395,False,True,0.41716566866267474,0.4178217821782178
000509.SZ,1996-01-10,PASS_ROUNDING_INTERVAL_SET,True,0.0,0.24999999999999445,0.7306250000000067,0.7356250000000066,False,False,,
000509.SZ,1996-01-15,PASS_ROUNDING_INTERVAL_SET,True,0.0,0.3333333333333235,0.6325000000000117,0.6375000000000116,False,False,,
000509.SZ,1996-01-16,PASS_ROUNDING_INTERVAL_SET,True,0.0,0.4999999999999889,0.43625000000001324,0.44125000000001313,False,True,0.4352441613588111,0.4357894736842105
000509.SZ,1996-01-22,PASS_ROUNDING_INTERVAL_SET,True,0.0,0.9999999999999556,-0.09749999999995085,-0.09249999999995095,False,True,0.45578231292517013,0.4582392776523701
000509.SZ,1996-01-24,PASS_ROUNDING_INTERVAL_SET,True,0.0,0.24999999999999445,0.7293750000000062,0.7343750000000061,False,False,,
000509.SZ,1996-02-01,PASS_ROUNDING_INTERVAL_SET,True,0.0,0.24999999999999445,0.7306250000000065,0.7356250000000064,False,False,,
000509.SZ,1996-02-07,PASS_ROUNDING_INTERVAL_SET,True,0.0,0.3333333333333235,0.6358333333333444,0.6408333333333442,False,False,,
000509.SZ,1996-02-08,PASS_ROUNDING_INTERVAL_SET,True,0.0,0.4999999999999889,0.4487500000000124,0.4537500000000123,False,True,0.451685393258427,0.4521158129175946
000509.SZ,1996-02-09,PASS_ROUNDING_INTERVAL_SET,True,0.0,0.9999999999999556,-0.10749999999995041,-0.10249999999995052,False,True,0.451685393258427,0.45413870246085003
000509.SZ,1996-02-12,PASS_ROUNDING_INTERVAL_SET,True,0.0,0.4999999999999889,0.4487500000000124,0.4537500000000123,False,True,0.451685393258427,0.4521158129175946
000509.SZ,1996-02-16,PASS_ROUNDING_INTERVAL_SET,True,0.0,0.24999999999999445,0.7306250000000065,0.7356250000000064,False,False,,
000509.SZ,1996-03-12,PASS_ROUNDING_INTERVAL_SET,True,0.0,0.4999999999999889,0.4487500000000124,0.4537500000000123,False,True,0.451685393258427,0.4521158129175946
000509.SZ,1996-03-25,PASS_ROUNDING_INTERVAL_SET,True,0.0,0.4999999999999889,0.4462500000000128,0.4512500000000127,False,True,0.44615384615384623,0.44662309368191716
000509.SZ,1996-03-27,PASS_ROUNDING_INTERVAL_SET,True,0.0,1.0,-0.11749999999999994,-0.11250000000000004,False,True,0.4476614699331849,0.45011086474501105
000509.SZ,1996-03-29,PASS_ROUNDING_INTERVAL_SET,True,0.0,0.4999999999999889,0.4487500000000124,0.4537500000000123,False,True,0.451685393258427,0.4521158129175946
000509.SZ,1996-04-02,PASS_ROUNDING_INTERVAL_SET,True,0.0,0.4999999999999889,0.4487500000000124,0.4537500000000123,False,True,0.451685393258427,0.4521158129175946
000509.SZ,1996-04-03,PASS_ROUNDING_INTERVAL_SET,True,0.0,0.4999999999999778,0.4512500000000247,0.4562500000000247,False,True,0.45372460496614003,0.45413870246085003
000509.SZ,1996-04-04,PASS_ROUNDING_INTERVAL_SET,True,0.0,0.3333333333333235,0.637500000000011,0.6425000000000108,False,False,,
000510.SZ,1994-06-21,PASS_ROUNDING_INTERVAL_SET,True,0.0,0.1666666666666679,0.33874999999999733,0.34374999999999734,False,True,0.16486161251504208,0.16488730723606168
000510.SZ,1994-06-24,PASS_ROUNDING_INTERVAL_SET,True,0.0,0.125,0.42718749999999994,0.43218749999999995,False,False,,
000510.SZ,1994-07-29,PASS_ROUNDING_INTERVAL_SET,True,0.0,0.125,0.38593750000000004,0.39093750000000005,False,False,,
000510.SZ,1994-12-02,PASS_ROUNDING_INTERVAL_SET,True,0.0,0.25,0.280625,0.285625,False,True,0.19454770755885997,0.1950920245398773
000510.SZ,1994-12-09,PASS_ROUNDING_INTERVAL_SET,True,0.0,0.19999999999999912,0.37750000000000167,0.38250000000000167,False,False,,
000510.SZ,1995-01-12,PASS_ROUNDING_INTERVAL_SET,True,0.0,0.1428571428571424,0.48678571428571515,0.49178571428571516,False,False,,
000510.SZ,1995-02-15,PASS_ROUNDING_INTERVAL_SET,True,0.0,0.5,-0.13375000000000004,-0.12875000000000003,False,True,0.21013412816691504,0.21185185185185185
000510.SZ,1995-03-28,PASS_ROUNDING_INTERVAL_SET,True,0.0,0.19999999999999912,0.3795000000000017,0.38450000000000173,False,True,0.19844357976653698,0.19846350832266324
000510.SZ,1995-04-19,PASS_ROUNDING_INTERVAL_SET,True,0.0,0.24999999999999722,0.2818750000000053,0.2868750000000053,False,True,0.19947159841479525,0.19999999999999998
000510.SZ,1995-04-20,PASS_ROUNDING_INTERVAL_SET,True,0.0,0.1428571428571424,0.48678571428571515,0.49178571428571516,False,False,,
000510.SZ,1995-04-21,PASS_ROUNDING_INTERVAL_SET,True,0.0,0.19999999999999912,0.37850000000000167,0.3835000000000017,False,False,,
000510.SZ,1995-05-04,PASS_ROUNDING_INTERVAL_SET,True,0.0,0.25,0.28562499999999996,0.29062499999999997,False,True,0.21013412816691504,0.2106038291605302
000510.SZ,1995-05-09,PASS_ROUNDING_INTERVAL_SET,True,0.0,0.3333333333333309,0.14416666666667088,0.1491666666666709,False,True,0.20875912408759123,0.2098408104196816
000510.SZ,1995-05-11,PASS_ROUNDING_INTERVAL_SET,True,0.0,0.19999999999999912,0.36950000000000144,0.37450000000000144,False,False,,
000510.SZ,1995-06-19,PASS_ROUNDING_INTERVAL_SET,True,0.0,0.19999999999999912,0.3805000000000017,0.38550000000000173,False,True,0.19895968790637192,0.19897304236200258
000510.SZ,1995-06-28,PASS_ROUNDING_INTERVAL_SET,True,0.0,0.19999999999999912,0.3815000000000017,0.38650000000000173,False,True,0.19695044472681067,0.19698870765370138
000510.SZ,1995-07-12,PASS_ROUNDING_INTERVAL_SET,True,0.0,0.25,0.283125,0.288125,False,True,0.19695044472681067,0.19748427672955976
000510.SZ,1995-07-13,PASS_ROUNDING_INTERVAL_SET,True,0.0,0.25,0.280625,0.285625,False,True,0.1959544879898862,0.1964956195244055
000510.SZ,1995-07-28,PASS_ROUNDING_INTERVAL_SET,True,0.0,0.19999999999999912,0.3825000000000018,0.3875000000000018,False,True,0.19745222929936307,0.19748427672955976
000510.SZ,1995-07-31,PASS_ROUNDING_INTERVAL_SET,True,0.0,0.3333333333333309,0.11750000000000493,0.12250000000000494,False,True,0.1964512040557668,0.19748427672955976
000510.SZ,1995-12-06,PASS_ROUNDING_INTERVAL_SET,True,0.0,0.3333333333333309,0.27416666666667067,0.27916666666667067,False,True,0.25274725274725274,0.2534992223950233
000510.SZ,1996-01-16,PASS_ROUNDING_INTERVAL_SET,True,0.0,0.4999999999999889,0.0337500000000156,0.038750000000015605,False,True,0.2620320855614974,0.263716814159292
000510.SZ,1996-02-06,PASS_ROUNDING_INTERVAL_SET,True,0.0,0.4999999999999889,0.041250000000014775,0.04625000000001478,False,True,0.2655367231638418,0.2672897196261682
000510.SZ,1996-03-07,PASS_ROUNDING_INTERVAL_SET,True,0.0,0.5,0.026249999999999996,0.03125,False,True,0.2591304347826087,0.2607944732297064
000510.SZ,1996-03-12,PASS_ROUNDING_INTERVAL_SET,True,0.0,0.24999999999999722,0.3843750000000039,0.3893750000000039,False,False,,
000510.SZ,1996-03-22,PASS_ROUNDING_INTERVAL_SET,True,0.0,0.5,0.026249999999999996,0.03125,False,True,0.25900514579759865,0.2606473594548552
000514.SZ,1995-12-04,PASS_ROUNDING_INTERVAL_SET,True,0.0,0.9999999999999778,-1.0324999999999647,-1.0274999999999648,False,True,0.17274167987321715,0.17535545023696683
000514.SZ,1996-03-20,PASS_ROUNDING_INTERVAL_SET,True,0.0,0.9999999999999778,-0.9374999999999702,-0.9324999999999701,False,True,0.15083798882681562,0.15398886827458252
000514.SZ,1996-03-29,PASS_ROUNDING_INTERVAL_SET,True,0.0,0.4999999999999889,-0.2637499999999851,-0.2587499999999851,False,True,0.15140186915887852,0.15398886827458252
000516.SZ,1993-09-03,PASS_ROUNDING_INTERVAL_SET,True,0.0,0.020408163265306204,0.15862244897959138,0.16362244897959138,False,False,,
000516.SZ,1993-09-07,PASS_ROUNDING_INTERVAL_SET,True,0.0,0.029411764705882543,0.1050735294117636,0.1100735294117636,False,True,0.023799221116399826,0.023959646910466585
000516.SZ,1993-09-09,PASS_ROUNDING_INTERVAL_SET,True,0.0,0.04166666666666698,0.037395833333331574,0.04239583333333158,False,True,0.024112231477422183,0.024474023185916707
000516.SZ,1993-09-27,PASS_ROUNDING_INTERVAL_SET,True,0.0,0.03448275862069,0.07560344827586024,0.08060344827586025,False,True,0.024507448342143197,0.024777933613838246
000516.SZ,1993-09-28,PASS_ROUNDING_INTERVAL_SET,True,0.0,0.0526315789473691,-0.021447368421056212,-0.016447368421056208,False,True,0.024274155164207518,0.024777933613838246
000516.SZ,1993-10-04,PASS_ROUNDING_INTERVAL_SET,True,0.0,0.04166666666666698,0.037812499999998306,0.04281249999999831,False,True,0.024300779458963778,0.0246747420367878
000516.SZ,1993-10-06,PASS_ROUNDING_INTERVAL_SET,True,0.0,0.025641025641025744,0.12519230769230713,0.13019230769230714,False,True,0.024300779458963778,0.024347056219566184
000516.SZ,1993-10-07,PASS_ROUNDING_INTERVAL_SET,True,0.0,0.03448275862069,0.07698275862068776,0.08198275862068777,False,True,0.024300779458963778,0.024564537740062533
000516.SZ,1993-10-14,PASS_ROUNDING_INTERVAL_SET,True,0.0,0.11111111111111358,-0.33138888888890194,-0.32638888888890194,False,True,0.024159166271909043,0.024894316580554254
000516.SZ,1993-10-18,PASS_ROUNDING_INTERVAL_SET,True,0.0,0.025641025641025744,0.1222435897435892,0.1272435897435892,False,True,0.024625784645098986,0.024662633783154957
000516.SZ,1993-10-20,PASS_ROUNDING_INTERVAL_SET,True,0.0,0.07142857142857302,-0.11303571428572251,-0.1080357142857225,False,True,0.024745269286754,0.025370990904739113
000516.SZ,1993-10-22,PASS_ROUNDING_INTERVAL_SET,True,0.0,0.07142857142857302,-0.1141071428571509,-0.1091071428571509,False,True,0.0243659870711089,0.025012260912211873
000516.SZ,1993-10-25,PASS_ROUNDING_INTERVAL_SET,True,0.0,0.04166666666666698,0.03968749999999846,0.044687499999998465,False,True,0.024860476915271434,0.025260029717682025
000516.SZ,1993-11-02,PASS_ROUNDING_INTERVAL_SET,True,0.0,0.04166666666666698,0.0390624999999985,0.044062499999998506,False,True,0.02498670919723551,0.02540176257128046
000516.SZ,1993-11-04,PASS_ROUNDING_INTERVAL_SET,True,0.0,0.02564102564102586,0.11211538461538365,0.11711538461538365,False,True,0.025553662691652466,0.025557368134855905
000516.SZ,1993-11-30,PASS_ROUNDING_INTERVAL_SET,True,0.0,0.029411764705882543,0.10536764705882251,0.11036764705882252,False,True,0.024412713035467527,0.024564537740062533
000516.SZ,1993-12-02,PASS_ROUNDING_INTERVAL_SET,True,0.0,0.02941176470588239,0.10124999999999981,0.10624999999999982,False,True,0.024390243902439025,0.02454840203798055
000516.SZ,1993-12-03,PASS_ROUNDING_INTERVAL_SET,True,0.0,0.03448275862068979,0.07387931034482689,0.0788793103448269,False,True,0.024274155164207518,0.02454840203798055
000516.SZ,1993-12-08,PASS_ROUNDING_INTERVAL_SET,True,0.0,0.03448275862069,0.07560344827586024,0.08060344827586025,False,True,0.024507448342143197,0.024777933613838246
000516.SZ,1993-12-09,PASS_ROUNDING_INTERVAL_SET,True,0.0,0.052631578947368605,-0.024078947368422032,-0.019078947368422028,False,True,0.024045261669024046,0.02454840203798055
000516.SZ,1993-12-15,PASS_ROUNDING_INTERVAL_SET,True,0.0,0.052631578947368605,-0.02013157894736939,-0.015131578947369384,False,True,0.024390243902439025,0.024894316580554254
000516.SZ,1993-12-16,PASS_ROUNDING_INTERVAL_SET,True,0.0,0.025641025641025744,0.12160256410256357,0.12660256410256357,False,True,0.024507448342143197,0.02454840203798055
000516.SZ,1993-12-17,PASS_ROUNDING_INTERVAL_SET,True,0.0,0.11111111111111358,-0.31750000000001277,-0.31250000000001277,False,True,0.024745269286754,0.025493025493025494
000516.SZ,1993-12-22,PASS_ROUNDING_INTERVAL_SET,True,0.0,0.03448275862069,0.07456896551723974,0.07956896551723974,False,True,0.025255239118753353,0.025534132360604485
000516.SZ,1993-12-27,PASS_ROUNDING_INTERVAL_SET,True,0.0,0.03448275862069,0.07284482758620522,0.07784482758620523,False,True,0.02498670919723551,0.025270758122743684
000516.SZ,1993-12-28,PASS_ROUNDING_INTERVAL_SET,True,0.0,0.04166666666666698,0.0390624999999985,0.044062499999998506,False,True,0.02498670919723551,0.02540176257128046
000516.SZ,1993-12-29,PASS_ROUNDING_INTERVAL_SET,True,0.0,0.029411764705882543,0.09816176470588142,0.10316176470588143,False,True,0.025255239118753353,0.02540176257128046
000516.SZ,1993-12-30,PASS_ROUNDING_INTERVAL_SET,True,0.0,0.03448275862069,0.07456896551723974,0.07956896551723974,False,True,0.025255239118753353,0.025534132360604485
000516.SZ,1994-01-03,PASS_ROUNDING_INTERVAL_SET,True,0.0,0.03448275862069,0.07146551724137776,0.07646551724137776,False,True,0.025266704098820883,0.025557368134855905
000516.SZ,1994-01-04,PASS_ROUNDING_INTERVAL_SET,True,0.0,0.03448275862068979,0.0749137931034477,0.0799137931034477,False,True,0.025847214244686962,0.026125625347415235
000516.SZ,1994-01-13,PASS_ROUNDING_INTERVAL_SET,True,0.0,0.03448275862069,0.07284482758620522,0.07784482758620523,False,True,0.02498670919723551,0.025270758122743684
000516.SZ,1994-01-17,PASS_ROUNDING_INTERVAL_SET,True,0.0,0.03448275862069,0.07146551724137776,0.07646551724137776,False,True,0.025266704098820883,0.025557368134855905
000516.SZ,1994-01-20,PASS_ROUNDING_INTERVAL_SET,True,0.0,0.04166666666666698,0.03947916666666526,0.044479166666665265,False,True,0.025266704098820883,0.025697102241662113
000516.SZ,1994-01-21,PASS_ROUNDING_INTERVAL_SET,True,0.0,0.04166666666666698,0.038437499999998626,0.04343749999999863,False,True,0.02512562814070352,0.025557368134855905
000516.SZ,1994-01-24,PASS_ROUNDING_INTERVAL_SET,True,0.0,0.0526315789473691,-0.011973684210529384,-0.0069736842105293795,False,True,0.02498611882287618,0.025557368134855905
000516.SZ,1994-01-25,PASS_ROUNDING_INTERVAL_SET,True,0.0,0.11111111111111358,-0.2697222222222333,-0.2647222222222333,False,True,0.025266704098820883,0.026125625347415235
000516.SZ,1994-01-26,PASS_ROUNDING_INTERVAL_SET,True,0.0,0.052631578947368605,-0.004078947368421848,0.0009210526315781564,False,True,0.025847214244686962,0.026419336706014616
000516.SZ,1994-02-16,PASS_ROUNDING_INTERVAL_SET,True,0.0,0.029411764705882543,0.09551470588235209,0.10051470588235209,False,True,0.025553662691652466,0.025697102241662113
000516.SZ,1994-02-21,PASS_ROUNDING_INTERVAL_SET,True,0.0,0.0714285714285721,-0.08696428571428858,-0.08196428571428857,False,True,0.025428740390301595,0.026178010471204192
000516.SZ,1994-02-23,PASS_ROUNDING_INTERVAL_SET,True,0.0,0.0714285714285721,-0.08767857142857441,-0.0826785714285744,False,True,0.02569960022844089,0.026419336706014616
000516.SZ,1994-02-24,PASS_ROUNDING_INTERVAL_SET,True,0.0,0.029411764705882543,0.09551470588235209,0.10051470588235209,False,True,0.025553662691652466,0.025697102241662113
000516.SZ,1994-03-04,PASS_ROUNDING_INTERVAL_SET,True,0.0,0.0714285714285721,-0.0851785714285743,-0.08017857142857429,False,True,0.025580011897679947,0.02633118782913985
000516.SZ,1994-03-07,PASS_ROUNDING_INTERVAL_SET,True,0.0,0.0526315789473691,-0.0035526315789502216,0.0014473684210497828,False,True,0.025888019265502705,0.026486168334314306
000516.SZ,1994-03-08,PASS_ROUNDING_INTERVAL_SET,True,0.0,0.0526315789473691,-0.0035526315789502216,0.0014473684210497828,False,True,0.025888019265502705,0.026486168334314306
000516.SZ,1994-03-09,PASS_ROUNDING_INTERVAL_SET,True,0.0,0.07142857142857302,-0.08160714285714951,-0.07660714285714951,False,True,0.025888019265502705,0.026642984014209597
000516.SZ,1994-03-10,PASS_ROUNDING_INTERVAL_SET,True,0.0,0.04166666666666698,0.04510416666666536,0.05010416666666537,False,True,0.02636419374616799,0.026801667659321026
000516.SZ,1994-03-22,PASS_ROUNDING_INTERVAL_SET,True,0.0,0.11111111111111358,-0.23972222222223213,-0.23472222222223213,False,True,0.025608994378513425,0.026559604694255716
000516.SZ,1994-03-23,PASS_ROUNDING_INTERVAL_SET,True,0.0,0.03448275862068979,0.07043103448275809,0.07543103448275809,False,True,0.02626521460602178,0.026559604694255716
000516.SZ,1994-03-24,PASS_ROUNDING_INTERVAL_SET,True,0.0,0.05263157894736836,0.0022368421052633702,0.007236842105263375,False,True,0.026606099935107073,0.027232425585813805
000516.SZ,1994-03-28,PASS_ROUNDING_INTERVAL_SET,True,0.0,0.03448275862068968,0.0699137931034482,0.0749137931034482,False,True,0.026878015161957272,0.02717031146454606
000516.SZ,1994-03-29,PASS_ROUNDING_INTERVAL_SET,True,0.0,0.029411764705882314,0.0905147058823531,0.0955147058823531,False,True,0.027445460942997893,0.027535258562793822
000516.SZ,1994-03-30,PASS_ROUNDING_INTERVAL_SET,True,0.0,0.03448275862068958,0.07250000000000029,0.07750000000000029,False,True,0.027445460942997893,0.027721433400946585
000516.SZ,1994-04-01,PASS_ROUNDING_INTERVAL_SET,True,0.0,0.02941176470588239,0.08639705882352929,0.09139705882352929,False,True,0.027591349739000744,0.0276792051100071
000516.SZ,1994-04-04,PASS_ROUNDING_INTERVAL_SET,True,0.0,0.03448275862068958,0.07112068965517267,0.07612068965517267,False,True,0.028009084027252083,0.028281363306744016
000516.SZ,1994-04-05,PASS_ROUNDING_INTERVAL_SET,True,0.0,0.03448275862068958,0.07112068965517267,0.07612068965517267,False,True,0.028009084027252083,0.028281363306744016
000516.SZ,1994-04-12,PASS_ROUNDING_INTERVAL_SET,True,0.0,0.11111111111111138,-0.18083333333333423,-0.17583333333333423,False,True,0.027322404371584695,0.02848344880677444
000516.SZ,1994-04-14,PASS_ROUNDING_INTERVAL_SET,True,0.0,0.025641025641025626,0.09801282051282055,0.10301282051282055,False,False,,
000516.SZ,1994-04-25,PASS_ROUNDING_INTERVAL_SET,True,0.0,0.029411764705882314,0.07801470588235303,0.08301470588235303,False,False,,
000516.SZ,1994-04-27,PASS_ROUNDING_INTERVAL_SET,True,0.0,0.03571428571428571,0.06383928571428572,0.06883928571428573,False,True,0.030362389813907938,0.030640668523676882
000516.SZ,1994-05-04,PASS_ROUNDING_INTERVAL_SET,True,0.0,0.025641025641025626,0.09442307692307697,0.09942307692307698,False,False,,
000516.SZ,1994-05-09,PASS_ROUNDING_INTERVAL_SET,True,0.0,0.043478260869565175,0.044891304347826205,0.04989130434782621,False,True,0.03060217176702863,0.0311614730878187
000516.SZ,1994-05-10,PASS_ROUNDING_INTERVAL_SET,True,0.0,0.03225806451612901,0.07217741935483876,0.07717741935483877,False,True,0.030185004868549175,0.030303030303030304
000516.SZ,1994-05-12,PASS_ROUNDING_INTERVAL_SET,True,0.0,0.04761904761904747,0.031547619047619435,0.03654761904761944,False,True,0.029893924783027968,0.030583873957367932
000516.SZ,1994-05-13,PASS_ROUNDING_INTERVAL_SET,True,0.0,0.03448275862068968,0.06612068965517234,0.07112068965517235,False,True,0.030067895247332686,0.030303030303030304
000516.SZ,1994-05-16,PASS_ROUNDING_INTERVAL_SET,True,0.0,0.043478260869565175,0.04510869565217404,0.050108695652174046,False,True,0.02991840435176791,0.030461270670147957
000516.SZ,1994-05-23,PASS_ROUNDING_INTERVAL_SET,True,0.0,0.07142857142857166,-0.03089285714285775,-0.025892857142857745,False,True,0.029779058597502402,0.030869971936389153
000516.SZ,1994-05-24,PASS_ROUNDING_INTERVAL_SET,True,0.0,0.07142857142857166,-0.03089285714285775,-0.025892857142857745,False,True,0.029779058597502402,0.030869971936389153
000516.SZ,1994-05-25,PASS_ROUNDING_INTERVAL_SET,True,0.0,0.038461538461538526,0.056634615384615214,0.06163461538461522,False,True,0.0303030303030303,0.030697674418604652
000516.SZ,1994-05-26,PASS_ROUNDING_INTERVAL_SET,True,0.0,0.05263157894736836,0.03776315789473697,0.042763157894736975,False,True,0.03479236812570146,0.035522066738428414
000516.SZ,1994-05-27,PASS_ROUNDING_INTERVAL_SET,True,0.0,0.07692307692307705,-0.011730769230769517,-0.006730769230769512,False,True,0.03575547866205306,0.036954087346024636
000516.SZ,1994-06-02,PASS_ROUNDING_INTERVAL_SET,True,0.0,0.041666666666666664,0.06156249999999999,0.0665625,False,True,0.03620474406991261,0.036513545347467605
000516.SZ,1994-06-03,PASS_ROUNDING_INTERVAL_SET,True,0.0,0.07692307692307705,-0.007115384615384884,-0.00211538461538488,False,True,0.036662452591656125,0.037943696450428395
000516.SZ,1994-06-07,PASS_ROUNDING_INTERVAL_SET,True,0.0,0.07142857142857142,0.0062500000000000056,0.01125000000000001,False,True,0.03744798890429959,0.03871829105473966
000516.SZ,1994-06-09,PASS_ROUNDING_INTERVAL_SET,True,0.0,0.06666666666666657,0.01883333333333352,0.023833333333333526,False,True,0.038737446197991396,0.03988995873452545
000516.SZ,1994-06-10,PASS_ROUNDING_INTERVAL_SET,True,0.0,0.07142857142857142,0.011607142857142871,0.016607142857142876,False,True,0.039073806078147616,0.04033379694019472
000516.SZ,1994-06-13,PASS_ROUNDING_INTERVAL_SET,True,0.0,0.11111111111111084,-0.0541666666666662,-0.04916666666666619,False,True,0.039647577092511016,0.04148783977110158
000516.SZ,1994-06-17,PASS_ROUNDING_INTERVAL_SET,True,0.0,0.03333333333333333,0.07691666666666669,0.08191666666666668,False,False,,
000516.SZ,1994-06-20,PASS_ROUNDING_INTERVAL_SET,True,0.0,0.030303030303030325,0.08249999999999998,0.08749999999999998,False,False,,
000516.SZ,1994-06-23,PASS_ROUNDING_INTERVAL_SET,True,0.0,0.07142857142857142,0.013392857142857165,0.018392857142857183,False,True,0.039647577092511016,0.04090267983074754
000516.SZ,1994-06-27,PASS_ROUNDING_INTERVAL_SET,True,0.0,0.05,0.047625,0.052625000000000005,False,True,0.04038772213247173,0.0409711684370258
000516.SZ,1994-06-28,PASS_ROUNDING_INTERVAL_SET,True,0.0,0.11111111111111084,-0.0447222222222218,-0.0397222222222218,False,True,0.04091653027823241,0.04292527821939587
000516.SZ,1994-06-29,PASS_ROUNDING_INTERVAL_SET,True,0.0,0.08333333333333302,-0.0022916666666661922,0.002708333333333812,False,True,0.04091653027823241,0.04251968503937008
000516.SZ,1994-06-30,PASS_ROUNDING_INTERVAL_SET,True,0.0,0.04761904761904757,0.05273809523809532,0.057738095238095324,False,True,0.04118616144975289,0.04160246533127889
000516.SZ,1994-07-01,PASS_ROUNDING_INTERVAL_SET,True,0.0,0.062499999999999827,0.029531250000000273,0.03453125000000028,False,True,0.04091653027823241,0.041990668740279936
000516.SZ,1994-07-04,PASS_ROUNDING_INTERVAL_SET,True,0.0,0.19999999999999912,-0.17549999999999866,-0.17049999999999865,False,True,0.0415973377703827,0.044189852700491
000516.SZ,1994-07-11,PASS_ROUNDING_INTERVAL_SET,True,0.0,0.0625,0.031718750000000004,0.03671875000000001,False,True,0.04187604690117253,0.04292527821939587
000516.SZ,1994-07-13,PASS_ROUNDING_INTERVAL_SET,True,0.0,0.19999999999999912,-0.17549999999999866,-0.17049999999999865,False,True,0.0415973377703827,0.044189852700491
000516.SZ,1994-07-14,PASS_ROUNDING_INTERVAL_SET,True,0.0,0.1,-0.024249999999999994,-0.01924999999999999,False,True,0.04187604690117253,0.04376012965964344
000516.SZ,1994-07-18,PASS_ROUNDING_INTERVAL_SET,True,0.0,0.041666666666666664,0.06177083333333333,0.06677083333333333,False,False,,
000516.SZ,1994-07-19,PASS_ROUNDING_INTERVAL_SET,True,0.0,0.06666666666666657,0.026500000000000135,0.03150000000000014,False,True,0.04331450094161959,0.044563279857397504
000516.SZ,1994-07-20,PASS_ROUNDING_INTERVAL_SET,True,0.0,0.16666666666666666,-0.10875000000000001,-0.10375000000000001,False,True,0.042830540037243944,0.04553734061930783
000516.SZ,1994-07-21,PASS_ROUNDING_INTERVAL_SET,True,0.0,0.09090909090909073,-0.0029545454545452238,0.0020454545454547807,False,True,0.04431599229287091,0.04621072088724584
000516.SZ,1994-07-22,PASS_ROUNDING_INTERVAL_SET,True,0.0,0.05882352941176463,0.03808823529411774,0.04308823529411775,False,True,0.04397705544933078,0.04488330341113106
000516.SZ,1994-07-25,PASS_ROUNDING_INTERVAL_SET,True,0.0,0.1,-0.019750000000000018,-0.014750000000000013,False,True,0.04267161410018553,0.044722719141323794
000516.SZ,1994-08-09,PASS_ROUNDING_INTERVAL_SET,True,0.0,0.028571428571428588,0.08921428571428568,0.09421428571428568,False,False,,
000516.SZ,1994-08-15,PASS_ROUNDING_INTERVAL_SET,True,0.0,0.04761904761904767,0.05297619047619036,0.05797619047619036,False,True,0.03617269544924154,0.03670745272525028
000516.SZ,1994-08-17,PASS_ROUNDING_INTERVAL_SET,True,0.0,0.08333333333333333,-0.02437499999999998,-0.019374999999999976,False,True,0.036004645760743324,0.03728813559322034
000516.SZ,1994-08-18,PASS_ROUNDING_INTERVAL_SET,True,0.0,0.05882352941176478,0.02485294117647044,0.029852941176470443,False,True,0.03502824858757062,0.035908596300326445
000516.SZ,1994-08-19,PASS_ROUNDING_INTERVAL_SET,True,0.0,0.03448275862068968,0.08077586206896546,0.08577586206896547,False,False,,
000516.SZ,1994-08-23,PASS_ROUNDING_INTERVAL_SET,True,0.0,0.07142857142857166,-0.001964285714286196,0.0030357142857138086,False,True,0.03523693803159173,0.036427732079905996
000516.SZ,1994-08-24,PASS_ROUNDING_INTERVAL_SET,True,0.0,0.11111111111111138,-0.08583333333333393,-0.08083333333333392,False,True,0.03489771359807461,0.036513545347467605
000516.SZ,1994-08-30,PASS_ROUNDING_INTERVAL_SET,True,0.0,0.03448275862068968,0.07681034482758614,0.08181034482758615,False,False,,
000516.SZ,1994-09-01,PASS_ROUNDING_INTERVAL_SET,True,0.0,0.043478260869565175,0.059673913043478355,0.06467391304347836,False,True,0.03534777651083239,0.035752979414951244
000516.SZ,1994-09-02,PASS_ROUNDING_INTERVAL_SET,True,0.0,0.03448275862068968,0.07905172413793096,0.08405172413793097,False,False,,
000516.SZ,1994-09-15,PASS_ROUNDING_INTERVAL_SET,True,0.0,0.03225806451612901,0.0968548387096775,0.1018548387096775,False,True,0.03204601479046837,0.03205629397967162
000516.SZ,1994-09-16,PASS_ROUNDING_INTERVAL_SET,True,0.0,0.03571428571428571,0.08401785714285716,0.08901785714285716,False,True,0.031375703942075624,0.03156274056966898
000516.SZ,1994-09-23,PASS_ROUNDING_INTERVAL_SET,True,0.0,0.03703703703703701,0.08268518518518528,0.08768518518518528,False,True,0.031037093111279335,0.03127272727272727
000516.SZ,1994-10-11,PASS_ROUNDING_INTERVAL_SET,True,0.0,0.041666666666666664,0.06343750000000001,0.06843750000000001,False,True,0.032679738562091505,0.03306523681858803
000516.SZ,1994-10-26,PASS_ROUNDING_INTERVAL_SET,True,0.0,0.041666666666666664,0.06552083333333333,0.07052083333333334,False,True,0.03330161750713606,0.03366696997270246
000516.SZ,1994-10-27,PASS_ROUNDING_INTERVAL_SET,True,0.0,0.058823529411764476,0.01897058823529471,0.023970588235294715,False,True,0.03298774740810556,0.03378995433789954
000516.SZ,1994-10-28,PASS_ROUNDING_INTERVAL_SET,True,0.0,0.05,0.042624999999999996,0.047625,False,True,0.03305004721435316,0.03366696997270246
000516.SZ,1994-11-02,PASS_ROUNDING_INTERVAL_SET,True,0.0,0.12499999999999861,-0.15156249999999646,-0.14656249999999646,False,True,0.03257650542941758,0.034013605442176874
000516.SZ,1994-11-07,PASS_ROUNDING_INTERVAL_SET,True,0.0,0.11111111111111138,-0.11305555555555621,-0.10805555555555621,False,True,0.03296703296703297,0.034347399411187446
000516.SZ,1994-11-11,PASS_ROUNDING_INTERVAL_SET,True,0.0,0.03571428571428571,0.08276785714285714,0.08776785714285715,False,True,0.03388189738625363,0.03397612488521579
000516.SZ,1994-11-14,PASS_ROUNDING_INTERVAL_SET,True,0.0,0.038461538461538526,0.07336538461538443,0.07836538461538443,False,True,0.03311258278145695,0.033363390441839495
000516.SZ,1994-11-15,PASS_ROUNDING_INTERVAL_SET,True,0.0,0.0714285714285712,-0.012678571428570845,-0.007678571428570841,False,True,0.03330161750713606,0.034291010194624647
000516.SZ,1994-11-16,PASS_ROUNDING_INTERVAL_SET,True,0.0,0.11111111111111138,-0.11694444444444518,-0.11194444444444518,False,True,0.03330161750713606,0.034611786716557534
000516.SZ,1994-11-17,PASS_ROUNDING_INTERVAL_SET,True,0.0,0.07692307692307705,-0.02519230769230804,-0.020192307692308037,False,True,0.03362151777137368,0.03467666354264293
000516.SZ,1994-11-23,PASS_ROUNDING_INTERVAL_SET,True,0.0,0.125,-0.15093749999999997,-0.14593749999999997,False,True,0.032640949554896145,0.03407984420642649
000516.SZ,1994-11-24,PASS_ROUNDING_INTERVAL_SET,True,0.0,0.09999999999999956,-0.08524999999999891,-0.0802499999999989,False,True,0.03296703296703297,0.034280117531831536
000516.SZ,1994-11-28,PASS_ROUNDING_INTERVAL_SET,True,0.0,0.1428571428571424,-0.19392857142857026,-0.18892857142857025,False,True,0.032835820895522394,0.034347399411187446
000516.SZ,1994-11-29,PASS_ROUNDING_INTERVAL_SET,True,0.0,0.06666666666666657,-0.0014999999999997515,0.003500000000000253,False,True,0.03303303303303303,0.034013605442176874
000516.SZ,1994-12-01,PASS_ROUNDING_INTERVAL_SET,True,0.0,0.1428571428571424,-0.1967857142857131,-0.1917857142857131,False,True,0.03257650542941758,0.03407984420642649
000516.SZ,1994-12-02,PASS_ROUNDING_INTERVAL_SET,True,0.0,0.12499999999999861,-0.15156249999999646,-0.14656249999999646,False,True,0.03257650542941758,0.034013605442176874
000516.SZ,1994-12-05,PASS_ROUNDING_INTERVAL_SET,True,0.0,0.07692307692307705,-0.02365384615384647,-0.018653846153846465,False,True,0.03363914373088685,0.03475670307845085
000516.SZ,1994-12-06,PASS_ROUNDING_INTERVAL_SET,True,0.0,0.11111111111111029,-0.10194444444444242,-0.09694444444444242,False,True,0.034339229968782525,0.03575076608784474
000516.SZ,1994-12-07,PASS_ROUNDING_INTERVAL_SET,True,0.0,0.11111111111111029,-0.10194444444444242,-0.09694444444444242,False,True,0.034339229968782525,0.03575076608784474
000516.SZ,1994-12-08,PASS_ROUNDING_INTERVAL_SET,True,0.0,0.11111111111111138,-0.09916666666666732,-0.09416666666666731,False,True,0.03470031545741325,0.03611971104231167
000516.SZ,1994-12-12,PASS_ROUNDING_INTERVAL_SET,True,0.0,0.07142857142857166,-0.002321428571429085,0.0026785714285709195,False,True,0.03518728717366629,0.036303630363036306
000516.SZ,1994-12-13,PASS_ROUNDING_INTERVAL_SET,True,0.0,0.05555555555555569,0.03263888888888858,0.03763888888888858,False,True,0.03518728717366629,0.03598691384950927
000516.SZ,1994-12-14,PASS_ROUNDING_INTERVAL_SET,True,0.0,0.04761904761904767,0.048214285714285585,0.05321428571428559,False,True,0.034559643255295425,0.03514376996805112
000516.SZ,1994-12-21,PASS_ROUNDING_INTERVAL_SET,True,0.0,0.029411764705882314,0.10522058823529425,0.11022058823529425,False,False,,
000516.SZ,1994-12-29,PASS_ROUNDING_INTERVAL_SET,True,0.0,0.03125,0.106328125,0.111328125,False,True,0.030913012221423435,0.03092783505154639
000516.SZ,1994-12-30,PASS_ROUNDING_INTERVAL_SET,True,0.0,0.045454545454545366,0.05670454545454576,0.06170454545454576,False,True,0.030868628858578606,0.031315240083507306
000516.SZ,1995-01-04,PASS_ROUNDING_INTERVAL_SET,True,0.0,0.03571428571428571,0.08705357142857142,0.09205357142857143,False,True,0.031037093111279335,0.03122730573710966
000516.SZ,1995-01-05,PASS_ROUNDING_INTERVAL_SET,True,0.0,0.07692307692307705,-0.05442307692307738,-0.049423076923077375,False,True,0.030392883617494437,0.03127272727272727
000516.SZ,1995-01-13,PASS_ROUNDING_INTERVAL_SET,True,0.0,0.041666666666666664,0.0665625,0.0715625,False,True,0.03362151777137368,0.03397612488521579
000516.SZ,1995-01-24,PASS_ROUNDING_INTERVAL_SET,True,0.0,0.1428571428571424,-0.19464285714285595,-0.18964285714285595,False,True,0.033816425120772944,0.03527168732125834
000516.SZ,1995-01-25,PASS_ROUNDING_INTERVAL_SET,True,0.0,0.125,-0.1478125,-0.1428125,False,True,0.03388189738625363,0.03527168732125834
000516.SZ,1995-02-13,PASS_ROUNDING_INTERVAL_SET,True,0.0,0.11111111111111138,-0.11305555555555621,-0.10805555555555621,False,True,0.03296703296703297,0.034347399411187446
000516.SZ,1995-02-14,PASS_ROUNDING_INTERVAL_SET,True,0.0,0.0625,0.01078125000000002,0.015781250000000024,False,True,0.033434650455927056,0.034347399411187446
000516.SZ,1995-02-15,PASS_ROUNDING_INTERVAL_SET,True,0.0,0.33333333333334075,-0.6658333333333518,-0.6608333333333518,False,True,0.033099297893681046,0.034895314057826525
000516.SZ,1995-02-16,PASS_ROUNDING_INTERVAL_SET,True,0.0,0.11111111111111138,-0.10750000000000068,-0.10250000000000067,False,True,0.03363914373088685,0.035035035035035036
000516.SZ,1995-02-17,PASS_ROUNDING_INTERVAL_SET,True,0.0,0.125,-0.13531249999999997,-0.13031249999999997,False,True,0.034339229968782525,0.03582395087001024
000516.SZ,1995-02-20,PASS_ROUNDING_INTERVAL_SET,True,0.0,0.12499999999999861,-0.13843749999999658,-0.13343749999999657,False,True,0.03398558187435634,0.03546099290780142
000516.SZ,1995-02-21,PASS_ROUNDING_INTERVAL_SET,True,0.0,0.3333333333333309,-0.652499999999994,-0.647499999999994,False,True,0.03363914373088685,0.03546099290780142
000516.SZ,1995-02-28,PASS_ROUNDING_INTERVAL_SET,True,0.0,0.10000000000000045,-0.08525000000000116,-0.08025000000000115,False,True,0.03362151777137368,0.034872761545711596
000516.SZ,1995-03-01,PASS_ROUNDING_INTERVAL_SET,True,0.0,0.1666666666666679,-0.26541666666666996,-0.26041666666666996,False,True,0.03311258278145695,0.034611786716557534
000516.SZ,1995-03-02,PASS_ROUNDING_INTERVAL_SET,True,0.0,0.09090909090909073,-0.06477272727272679,-0.05977272727272678,False,True,0.03317535545023697,0.03435468895078923
000516.SZ,1995-03-03,PASS_ROUNDING_INTERVAL_SET,True,0.0,0.05263157894736836,0.03539473684210542,0.04039473684210543,False,True,0.03298774740810556,0.03366696997270246
000516.SZ,1995-03-09,PASS_ROUNDING_INTERVAL_SET,True,0.0,0.03571428571428571,0.08383928571428571,0.08883928571428572,False,True,0.03265666372462489,0.03280067283431455
000516.SZ,1995-03-14,PASS_ROUNDING_INTERVAL_SET,True,0.0,0.11111111111111138,-0.12527777777777854,-0.12027777777777854,False,True,0.03237742830712303,0.03366696997270246
000516.SZ,1995-03-15,PASS_ROUNDING_INTERVAL_SET,True,0.0,0.02941176470588239,0.09845588235294106,0.10345588235294106,False,False,,
000516.SZ,1995-03-16,PASS_ROUNDING_INTERVAL_SET,True,0.0,0.06666666666666657,-0.00016666666666642627,0.004833333333333578,False,True,0.03330161750713606,0.034227567067530065
000516.SZ,1995-03-17,PASS_ROUNDING_INTERVAL_SET,True,0.0,0.06666666666666657,-0.0014999999999997515,0.003500000000000253,False,True,0.03305004721435316,0.03397612488521579
000516.SZ,1995-03-20,PASS_ROUNDING_INTERVAL_SET,True,0.0,0.041666666666666664,0.06552083333333333,0.07052083333333334,False,True,0.03330161750713606,0.03366696997270246
000516.SZ,1995-03-21,PASS_ROUNDING_INTERVAL_SET,True,0.0,0.11111111111111138,-0.11861111111111183,-0.11361111111111183,False,True,0.03311258278145695,0.03441860465116279
000516.SZ,1995-03-22,PASS_ROUNDING_INTERVAL_SET,True,0.0,0.09090909090909145,-0.07068181818181968,-0.06568181818181967,False,True,0.03237742830712303,0.033544877606527655
000516.SZ,1995-03-24,PASS_ROUNDING_INTERVAL_SET,True,0.0,0.1428571428571424,-0.21464285714285591,-0.2096428571428559,False,True,0.03208065994500458,0.0334841628959276
000516.SZ,1995-03-29,PASS_ROUNDING_INTERVAL_SET,True,0.0,0.11111111111111138,-0.13083333333333408,-0.12583333333333407,False,True,0.03178928247048138,0.03306523681858803
000516.SZ,1995-03-31,PASS_ROUNDING_INTERVAL_SET,True,0.0,0.125,-0.1696875,-0.1646875,False,True,0.031731640979147775,0.03306523681858803
000516.SZ,1995-04-03,PASS_ROUNDING_INTERVAL_SET,True,0.0,0.2000000000000009,-0.37550000000000244,-0.37050000000000244,False,True,0.03178928247048138,0.0333033303330333
000516.SZ,1995-04-04,PASS_ROUNDING_INTERVAL_SET,True,0.0,0.125,-0.1696875,-0.1646875,False,True,0.031731640979147775,0.03306523681858803
000516.SZ,1995-04-05,PASS_ROUNDING_INTERVAL_SET,True,0.0,0.05882352941176478,0.015441176470588014,0.02044117647058802,False,True,0.03225806451612903,0.03306523681858803
000516.SZ,1995-04-06,PASS_ROUNDING_INTERVAL_SET,True,0.0,0.09090909090909073,-0.07204545454545405,-0.06704545454545408,False,True,0.03219871205151794,0.033363390441839495
000516.SZ,1995-04-11,PASS_ROUNDING_INTERVAL_SET,True,0.0,0.05,0.041124999999999995,0.046125,False,True,0.032679738562091505,0.0333033303330333
000516.SZ,1995-04-12,PASS_ROUNDING_INTERVAL_SET,True,0.0,0.045454545454545366,0.054431818181818414,0.05943181818181842,False,True,0.03298774740810556,0.0334841628959276
000516.SZ,1995-04-13,PASS_ROUNDING_INTERVAL_SET,True,0.0,0.1666666666666679,-0.27958333333333674,-0.27458333333333673,False,True,0.03208065994500458,0.033544877606527655
000516.SZ,1995-04-14,PASS_ROUNDING_INTERVAL_SET,True,0.0,0.3333333333333309,-0.7274999999999934,-0.7224999999999933,False,True,0.032317636195752536,0.03397612488521579
000516.SZ,1995-04-19,PASS_ROUNDING_INTERVAL_SET,True,0.0,0.0714285714285712,-0.02053571428571363,-0.015535714285713625,False,True,0.03214596003475239,0.03307888040712468
000516.SZ,1995-05-02,PASS_ROUNDING_INTERVAL_SET,True,0.0,0.03448275862068968,0.08353448275862062,0.08853448275862062,False,True,0.03298774740810556,0.03306523681858803
000516.SZ,1995-05-03,PASS_ROUNDING_INTERVAL_SET,True,0.0,0.05555555555555569,0.024861111111110723,0.029861111111110727,False,True,0.03237742830712303,0.03312444046553268
000516.SZ,1995-05-04,PASS_ROUNDING_INTERVAL_SET,True,0.0,0.05263157894736836,0.03671052631578961,0.041710526315789614,False,True,0.03330161750713606,0.03397612488521579
000516.SZ,1995-05-05,PASS_ROUNDING_INTERVAL_SET,True,0.0,0.04761904761904767,0.05107142857142842,0.05607142857142844,False,True,0.03362151777137368,0.034164358264081256
000516.SZ,1995-05-08,PASS_ROUNDING_INTERVAL_SET,True,0.0,0.07692307692307705,-0.027115384615384958,-0.022115384615384953,False,True,0.03330161750713606,0.03435468895078923
000516.SZ,1995-05-09,PASS_ROUNDING_INTERVAL_SET,True,0.0,0.09090909090909073,-0.06431818181818136,-0.059318181818181354,False,True,0.03323836657169991,0.03441860465116279
000516.SZ,1995-05-12,PASS_ROUNDING_INTERVAL_SET,True,0.0,0.02631578947368424,0.10651315789473675,0.11151315789473676,False,False,,
000516.SZ,1995-05-15,PASS_ROUNDING_INTERVAL_SET,True,0.0,0.0625,0.0067187499999999956,0.01171875,False,True,0.032497678737233054,0.033363390441839495
000516.SZ,1995-05-16,PASS_ROUNDING_INTERVAL_SET,True,0.0,0.03703703703703701,0.07675925925925933,0.08175925925925934,False,True,0.03298774740810556,0.03318385650224215
000516.SZ,1995-06-06,PASS_ROUNDING_INTERVAL_SET,True,0.0,0.04761904761904747,0.04964285714285757,0.054642857142857576,False,True,0.032541776605101144,0.03307888040712468
000516.SZ,1995-06-07,PASS_ROUNDING_INTERVAL_SET,True,0.0,0.045454545454545366,0.05306818181818207,0.058068181818182074,False,True,0.03186907838070629,0.032365145228215764
000516.SZ,1995-06-08,PASS_ROUNDING_INTERVAL_SET,True,0.0,0.041666666666666664,0.06406250000000001,0.06906250000000003,False,True,0.03186907838070629,0.03225806451612903
000516.SZ,1995-06-09,PASS_ROUNDING_INTERVAL_SET,True,0.0,0.08333333333333333,-0.056041666666666656,-0.05104166666666665,False,True,0.03197925669835782,0.03302286198137172
000516.SZ,1995-06-12,PASS_ROUNDING_INTERVAL_SET,True,0.0,0.1428571428571424,-0.22821428571428443,-0.22321428571428442,False,True,0.03197925669835782,0.033304867634500426
000516.SZ,1995-06-13,PASS_ROUNDING_INTERVAL_SET,True,0.0,0.09090909090909073,-0.07886363636363586,-0.07386363636363585,False,True,0.03186907838070629,0.03296703296703297
000516.SZ,1995-06-14,PASS_ROUNDING_INTERVAL_SET,True,0.0,0.08333333333333333,-0.05687499999999998,-0.05187499999999998,False,True,0.03186907838070629,0.03291139240506329
000516.SZ,1995-06-19,PASS_ROUNDING_INTERVAL_SET,True,0.0,0.09090909090909145,-0.07431818181818334,-0.06931818181818333,False,True,0.03190519598906107,0.03306523681858803
000516.SZ,1995-06-22,PASS_ROUNDING_INTERVAL_SET,True,0.0,0.11111111111111138,-0.13194444444444525,-0.1269444444444452,False,True,0.03242769500438212,0.03364969801553063
000516.SZ,1995-06-23,PASS_ROUNDING_INTERVAL_SET,True,0.0,0.05263157894736836,0.03486842105263174,0.03986842105263175,False,True,0.03242769500438212,0.03307888040712468
000516.SZ,1995-06-28,PASS_ROUNDING_INTERVAL_SET,True,0.0,0.07142857142857166,-0.023035714285714964,-0.01803571428571496,False,True,0.03175965665236052,0.03269069572506287
000516.SZ,1995-06-29,PASS_ROUNDING_INTERVAL_SET,True,0.0,0.04761904761904767,0.0484523809523808,0.05345238095238081,False,True,0.03225806451612903,0.03280067283431455
000516.SZ,1995-06-30,PASS_ROUNDING_INTERVAL_SET,True,0.0,0.09090909090909145,-0.07568181818181974,-0.07068181818181973,False,True,0.03225806451612903,0.03336184773310522
000516.SZ,1995-07-03,PASS_ROUNDING_INTERVAL_SET,True,0.0,0.05,0.043625,0.048625,False,True,0.03271441202475685,0.033304867634500426
000516.SZ,1995-07-04,PASS_ROUNDING_INTERVAL_SET,True,0.0,0.05882352941176478,0.018676470588235072,0.023676470588235077,False,True,0.03271441202475685,0.03347639484978541
000516.SZ,1995-07-05,PASS_ROUNDING_INTERVAL_SET,True,0.0,0.25,-0.534375,-0.5293749999999999,False,True,0.03214596003475239,0.03364969801553063
000516.SZ,1995-07-06,PASS_ROUNDING_INTERVAL_SET,True,0.0,0.0625,0.00734375000000001,0.012343750000000014,False,True,0.032541776605101144,0.03336184773310522
000516.SZ,1995-07-07,PASS_ROUNDING_INTERVAL_SET,True,0.0,0.05,0.042374999999999996,0.047375,False,True,0.03242769500438212,0.03302286198137172
000516.SZ,1995-07-11,PASS_ROUNDING_INTERVAL_SET,True,0.0,0.07692307692307652,-0.03673076923076807,-0.03173076923076806,False,True,0.032090199479618386,0.03307888040712468
000516.SZ,1995-07-12,PASS_ROUNDING_INTERVAL_SET,True,0.0,0.11111111111111138,-0.13194444444444525,-0.1269444444444452,False,True,0.03242769500438212,0.03364969801553063
000516.SZ,1995-07-13,PASS_ROUNDING_INTERVAL_SET,True,0.0,0.07142857142857166,-0.018750000000000655,-0.01375000000000065,False,True,0.03242769500438212,0.03336184773310522
000516.SZ,1995-07-14,PASS_ROUNDING_INTERVAL_SET,True,0.0,0.10000000000000045,-0.10175000000000128,-0.09675000000000128,False,True,0.03225806451612903,0.03341902313624679
000516.SZ,1995-07-17,PASS_ROUNDING_INTERVAL_SET,True,0.0,0.03571428571428571,0.08205357142857143,0.08705357142857144,False,True,0.032090199479618386,0.03225806451612903
000516.SZ,1995-07-18,PASS_ROUNDING_INTERVAL_SET,True,0.0,0.043478260869565175,0.058804347826087094,0.0638043478260871,False,True,0.03186907838070629,0.03231151615575808
000516.SZ,1995-07-19,PASS_ROUNDING_INTERVAL_SET,True,0.0,0.05882352941176478,0.01720588235294096,0.022205882352940964,False,True,0.03242769500438212,0.03319148936170213
000516.SZ,1995-07-20,PASS_ROUNDING_INTERVAL_SET,True,0.0,0.052631578947368605,0.036184210526315264,0.04118421052631527,False,True,0.03271441202475685,0.03336184773310522
000516.SZ,1995-07-21,PASS_ROUNDING_INTERVAL_SET,True,0.0,0.07142857142857166,-0.01839285714285782,-0.013392857142857817,False,True,0.03248463564530289,0.03341902313624679
000516.SZ,1995-07-24,PASS_ROUNDING_INTERVAL_SET,True,0.0,0.07692307692307652,-0.03365384615384501,-0.028653846153845003,False,True,0.032541776605101144,0.03353396388650043
000516.SZ,1995-07-25,PASS_ROUNDING_INTERVAL_SET,True,0.0,0.09090909090909073,-0.07249999999999951,-0.0674999999999995,False,True,0.03265666372462489,0.033766233766233764
000516.SZ,1995-07-26,PASS_ROUNDING_INTERVAL_SET,True,0.0,0.1428571428571424,-0.22035714285714159,-0.21535714285714158,False,True,0.03259911894273128,0.033942558746736295
000516.SZ,1995-07-27,PASS_ROUNDING_INTERVAL_SET,True,0.0,0.1666666666666679,-0.2862500000000035,-0.2812500000000035,False,True,0.03271441202475685,0.03412073490813648
000516.SZ,1995-07-28,PASS_ROUNDING_INTERVAL_SET,True,0.0,0.11111111111111138,-0.12972222222222302,-0.12472222222222301,False,True,0.03265666372462489,0.03388357949609036
000516.SZ,1995-07-31,PASS_ROUNDING_INTERVAL_SET,True,0.0,0.1428571428571424,-0.22035714285714159,-0.21535714285714158,False,True,0.03259911894273128,0.033942558746736295
000516.SZ,1995-08-01,PASS_ROUNDING_INTERVAL_SET,True,0.0,0.1428571428571424,-0.22035714285714159,-0.21535714285714158,False,True,0.03259911894273128,0.033942558746736295
000516.SZ,1995-08-02,PASS_ROUNDING_INTERVAL_SET,True,0.0,0.16666666666666544,-0.28874999999999645,-0.28374999999999645,False,True,0.032541776605101144,0.033942558746736295
000516.SZ,1995-08-03,PASS_ROUNDING_INTERVAL_SET,True,0.0,0.16666666666666544,-0.28791666666666316,-0.28291666666666315,False,True,0.03259911894273128,0.03400174367916303
000516.SZ,1995-08-07,PASS_ROUNDING_INTERVAL_SET,True,0.0,0.10000000000000045,-0.09975000000000128,-0.09475000000000128,False,True,0.03248463564530289,0.03364969801553063
000516.SZ,1995-08-11,PASS_ROUNDING_INTERVAL_SET,True,0.0,0.03333333333333338,0.09074999999999986,0.09574999999999986,False,True,0.03271441202475685,0.0327455919395466
000516.SZ,1995-08-14,PASS_ROUNDING_INTERVAL_SET,True,0.0,0.0714285714285712,-0.02053571428571363,-0.015535714285713625,False,True,0.03214596003475239,0.03307888040712468
000516.SZ,1995-08-16,PASS_ROUNDING_INTERVAL_SET,True,0.0,0.052631578947368605,0.036184210526315264,0.04118421052631527,False,True,0.03271441202475685,0.03336184773310522
000516.SZ,1995-08-18,PASS_ROUNDING_INTERVAL_SET,True,0.0,0.040000000000000036,0.0722999999999999,0.07729999999999991,False,True,0.032830523513753325,0.03313508920985557
000516.SZ,1995-08-21,PASS_ROUNDING_INTERVAL_SET,True,0.0,0.03448275862068968,0.08663793103448268,0.09163793103448269,False,True,0.03242769500438212,0.03252710592160134
000516.SZ,1995-08-22,PASS_ROUNDING_INTERVAL_SET,True,0.0,0.05,0.043625,0.048625,False,True,0.03271441202475685,0.033304867634500426
000516.SZ,1995-08-24,PASS_ROUNDING_INTERVAL_SET,True,0.0,0.0714285714285712,-0.01910714285714224,-0.014107142857142235,False,True,0.03219871205151794,0.03318385650224215
000516.SZ,1995-08-25,PASS_ROUNDING_INTERVAL_SET,True,0.0,0.09999999999999956,-0.09424999999999883,-0.08924999999999883,False,True,0.032497678737233054,0.03372835004557885
000516.SZ,1995-08-28,PASS_ROUNDING_INTERVAL_SET,True,0.0,0.041666666666666664,0.0665625,0.0715625,False,True,0.03362151777137368,0.03397612488521579
000516.SZ,1995-08-30,PASS_ROUNDING_INTERVAL_SET,True,0.0,0.02631578947368424,0.10243421052631572,0.10743421052631573,False,False,,
000516.SZ,1995-08-31,PASS_ROUNDING_INTERVAL_SET,True,0.0,0.08333333333333333,-0.035208333333333314,-0.03020833333333331,False,True,0.034339229968782525,0.03553299492385787
000516.SZ,1995-09-04,PASS_ROUNDING_INTERVAL_SET,True,0.0,0.07692307692307652,-0.02173076923076825,-0.016730769230768244,False,True,0.03398558187435634,0.03510531594784353
000516.SZ,1995-09-05,PASS_ROUNDING_INTERVAL_SET,True,0.0,0.125,-0.1421875,-0.1371875,False,True,0.0335707019328586,0.035035035035035036
000516.SZ,1995-09-06,PASS_ROUNDING_INTERVAL_SET,True,0.0,0.09090909090909073,-0.054772727272726834,-0.04977272727272683,False,True,0.03412616339193382,0.03538928210313448
000516.SZ,1995-09-07,PASS_ROUNDING_INTERVAL_SET,True,0.0,0.09090909090909073,-0.05613636363636321,-0.0511363636363632,False,True,0.03391572456320658,0.035175879396984924
000516.SZ,1995-09-08,PASS_ROUNDING_INTERVAL_SET,True,0.0,0.10000000000000045,-0.0802500000000011,-0.07525000000000112,False,True,0.03363914373088685,0.03496503496503497
000516.SZ,1995-09-11,PASS_ROUNDING_INTERVAL_SET,True,0.0,0.07692307692307705,-0.02403846153846184,-0.019038461538461837,False,True,0.0335707019328586,0.034687809712586726
000516.SZ,1995-09-12,PASS_ROUNDING_INTERVAL_SET,True,0.0,0.11111111111111138,-0.11305555555555621,-0.10805555555555621,False,True,0.03296703296703297,0.034347399411187446
000516.SZ,1995-09-13,PASS_ROUNDING_INTERVAL_SET,True,0.0,0.0625,0.009218749999999998,0.014218750000000002,False,True,0.033099297893681046,0.034013605442176874
000516.SZ,1995-09-14,PASS_ROUNDING_INTERVAL_SET,True,0.0,0.0714285714285712,-0.01374999999999943,-0.008749999999999425,False,True,0.03296703296703297,0.034013605442176874
000516.SZ,1995-09-15,PASS_ROUNDING_INTERVAL_SET,True,0.0,0.10000000000000045,-0.08475000000000113,-0.07975000000000113,False,True,0.03303303303303303,0.034347399411187446
000516.SZ,1995-09-18,PASS_ROUNDING_INTERVAL_SET,True,0.0,0.10000000000000045,-0.08425000000000113,-0.07925000000000113,False,True,0.033099297893681046,0.0344149459193707
000516.SZ,1995-09-19,PASS_ROUNDING_INTERVAL_SET,True,0.0,0.09090909090909073,-0.060681818181817726,-0.05568181818181772,False,True,0.03323262839879154,0.034482758620689655
000516.SZ,1995-09-20,PASS_ROUNDING_INTERVAL_SET,True,0.0,0.09090909090909073,-0.05613636363636321,-0.0511363636363632,False,True,0.03391572456320658,0.035175879396984924
000516.SZ,1995-09-22,PASS_ROUNDING_INTERVAL_SET,True,0.0,0.09999999999999956,-0.07524999999999893,-0.07024999999999892,False,True,0.034339229968782525,0.03567787971457696
000516.SZ,1995-09-26,PASS_ROUNDING_INTERVAL_SET,True,0.0,0.1666666666666679,-0.23375000000000298,-0.22875000000000298,False,True,0.034482758620689655,0.03611971104231167
000516.SZ,1995-09-28,PASS_ROUNDING_INTERVAL_SET,True,0.0,0.03448275862068968,0.08318965517241374,0.08818965517241374,False,False,,
000516.SZ,1995-09-29,PASS_ROUNDING_INTERVAL_SET,True,0.0,0.11111111111111138,-0.11305555555555621,-0.10805555555555621,False,True,0.03296703296703297,0.034347399411187446
000516.SZ,1995-10-04,PASS_ROUNDING_INTERVAL_SET,True,0.0,0.11111111111111138,-0.11305555555555621,-0.10805555555555621,False,True,0.03296703296703297,0.034347399411187446
000516.SZ,1995-10-05,PASS_ROUNDING_INTERVAL_SET,True,0.0,0.25,-0.464375,-0.459375,False,True,0.03277060575968223,0.034482758620689655
000516.SZ,1995-10-06,PASS_ROUNDING_INTERVAL_SET,True,0.0,0.09090909090909145,-0.061590909090910445,-0.05659090909091044,False,True,0.033099297893681046,0.034347399411187446
000516.SZ,1995-10-09,PASS_ROUNDING_INTERVAL_SET,True,0.0,0.05555555555555569,0.0284722222222219,0.0334722222222219,False,True,0.0335707019328586,0.034347399411187446
000516.SZ,1995-10-10,PASS_ROUNDING_INTERVAL_SET,True,0.0,0.125,-0.1421875,-0.1371875,False,True,0.0335707019328586,0.035035035035035036
000516.SZ,1995-10-11,PASS_ROUNDING_INTERVAL_SET,True,0.0,0.09090909090909073,-0.057045454545454094,-0.05204545454545409,False,True,0.03377686796315251,0.035035035035035036
000516.SZ,1995-10-12,PASS_ROUNDING_INTERVAL_SET,True,0.0,0.125,-0.1415625,-0.1365625,False,True,0.03363914373088685,0.03510531594784353
000516.SZ,1995-10-13,PASS_ROUNDING_INTERVAL_SET,True,0.0,0.05263157894736836,0.03960526315789489,0.0446052631578949,False,True,0.03462749213011543,0.03531786074672049
000516.SZ,1995-10-16,PASS_ROUNDING_INTERVAL_SET,True,0.0,0.058823529411764476,0.02485294117647116,0.029852941176471165,False,True,0.03462749213011543,0.03546099290780142
000516.SZ,1995-10-17,PASS_ROUNDING_INTERVAL_SET,True,0.0,0.1428571428571424,-0.18535714285714175,-0.18035714285714174,False,True,0.03363914373088685,0.035175879396984924
000516.SZ,1995-10-18,PASS_ROUNDING_INTERVAL_SET,True,0.0,0.16666666666666544,-0.24624999999999694,-0.24124999999999694,False,True,0.033434650455927056,0.035035035035035036
000516.SZ,1995-10-19,PASS_ROUNDING_INTERVAL_SET,True,0.0,0.125,-0.1446875,-0.1396875,False,True,0.033299697275479316,0.03475670307845085
000516.SZ,1995-10-23,PASS_ROUNDING_INTERVAL_SET,True,0.0,0.04761904761904767,0.05107142857142842,0.05607142857142844,False,True,0.03362151777137368,0.034164358264081256
000516.SZ,1995-10-24,PASS_ROUNDING_INTERVAL_SET,True,0.0,0.10000000000000045,-0.09525000000000122,-0.09025000000000122,False,True,0.03237742830712303,0.033605812897366034
000516.SZ,1995-10-25,PASS_ROUNDING_INTERVAL_SET,True,0.0,0.10000000000000045,-0.10025000000000128,-0.09525000000000128,False,True,0.03242769500438212,0.03359173126614987
000516.SZ,1995-10-30,PASS_ROUNDING_INTERVAL_SET,True,0.0,0.043478260869565175,0.058586956521739245,0.06358695652173925,False,True,0.032679738562091505,0.03312444046553268
000516.SZ,1995-10-31,PASS_ROUNDING_INTERVAL_SET,True,0.0,0.0625,0.00828124999999999,0.013281249999999994,False,True,0.03280224929709465,0.03366696997270246
000516.SZ,1995-11-01,PASS_ROUNDING_INTERVAL_SET,True,0.0,0.05555555555555569,0.030416666666666287,0.03541666666666632,False,True,0.03362151777137368,0.03435468895078923
000516.SZ,1995-11-02,PASS_ROUNDING_INTERVAL_SET,True,0.0,0.08333333333333333,-0.04395833333333332,-0.03895833333333332,False,True,0.03330161750713606,0.03441860465116279
000516.SZ,1995-11-03,PASS_ROUNDING_INTERVAL_SET,True,0.0,0.058823529411764476,0.021323529411765296,0.0263235294117653,False,True,0.03349282296650718,0.034291010194624647
000516.SZ,1995-11-07,PASS_ROUNDING_INTERVAL_SET,True,0.0,0.0714285714285712,-0.016249999999999376,-0.011249999999999372,False,True,0.032679738562091505,0.03366696997270246
000516.SZ,1995-11-08,PASS_ROUNDING_INTERVAL_SET,True,0.0,0.10000000000000045,-0.08525000000000116,-0.08025000000000115,False,True,0.03362151777137368,0.034872761545711596
000516.SZ,1995-11-09,PASS_ROUNDING_INTERVAL_SET,True,0.0,0.11111111111111138,-0.11416666666666742,-0.10916666666666736,False,True,0.03362151777137368,0.03493862134088763
000516.SZ,1995-11-24,PASS_ROUNDING_INTERVAL_SET,True,0.0,0.3333333333333309,-0.6791666666666604,-0.6741666666666604,False,True,0.03257650542941758,0.034347399411187446
000516.SZ,1995-11-27,PASS_ROUNDING_INTERVAL_SET,True,0.0,0.07692307692307705,-0.025961538461538758,-0.020961538461538753,False,True,0.03323262839879154,0.034347399411187446
000516.SZ,1995-11-28,PASS_ROUNDING_INTERVAL_SET,True,0.0,0.05555555555555569,0.0284722222222219,0.0334722222222219,False,True,0.0335707019328586,0.034347399411187446
000516.SZ,1995-11-29,PASS_ROUNDING_INTERVAL_SET,True,0.0,0.052631578947368605,0.03592105263157849,0.0409210526315785,False,True,0.03363914373088685,0.034347399411187446
000516.SZ,1995-11-30,PASS_ROUNDING_INTERVAL_SET,True,0.0,0.05,0.045125,0.050125,False,True,0.03441084462982273,0.035035035035035036
000516.SZ,1995-12-01,PASS_ROUNDING_INTERVAL_SET,True,0.0,0.19999999999999735,-0.32349999999999346,-0.31849999999999346,False,True,0.03377686796315251,0.03546099290780142
000516.SZ,1995-12-04,PASS_ROUNDING_INTERVAL_SET,True,0.0,0.09090909090909073,-0.052499999999999575,-0.04749999999999957,False,True,0.034482758620689655,0.03575076608784474
000516.SZ,1995-12-05,PASS_ROUNDING_INTERVAL_SET,True,0.0,0.4999999999999889,-1.046249999999973,-1.041249999999973,False,True,0.03405572755417957,0.03597122302158273
000516.SZ,1995-12-06,PASS_ROUNDING_INTERVAL_SET,True,0.0,0.16666666666666544,-0.2395833333333303,-0.23458333333333029,False,True,0.03398558187435634,0.035605289928789426
000516.SZ,1995-12-07,PASS_ROUNDING_INTERVAL_SET,True,0.0,0.09999999999999956,-0.07674999999999893,-0.07174999999999893,False,True,0.03412616339193382,0.03546099290780142
000516.SZ,1995-12-08,PASS_ROUNDING_INTERVAL_SET,True,0.0,0.07692307692307652,-0.021346153846152877,-0.016346153846152872,False,True,0.03405572755417957,0.035175879396984924
000516.SZ,1995-12-11,PASS_ROUNDING_INTERVAL_SET,True,0.0,0.11111111111111029,-0.10194444444444242,-0.09694444444444242,False,True,0.034339229968782525,0.03575076608784474
000516.SZ,1995-12-13,PASS_ROUNDING_INTERVAL_SET,True,0.0,0.06666666666666657,0.0038333333333335773,0.008833333333333582,False,True,0.03412616339193382,0.03510531594784353
000516.SZ,1995-12-14,PASS_ROUNDING_INTERVAL_SET,True,0.0,0.1428571428571424,-0.17607142857142746,-0.17107142857142746,False,True,0.034554973821989535,0.03611971104231167
000516.SZ,1995-12-18,PASS_ROUNDING_INTERVAL_SET,True,0.0,0.07692307692307705,-0.018269230769231065,-0.01326923076923106,False,True,0.03440621531631521,0.03559870550161812
000516.SZ,1995-12-19,PASS_ROUNDING_INTERVAL_SET,True,0.0,0.2000000000000009,-0.299500000000002,-0.294500000000002,False,True,0.034103410341034104,0.035908596300326445
000516.SZ,1995-12-20,PASS_ROUNDING_INTERVAL_SET,True,0.0,0.05882352941176478,0.022499999999999826,0.02749999999999983,False,True,0.03440621531631521,0.03529411764705883
000516.SZ,1995-12-21,PASS_ROUNDING_INTERVAL_SET,True,0.0,0.4999999999999889,-0.9937499999999744,-0.9887499999999745,False,True,0.03373231773667029,0.035752979414951244
000516.SZ,1995-12-22,PASS_ROUNDING_INTERVAL_SET,True,0.0,0.125,-0.12968749999999998,-0.12468749999999998,False,True,0.034028540065861694,0.03559870550161812
000516.SZ,1995-12-25,PASS_ROUNDING_INTERVAL_SET,True,0.0,0.11111111111111138,-0.09083333333333393,-0.0858333333333339,False,True,0.03502824858757062,0.036544850498338874
000516.SZ,1995-12-26,PASS_ROUNDING_INTERVAL_SET,True,0.0,0.1666666666666679,-0.21625000000000275,-0.21125000000000274,False,True,0.03479236812570146,0.036544850498338874
000516.SZ,1995-12-27,PASS_ROUNDING_INTERVAL_SET,True,0.0,0.16666666666666544,-0.21291666666666395,-0.20791666666666395,False,True,0.03510758776896942,0.036871508379888264
000516.SZ,1996-01-03,PASS_ROUNDING_INTERVAL_SET,True,0.0,0.062499999999999827,0.02046875000000034,0.025468750000000345,False,True,0.03638644918444166,0.03739445114595898
000516.SZ,1996-01-04,PASS_ROUNDING_INTERVAL_SET,True,0.0,0.08333333333333333,-0.02145833333333333,-0.016458333333333325,False,True,0.03629536921151439,0.03766707168894289
000516.SZ,1996-01-05,PASS_ROUNDING_INTERVAL_SET,True,0.0,0.04761904761904767,0.05154761904761894,0.056547619047618944,False,True,0.03694267515923567,0.037484885126964934
000516.SZ,1996-01-08,PASS_ROUNDING_INTERVAL_SET,True,0.0,0.07142857142857142,0.005535714285714283,0.010535714285714287,False,True,0.03713188220230473,0.038318912237330034
000516.SZ,1996-01-09,PASS_ROUNDING_INTERVAL_SET,True,0.0,0.14285714285714332,-0.1396428571428581,-0.1346428571428581,False,True,0.03638644918444166,0.03822441430332923
000516.SZ,1996-01-10,PASS_ROUNDING_INTERVAL_SET,True,0.0,0.1250000000000007,-0.10093750000000137,-0.09593750000000137,False,True,0.036848792884371026,0.038605230386052306
000516.SZ,1996-01-11,PASS_ROUNDING_INTERVAL_SET,True,0.0,0.25,-0.349375,-0.344375,False,True,0.036662452591656125,0.03879849812265332
000516.SZ,1996-01-12,PASS_ROUNDING_INTERVAL_SET,True,0.0,0.11111111111111084,-0.07194444444444392,-0.06694444444444392,False,True,0.03713188220230473,0.03879849812265332
000516.SZ,1996-01-15,PASS_ROUNDING_INTERVAL_SET,True,0.0,0.08333333333333333,-0.01854166666666665,-0.013541666666666646,False,True,0.03694267515923567,0.038318912237330034
000516.SZ,1996-01-16,PASS_ROUNDING_INTERVAL_SET,True,0.0,0.25,-0.35062499999999996,-0.34562499999999996,False,True,0.03656998738965952,0.03870162297128589
000516.SZ,1996-01-17,PASS_ROUNDING_INTERVAL_SET,True,0.0,0.19999999999999912,-0.2454999999999983,-0.2404999999999983,False,True,0.03713188220230473,0.039190897597977246
000516.SZ,1996-01-24,PASS_ROUNDING_INTERVAL_SET,True,0.0,0.19999999999999912,-0.23849999999999832,-0.23349999999999832,False,True,0.03614457831325302,0.03830911492734478
000516.SZ,1996-01-26,PASS_ROUNDING_INTERVAL_SET,True,0.0,0.028571428571428588,0.08592857142857141,0.09092857142857141,False,False,,
000516.SZ,1996-01-29,PASS_ROUNDING_INTERVAL_SET,True,0.0,0.1,-0.04974999999999999,-0.044749999999999984,False,True,0.036535859269282815,0.038208168642951255
000516.SZ,1996-01-30,PASS_ROUNDING_INTERVAL_SET,True,0.0,0.125,-0.09718749999999998,-0.09218749999999998,False,True,0.03633916554508749,0.038208168642951255
000516.SZ,1996-02-06,PASS_ROUNDING_INTERVAL_SET,True,0.0,0.2000000000000009,-0.23550000000000165,-0.23050000000000165,False,True,0.03643724696356276,0.03861517976031958
000516.SZ,1996-02-08,PASS_ROUNDING_INTERVAL_SET,True,0.0,0.16666666666666666,-0.17624999999999996,-0.17124999999999996,False,True,0.03614457831325302,0.038208168642951255
000516.SZ,1996-02-13,PASS_ROUNDING_INTERVAL_SET,True,0.0,0.125,-0.09593750000000001,-0.0909375,False,True,0.03761348897535668,0.03939008894536213
000516.SZ,1996-02-14,PASS_ROUNDING_INTERVAL_SET,True,0.0,0.07692307692307679,0.007884615384615629,0.012884615384615633,False,True,0.04067321178120617,0.04194857916102841
000516.SZ,1996-02-15,PASS_ROUNDING_INTERVAL_SET,True,0.0,0.11111111111111084,-0.05083333333333287,-0.045833333333332865,False,True,0.04113475177304964,0.042876901798063624
000516.SZ,1996-02-16,PASS_ROUNDING_INTERVAL_SET,True,0.0,0.25,-0.30562500000000004,-0.30062500000000003,False,True,0.04022191400832177,0.04252400548696845
000516.SZ,1996-03-05,PASS_ROUNDING_INTERVAL_SET,True,0.0,0.07692307692307679,0.00134615384615408,0.0063461538461540845,False,True,0.038821954484605084,0.040103492884864166
000516.SZ,1996-03-06,PASS_ROUNDING_INTERVAL_SET,True,0.0,0.07142857142857142,0.016249999999999987,0.02124999999999999,False,True,0.04022191400832177,0.04138851802403204
000516.SZ,1996-03-07,PASS_ROUNDING_INTERVAL_SET,True,0.0,0.1249999999999993,-0.08093749999999875,-0.07593749999999874,False,True,0.040110650069156296,0.04194857916102841
000516.SZ,1996-03-08,PASS_ROUNDING_INTERVAL_SET,True,0.0,0.19999999999999912,-0.2194999999999984,-0.2144999999999984,False,True,0.03978052126200274,0.04194857916102841
000516.SZ,1996-03-11,PASS_ROUNDING_INTERVAL_SET,True,0.0,0.1,-0.03525000000000003,-0.030250000000000027,False,True,0.04022191400832177,0.04183535762483131
000516.SZ,1996-03-12,PASS_ROUNDING_INTERVAL_SET,True,0.0,0.25,-0.30562500000000004,-0.30062500000000003,False,True,0.04022191400832177,0.04252400548696845
000516.SZ,1996-03-13,PASS_ROUNDING_INTERVAL_SET,True,0.0,0.3333333333333309,-0.45916666666666217,-0.45416666666666217,False,True,0.039999999999999994,0.04240766073871409
000516.SZ,1996-03-14,PASS_ROUNDING_INTERVAL_SET,True,0.0,0.16666666666666666,-0.15541666666666668,-0.15041666666666667,False,True,0.04022191400832177,0.04229195088676671
000516.SZ,1996-03-15,PASS_ROUNDING_INTERVAL_SET,True,0.0,0.24999999999999722,-0.30437499999999496,-0.29937499999999495,False,True,0.04033379694019471,0.04264099037138927
000516.SZ,1996-03-18,PASS_ROUNDING_INTERVAL_SET,True,0.0,0.04761904761904767,0.060119047619047516,0.06511904761904752,False,True,0.04067321178120617,0.04105960264900662
000516.SZ,1996-03-19,PASS_ROUNDING_INTERVAL_SET,True,0.0,0.1428571428571424,-0.11249999999999918,-0.10749999999999918,False,True,0.04022191400832177,0.04217687074829932
000516.SZ,1996-03-20,PASS_ROUNDING_INTERVAL_SET,True,0.0,0.25,-0.30562500000000004,-0.30062500000000003,False,True,0.04022191400832177,0.04252400548696845
000516.SZ,1996-03-21,PASS_ROUNDING_INTERVAL_SET,True,0.0,0.19999999999999912,-0.2144999999999984,-0.20949999999999838,False,True,0.04033379694019471,0.04252400548696845
000516.SZ,1996-03-22,PASS_ROUNDING_INTERVAL_SET,True,0.0,0.09999999999999956,-0.032749999999999224,-0.02774999999999922,False,True,0.04078762306610408,0.04240766073871409
000516.SZ,1996-03-25,PASS_ROUNDING_INTERVAL_SET,True,0.0,0.125,-0.08031250000000001,-0.0753125,False,True,0.04022191400832177,0.04206241519674355
000516.SZ,1996-03-26,PASS_ROUNDING_INTERVAL_SET,True,0.0,0.1,-0.03525000000000003,-0.030250000000000027,False,True,0.04022191400832177,0.04183535762483131
000516.SZ,1996-03-27,PASS_ROUNDING_INTERVAL_SET,True,0.0,0.1428571428571424,-0.11392857142857063,-0.10892857142857063,False,True,0.039999999999999994,0.04194857916102841
000516.SZ,1996-03-28,PASS_ROUNDING_INTERVAL_SET,True,0.0,0.1428571428571424,-0.11392857142857063,-0.10892857142857063,False,True,0.039999999999999994,0.04194857916102841
000516.SZ,1996-03-29,PASS_ROUNDING_INTERVAL_SET,True,0.0,0.25,-0.30562500000000004,-0.30062500000000003,False,True,0.04022191400832177,0.04252400548696845
000516.SZ,1996-04-01,PASS_ROUNDING_INTERVAL_SET,True,0.0,0.11111111111111084,-0.056944444444443965,-0.05194444444444396,False,True,0.039889958734525444,0.04161073825503356
000516.SZ,1996-04-02,PASS_ROUNDING_INTERVAL_SET,True,0.0,0.16666666666666666,-0.15374999999999997,-0.14874999999999997,False,True,0.0404463040446304,0.04252400548696845
000516.SZ,1996-04-03,PASS_ROUNDING_INTERVAL_SET,True,0.0,0.24999999999999722,-0.29937499999999506,-0.29437499999999506,False,True,0.04078762306610408,0.043115438108484005
000516.SZ,1996-04-04,PASS_ROUNDING_INTERVAL_SET,True,0.0,0.4999999999999889,-0.74874999999998,-0.74374999999998,False,True,0.04055944055944056,0.043115438108484005
000516.SZ,1996-04-05,PASS_ROUNDING_INTERVAL_SET,True,0.0,0.09090909090909073,-0.01795454545454514,-0.012954545454545136,False,True,0.0404463040446304,0.04194857916102841
000516.SZ,1996-04-08,PASS_ROUNDING_INTERVAL_SET,True,0.0,0.125,-0.08156250000000001,-0.0765625,False,True,0.039999999999999994,0.04183535762483131
000516.SZ,1996-04-09,PASS_ROUNDING_INTERVAL_SET,True,0.0,0.16666666666666666,-0.16374999999999998,-0.15874999999999997,False,True,0.039136302294197026,0.041168658698539175
000516.SZ,1996-04-10,PASS_ROUNDING_INTERVAL_SET,True,0.0,0.2000000000000009,-0.22550000000000167,-0.22050000000000167,False,True,0.039136302294197026,0.041278295605858856
000516.SZ,1996-04-12,PASS_ROUNDING_INTERVAL_SET,True,0.0,0.09090909090909073,-0.022954545454545117,-0.017954545454545112,False,True,0.039591315453384415,0.040993788819875775
000516.SZ,1996-04-15,PASS_ROUNDING_INTERVAL_SET,True,0.0,0.1428571428571424,-0.12464285714285625,-0.11964285714285625,False,True,0.039591315453384415,0.04140526976160602
000516.SZ,1996-04-16,PASS_ROUNDING_INTERVAL_SET,True,0.0,0.06666666666666657,0.023166666666666863,0.028166666666666867,False,True,0.039190897597977246,0.040194884287454324
000516.SZ,1996-04-17,PASS_ROUNDING_INTERVAL_SET,True,0.0,0.11111111111111138,-0.06750000000000053,-0.06250000000000053,False,True,0.03870162297128589,0.040293040293040296
000516.SZ,1996-04-18,PASS_ROUNDING_INTERVAL_SET,True,0.0,0.05555555555555569,0.04513888888888862,0.05013888888888862,False,True,0.039190897597977246,0.03990326481257558
000516.SZ,1996-05-06,PASS_ROUNDING_INTERVAL_SET,True,0.0,0.040000000000000036,0.07889999999999994,0.08389999999999995,False,True,0.038327526132404185,0.03841931942919869
000516.SZ,1996-05-07,PASS_ROUNDING_INTERVAL_SET,True,0.0,0.043478260869565175,0.06902173913043488,0.07402173913043489,False,True,0.03737259343148358,0.03767491926803014
000516.SZ,1996-05-08,PASS_ROUNDING_INTERVAL_SET,True,0.0,0.08333333333333333,-0.01854166666666665,-0.013541666666666646,False,True,0.03745743473325766,0.03867403314917127
000516.SZ,1996-05-10,PASS_ROUNDING_INTERVAL_SET,True,0.0,0.05263157894736836,0.047500000000000125,0.05250000000000013,False,True,0.037943696450428395,0.03859649122807018
000516.SZ,1996-05-14,PASS_ROUNDING_INTERVAL_SET,True,0.0,0.09090909090909073,-0.0315909090909087,-0.026590909090908693,False,True,0.03815028901734104,0.03945885005636979
000516.SZ,1996-05-16,PASS_ROUNDING_INTERVAL_SET,True,0.0,0.05263157894736836,0.05144736842105278,0.05644736842105279,False,True,0.03823870220162225,0.0388457269700333
000516.SZ,1996-05-17,PASS_ROUNDING_INTERVAL_SET,True,0.0,0.052631578947368605,0.04907894736842065,0.05407894736842066,False,True,0.03745743473325766,0.0380848748639826
000516.SZ,1996-05-28,PASS_ROUNDING_INTERVAL_SET,True,0.0,0.04761904761904747,0.06059523809523849,0.06559523809523848,False,True,0.0354066985645933,0.035878564857405704
000516.SZ,1996-07-22,PASS_ROUNDING_INTERVAL_SET,True,0.0,0.029411764705882543,0.1413970588235286,0.1463970588235286,False,False,,
000516.SZ,1996-08-01,PASS_ROUNDING_INTERVAL_SET,True,0.0,0.050000000000000225,0.05262499999999909,0.057624999999999094,False,True,0.03150092649783817,0.03194695599758891
000516.SZ,1997-01-03,PASS_ROUNDING_INTERVAL_SET,True,0.0,0.03225806451612901,0.11911290322580652,0.12411290322580652,False,False,,
000516.SZ,1997-01-15,PASS_ROUNDING_INTERVAL_SET,True,0.0,0.045454545454545366,0.0703409090909094,0.0753409090909094,False,True,0.03306392358559883,0.03345195729537367
000516.SZ,1997-01-17,PASS_ROUNDING_INTERVAL_SET,True,0.0,0.043478260869565175,0.07597826086956538,0.08097826086956539,False,True,0.03282275711159738,0.033168666196189134
000516.SZ,1997-01-22,PASS_ROUNDING_INTERVAL_SET,True,0.0,0.07142857142857166,-0.021607142857143657,-0.01660714285714368,False,True,0.03258508327299059,0.0333569907735983
000516.SZ,1997-01-27,PASS_ROUNDING_INTERVAL_SET,True,0.0,0.05263157894736836,0.044078947368421245,0.04907894736842125,False,True,0.03239145416953825,0.03290799194089993
000516.SZ,1997-01-28,PASS_ROUNDING_INTERVAL_SET,True,0.0,0.05263157894736836,0.04539473684210546,0.050394736842105464,False,True,0.032616238723108947,0.03313049357674104
000516.SZ,1997-01-31,PASS_ROUNDING_INTERVAL_SET,True,0.0,0.05882352941176478,0.021911764705882075,0.02691176470588208,False,True,0.032300593276203035,0.03288201160541586
000516.SZ,1997-02-25,PASS_ROUNDING_INTERVAL_SET,True,0.0,0.040000000000000036,0.09409999999999985,0.09909999999999985,False,True,0.032471835652750164,0.0327132777421424
000516.SZ,1997-02-26,PASS_ROUNDING_INTERVAL_SET,True,0.0,0.04761904761904767,0.06440476190476169,0.06940476190476169,False,True,0.032300593276203035,0.0327132777421424
000516.SZ,1997-03-03,PASS_ROUNDING_INTERVAL_SET,True,0.0,0.052631578947368605,0.041710526315788726,0.04671052631578873,False,True,0.031462060456508324,0.03194695599758891
000516.SZ,1997-03-10,PASS_ROUNDING_INTERVAL_SET,True,0.0,0.0714285714285721,-0.03803571428571706,-0.033035714285717055,False,True,0.031078610603290677,0.0317555422408628
000516.SZ,1997-03-17,PASS_ROUNDING_INTERVAL_SET,True,0.0,0.031250000000000173,0.13335937499999928,0.13835937499999929,False,False,,
000516.SZ,1997-04-17,PASS_ROUNDING_INTERVAL_SET,True,0.0,0.0625000000000007,-0.007656250000003528,-0.002656250000003524,False,True,0.030484757621189403,0.030988686669945895
000516.SZ,1997-08-06,PASS_ROUNDING_INTERVAL_SET,True,0.0,0.03225806451612919,0.17749999999999885,0.18249999999999886,False,True,0.028713222261609356,0.028789455428373224
000516.SZ,1997-09-08,PASS_ROUNDING_INTERVAL_SET,True,0.0,0.03448275862068979,0.15870689655172326,0.16370689655172327,False,True,0.02882159795695002,0.028938906752411578
000516.SZ,1997-10-09,PASS_ROUNDING_INTERVAL_SET,True,0.0,0.03448275862068979,0.1438793103448268,0.1488793103448268,False,True,0.029575653664809253,0.029694688414889165
000516.SZ,1998-03-09,PASS_ROUNDING_INTERVAL_SET,True,0.0,0.02702702702702711,0.23277027027026964,0.23777027027026965,False,False,,
000516.SZ,1998-06-11,PASS_ROUNDING_INTERVAL_SET,True,0.0,0.08333333333333519,0.08729166666665622,0.09229166666665622,False,True,0.049443207126948774,0.04980167474658441
000516.SZ,1998-07-08,PASS_ROUNDING_INTERVAL_SET,True,0.0,0.0526315789473691,0.25539473684210157,0.26039473684210157,False,True,0.049522944116310766,0.04957570343903529
000516.SZ,1998-11-19,PASS_ROUNDING_INTERVAL_SET,True,0.0,0.09090909090909292,0.04568181818180772,0.050681818181807725,False,True,0.049878934624697335,0.05031145184475324
000516.SZ,1998-11-25,PASS_ROUNDING_INTERVAL_SET,True,0.0,0.09090909090909292,0.04659090909089891,0.05159090909089892,False,True,0.050074367873078826,0.05051495831289849
000516.SZ,1998-12-09,PASS_ROUNDING_INTERVAL_SET,True,0.0,0.25000000000001665,-0.7006250000000785,-0.6956250000000784,False,True,0.0505050505050505,0.05134992059290631
000516.SZ,1998-12-21,PASS_ROUNDING_INTERVAL_SET,True,0.0,0.07692307692307758,0.1082692307692279,0.1132692307692279,False,True,0.05082809822958309,0.051209904333145755
000516.SZ,1998-12-28,PASS_ROUNDING_INTERVAL_SET,True,0.0,0.050000000000000225,0.231374999999999,0.236374999999999,False,False,,
000516.SZ,1999-04-21,PASS_ROUNDING_INTERVAL_SET,True,0.0,0.05882352941176478,0.19426470588235256,0.19926470588235257,False,True,0.050516023900054316,0.050666666666666665
000516.SZ,2000-09-25,PASS_ROUNDING_INTERVAL_SET,True,0.0,0.052631578947368605,0.30434210526315664,0.30934210526315664,False,True,0.04852243706676396,0.048578625404821885
000516.SZ,2001-03-01,PASS_ROUNDING_INTERVAL_SET,True,0.0,0.09090909090909292,0.07749999999998491,0.08249999999998492,False,True,0.05065414290506541,0.05094905094905095
000516.SZ,2002-03-27,PASS_ROUNDING_INTERVAL_SET,True,0.0,0.07692307692307758,0.14019230769230367,0.14519230769230368,False,True,0.05006206040546131,0.05034793286942284
000516.SZ,2002-07-08,PASS_ROUNDING_INTERVAL_SET,True,0.0,0.09090909090909292,0.06477272727271421,0.06977272727271422,False,True,0.050442818636888716,0.050782741504390994
000516.SZ,2002-07-18,PASS_ROUNDING_INTERVAL_SET,True,0.0,0.09090909090909292,0.06931818181816907,0.07431818181816907,False,True,0.05092775365179629,0.051272015655577305
000516.SZ,2002-10-31,PASS_ROUNDING_INTERVAL_SET,True,0.0,0.12500000000000278,-0.14031250000001616,-0.13531250000001616,False,True,0.05040930633347694,0.05091998288403937
000516.SZ,2002-11-06,PASS_ROUNDING_INTERVAL_SET,True,0.0,0.08333333333333395,0.10437499999999633,0.10937499999999634,False,True,0.05053078556263269,0.05086170659941152
000516.SZ,2003-03-07,PASS_ROUNDING_INTERVAL_SET,True,0.0,0.08333333333333519,0.08812499999999002,0.09312499999999002,False,True,0.04988344988344988,0.05025357307514985
000516.SZ,2003-03-20,PASS_ROUNDING_INTERVAL_SET,True,0.0,0.11111111111111358,-0.06305555555556841,-0.058055555555568406,False,True,0.04949543488707352,0.050023820867079564
000516.SZ,2003-04-09,PASS_ROUNDING_INTERVAL_SET,True,0.0,0.14285714285714604,-0.2296428571428738,-0.2246428571428738,False,True,0.049400479616306954,0.050023820867079564
000516.SZ,2003-05-26,PASS_ROUNDING_INTERVAL_SET,True,0.0,0.0714285714285721,0.13339285714285376,0.13839285714285376,False,True,0.04926358557643473,0.04957436154231347
000516.SZ,2003-06-10,PASS_ROUNDING_INTERVAL_SET,True,0.0,0.125,-0.1321875,-0.1271875,False,True,0.04911392405063291,0.049723756906077346
000516.SZ,2003-06-16,PASS_ROUNDING_INTERVAL_SET,True,0.0,0.10000000000000223,-0.007750000000011248,-0.0027500000000112435,False,True,0.049229239184485324,0.04972919743968489
000516.SZ,2003-06-24,PASS_ROUNDING_INTERVAL_SET,True,0.0,0.08333333333333395,0.07187499999999697,0.07687499999999697,False,True,0.049095607235142114,0.049515058703420115
000516.SZ,2003-07-11,PASS_ROUNDING_INTERVAL_SET,True,0.0,0.07142857142857302,0.1183928571428498,0.12339285714284981,False,True,0.04866047020229633,0.049003769520732376
000516.SZ,2003-07-17,PASS_ROUNDING_INTERVAL_SET,True,0.0,0.14285714285714604,-0.2082142857143004,-0.2032142857143004,False,True,0.04866047020229633,0.04937601736299512
000516.SZ,2003-08-21,PASS_ROUNDING_INTERVAL_SET,True,0.0,0.11111111111111358,-0.053611111111122434,-0.04861111111112243,False,True,0.04969961769524849,0.0502974580854516
000516.SZ,2003-09-16,PASS_ROUNDING_INTERVAL_SET,True,0.0,0.07692307692307758,0.10442307692307395,0.10942307692307396,False,True,0.049917718047174986,0.0502974580854516
000516.SZ,2003-10-13,PASS_ROUNDING_INTERVAL_SET,True,0.0,0.07692307692307863,0.10673076923076119,0.1117307692307612,False,True,0.04991948470209339,0.05029115934356803
000516.SZ,2003-11-03,PASS_ROUNDING_INTERVAL_SET,True,0.0,0.06666666666666696,0.12149999999999883,0.12649999999999884,False,True,0.048703352308665404,0.049037864680322785
000516.SZ,2003-11-14,PASS_ROUNDING_INTERVAL_SET,True,0.0,0.06666666666666657,0.09650000000000036,0.10150000000000037,False,True,0.047410649161196215,0.04782298358315489
000516.SZ,2003-12-15,PASS_ROUNDING_INTERVAL_SET,True,0.0,0.08333333333333333,0.05270833333333336,0.05770833333333336,False,True,0.04848093083387201,0.04901336728198599
000516.SZ,2003-12-17,PASS_ROUNDING_INTERVAL_SET,True,0.0,0.08333333333333333,0.049375,0.05437500000000001,False,True,0.048184818481848184,0.04873294346978557
000516.SZ,2003-12-29,PASS_ROUNDING_INTERVAL_SET,True,0.0,0.09090909090909073,0.013863636363637022,0.018863636363637026,False,True,0.04741684359518755,0.0480836236933798
000516.SZ,2003-12-30,PASS_ROUNDING_INTERVAL_SET,True,0.0,0.11111111111111029,-0.05694444444444152,-0.05194444444444152,False,True,0.04748405386250886,0.04828551434569629
000516.SZ,2003-12-31,PASS_ROUNDING_INTERVAL_SET,True,0.0,0.125,-0.10843749999999996,-0.10343749999999996,False,True,0.04721634954193094,0.0480836236933798
000516.SZ,2004-01-02,PASS_ROUNDING_INTERVAL_SET,True,0.0,0.11111111111111029,-0.0591666666666637,-0.0541666666666637,False,True,0.04721634954193094,0.04801670146137787
000516.SZ,2004-01-16,PASS_ROUNDING_INTERVAL_SET,True,0.0,0.07142857142857166,0.09874999999999912,0.10374999999999912,False,True,0.04848093083387201,0.04888888888888889
000516.SZ,2004-02-17,PASS_ROUNDING_INTERVAL_SET,True,0.0,0.07692307692307863,0.10365384615383827,0.10865384615383827,False,True,0.049808429118773936,0.05018888289260659
000516.SZ,2004-08-10,PASS_ROUNDING_INTERVAL_SET,True,0.0,0.19999999999999735,-0.3574999999999906,-0.3524999999999906,False,True,0.04911032028469751,0.050176678445229675
000516.SZ,2004-08-11,PASS_ROUNDING_INTERVAL_SET,True,0.0,0.09090909090909073,0.026590909090909665,0.03159090909090967,False,True,0.04925053533190578,0.049894588896697116
000516.SZ,2004-08-13,PASS_ROUNDING_INTERVAL_SET,True,0.0,0.08333333333333333,0.05062500000000003,0.055625000000000036,False,True,0.04908424908424908,0.04967602591792657
000516.SZ,2004-08-30,PASS_ROUNDING_INTERVAL_SET,True,0.0,0.08333333333333333,0.04812500000000003,0.05312500000000003,False,True,0.0489089541008277,0.04951958610495196
000516.SZ,2004-09-08,PASS_ROUNDING_INTERVAL_SET,True,0.0,0.09999999999999956,-0.005249999999998478,-0.00024999999999847367,False,True,0.04922850844966937,0.0499637943519189
000516.SZ,2004-09-10,PASS_ROUNDING_INTERVAL_SET,True,0.0,0.1428571428571424,-0.15249999999999847,-0.14749999999999847,False,True,0.04861630516080778,0.049592894152479645
000516.SZ,2004-12-02,PASS_ROUNDING_INTERVAL_SET,True,0.0,0.06666666666666657,0.10383333333333367,0.10883333333333367,False,True,0.04898266767143934,0.04937361827560796
000516.SZ,2004-12-14,PASS_ROUNDING_INTERVAL_SET,True,0.0,0.07692307692307652,0.06250000000000125,0.06750000000000125,False,True,0.04837430610626487,0.048951048951048945
000516.SZ,2004-12-27,PASS_ROUNDING_INTERVAL_SET,True,0.0,0.16666666666666544,-0.21624999999999622,-0.21124999999999622,False,True,0.04808475957620212,0.049233252623083125
000516.SZ,2005-01-04,PASS_ROUNDING_INTERVAL_SET,True,0.0,0.09090909090909073,0.01431818181818234,0.019318181818182345,False,True,0.047858942065491177,0.04863973619126133
000516.SZ,2005-01-19,PASS_ROUNDING_INTERVAL_SET,True,0.0,0.07692307692307705,0.05557692307692266,0.06057692307692267,False,True,0.04777870913663034,0.04840032813781788
000516.SZ,2005-01-26,PASS_ROUNDING_INTERVAL_SET,True,0.0,0.08333333333333333,0.03979166666666667,0.044791666666666674,False,True,0.048163265306122444,0.0488390712570056
000516.SZ,2005-02-17,PASS_ROUNDING_INTERVAL_SET,True,0.0,0.11111111111111029,-0.047499999999997544,-0.04249999999999754,False,True,0.04737295434969854,0.04834605597964377
000516.SZ,2005-03-02,PASS_ROUNDING_INTERVAL_SET,True,0.0,0.09090909090909145,0.012954545454543775,0.01795454545454378,False,True,0.04761904761904761,0.04840032813781788
000516.SZ,2005-03-09,PASS_ROUNDING_INTERVAL_SET,True,0.0,0.1428571428571424,-0.14178571428571296,-0.13678571428571296,False,True,0.04769874476987448,0.048800661703887506
000516.SZ,2005-03-14,PASS_ROUNDING_INTERVAL_SET,True,0.0,0.07692307692307652,0.05326923076923196,0.05826923076923196,False,True,0.047701647875108416,0.04834605597964377
000516.SZ,2005-04-11,PASS_ROUNDING_INTERVAL_SET,True,0.0,0.07692307692307705,0.04326923076923042,0.048269230769230426,False,True,0.04671115347950429,0.04744186046511628
000516.SZ,2005-04-25,PASS_ROUNDING_INTERVAL_SET,True,0.0,0.10000000000000045,-0.023750000000001048,-0.018750000000001044,False,True,0.0448087431693989,0.045989304812834225
000516.SZ,2005-04-27,PASS_ROUNDING_INTERVAL_SET,True,0.0,0.0714285714285712,0.0466071428571434,0.05160714285714341,False,True,0.04559915164369035,0.04634397528321318
000516.SZ,2005-05-25,PASS_ROUNDING_INTERVAL_SET,True,0.0,0.08333333333333333,0.017291666666666677,0.022291666666666682,False,True,0.04531085353003161,0.046248715313463515
000516.SZ,2005-05-30,PASS_ROUNDING_INTERVAL_SET,True,0.0,0.0714285714285712,0.0466071428571434,0.05160714285714341,False,True,0.04559915164369035,0.04634397528321318
000516.SZ,2005-06-01,PASS_ROUNDING_INTERVAL_SET,True,0.0,0.08333333333333333,0.016875,0.021875000000000006,False,True,0.0452155625657203,0.046153846153846156
000516.SZ,2005-06-23,PASS_ROUNDING_INTERVAL_SET,True,0.0,0.11111111111111138,-0.04750000000000071,-0.042500000000000704,False,True,0.04621435594886922,0.04734299516908213
000516.SZ,2005-06-28,PASS_ROUNDING_INTERVAL_SET,True,0.0,0.16666666666666544,-0.18958333333333022,-0.1845833333333302,False,True,0.04612365063788027,0.0475266731328807
000516.SZ,2005-06-29,PASS_ROUNDING_INTERVAL_SET,True,0.0,0.11111111111111138,-0.04750000000000071,-0.042500000000000704,False,True,0.04621435594886922,0.04734299516908213
000516.SZ,2005-07-04,PASS_ROUNDING_INTERVAL_SET,True,0.0,0.07692307692307652,0.02942307692307783,0.03442307692307783,False,True,0.04490690032858708,0.045793397231096905
000516.SZ,2005-07-05,PASS_ROUNDING_INTERVAL_SET,True,0.0,0.09999999999999956,-0.024749999999998995,-0.01974999999999899,False,True,0.04461371055495103,0.045793397231096905
000516.SZ,2005-07-11,PASS_ROUNDING_INTERVAL_SET,True,0.0,0.07692307692307652,0.02942307692307783,0.03442307692307783,False,True,0.04490690032858708,0.045793397231096905
000516.SZ,2005-07-19,PASS_ROUNDING_INTERVAL_SET,True,0.0,0.07142857142857166,0.03482142857142809,0.03982142857142809,False,True,0.04399524375743163,0.04487917146144994
000516.SZ,2005-07-20,PASS_ROUNDING_INTERVAL_SET,True,0.0,0.11111111111111029,-0.05194444444444268,-0.04694444444444268,False,True,0.04337631887456038,0.04477611940298507
000516.SZ,2005-07-25,PASS_ROUNDING_INTERVAL_SET,True,0.0,0.2000000000000009,-0.246500000000002,-0.241500000000002,False,True,0.044167610419026046,0.04591265397536395
000516.SZ,2005-07-28,PASS_ROUNDING_INTERVAL_SET,True,0.0,0.09090909090909073,-0.002499999999999586,0.0025000000000004186,False,True,0.04490690032858708,0.045989304812834225
000516.SZ,2005-07-29,PASS_ROUNDING_INTERVAL_SET,True,0.0,0.11111111111111029,-0.04861111111110919,-0.043611111111109185,False,True,0.04490690032858708,0.04618689581095596
000516.SZ,2005-08-02,PASS_ROUNDING_INTERVAL_SET,True,0.0,0.125,-0.0821875,-0.07718749999999999,False,True,0.04461371055495103,0.045989304812834225
000516.SZ,2005-08-10,PASS_ROUNDING_INTERVAL_SET,True,0.0,0.09999999999999956,-0.01474999999999893,-0.009749999999998926,False,True,0.04692387904066737,0.04800817160367722
000516.SZ,2005-08-30,PASS_ROUNDING_INTERVAL_SET,True,0.0,0.0625,0.09515625000000003,0.10015625000000003,False,True,0.04875804967801289,0.04915102770330653
000516.SZ,2005-09-08,PASS_ROUNDING_INTERVAL_SET,True,0.0,0.10000000000000045,-0.005750000000001254,-0.0007500000000012497,False,True,0.048975957257346395,0.04986876640419948
000516.SZ,2005-09-28,PASS_ROUNDING_INTERVAL_SET,True,0.0,0.11111111111111138,-0.038055555555556286,-0.03305555555555628,False,True,0.04857928505957837,0.049594229035166824
000516.SZ,2005-09-29,PASS_ROUNDING_INTERVAL_SET,True,0.0,0.08333333333333333,0.037708333333333344,0.04270833333333335,False,True,0.04857928505957837,0.04932735426008969
000516.SZ,2005-11-11,PASS_ROUNDING_INTERVAL_SET,True,0.0,0.0714285714285712,0.07089285714285778,0.07589285714285779,False,True,0.04875804967801289,0.04932735426008969
000516.SZ,2005-11-15,PASS_ROUNDING_INTERVAL_SET,True,0.0,0.07142857142857166,0.07017857142857081,0.07517857142857082,False,True,0.04857928505957837,0.04915102770330653
000516.SZ,2005-11-30,PASS_ROUNDING_INTERVAL_SET,True,0.0,0.125,-0.07656249999999998,-0.07156249999999997,False,True,0.0484903934126258,0.049594229035166824
000516.SZ,2005-12-01,PASS_ROUNDING_INTERVAL_SET,True,0.0,0.10000000000000045,-0.0077500000000012,-0.002750000000001196,False,True,0.04857928505957837,0.049504950495049514
000516.SZ,2005-12-02,PASS_ROUNDING_INTERVAL_SET,True,0.0,0.07692307692307705,0.055192307692307346,0.06019230769230735,False,True,0.04857928505957837,0.049239033124440466
000516.SZ,2005-12-07,PASS_ROUNDING_INTERVAL_SET,True,0.0,0.09090909090909073,0.012045454545454998,0.017045454545455002,False,True,0.04780487804878049,0.04871060171919771
000516.SZ,2005-12-20,PASS_ROUNDING_INTERVAL_SET,True,0.0,0.11111111111111138,-0.038055555555556286,-0.03305555555555628,False,True,0.04857928505957837,0.049594229035166824
000516.SZ,2005-12-23,PASS_ROUNDING_INTERVAL_SET,True,0.0,0.16666666666666544,-0.1879166666666633,-0.18291666666666329,False,True,0.04875804967801289,0.05004549590536852
000516.SZ,2005-12-26,PASS_ROUNDING_INTERVAL_SET,True,0.0,0.10000000000000045,-0.0077500000000012,-0.002750000000001196,False,True,0.04857928505957837,0.049504950495049514
000516.SZ,2005-12-27,PASS_ROUNDING_INTERVAL_SET,True,0.0,0.09090909090909073,0.016136363636364143,0.021136363636364175,False,True,0.04840182648401827,0.049239033124440466
000516.SZ,2005-12-28,PASS_ROUNDING_INTERVAL_SET,True,0.0,0.09999999999999956,-0.008749999999998759,-0.0037499999999987543,False,True,0.04840182648401827,0.04932735426008969
000516.SZ,2006-01-19,PASS_ROUNDING_INTERVAL_SET,True,0.0,0.09999999999999956,-0.0017499999999986415,0.003250000000001363,False,True,0.04971475142624287,0.05052125100240577
000516.SZ,2006-02-14,PASS_ROUNDING_INTERVAL_SET,True,0.0,0.0625,0.11796875000000001,0.12296875000000002,False,True,0.0499603489294211,0.050270688321732405
000516.SZ,2006-02-23,PASS_ROUNDING_INTERVAL_SET,True,0.0,0.0714285714285712,0.08589285714285783,0.09089285714285783,False,True,0.04971475142624287,0.05019920318725099
000516.SZ,2006-02-28,PASS_ROUNDING_INTERVAL_SET,True,0.0,0.09090909090909073,0.02613636363636418,0.031136363636364184,False,True,0.04971475142624287,0.05044035228182546
000516.SZ,2006-03-01,PASS_ROUNDING_INTERVAL_SET,True,0.0,0.10000000000000045,-0.002750000000001418,0.0022499999999985865,False,True,0.04955320877335499,0.050359712230215826
000516.SZ,2006-10-31,PASS_ROUNDING_INTERVAL_SET,True,0.0,0.16666666666666544,-0.052916666666663004,-0.047916666666663,False,True,0.07429547395388557,0.07523245984784446
000518.SZ,1994-03-09,PASS_ROUNDING_INTERVAL_SET,True,0.0,0.25,0.011874999999999969,0.016874999999999973,False,True,0.12682551883166795,0.12757830404889228
000518.SZ,1994-07-14,PASS_ROUNDING_INTERVAL_SET,True,0.0,0.3333333333333309,-0.06249999999999667,-0.057499999999996665,False,True,0.14338919925512103,0.14548802946593
000518.SZ,1994-11-15,PASS_ROUNDING_INTERVAL_SET,True,0.0,0.24999999999999722,0.08937500000000526,0.09437500000000526,False,True,0.14848883048620237,0.1495448634590377
000518.SZ,1995-01-11,PASS_ROUNDING_INTERVAL_SET,True,0.0,0.3333333333333309,-0.06583333333332941,-0.06083333333332941,False,True,0.14599686028257455,0.1477449455676516
000518.SZ,1995-06-23,PASS_ROUNDING_INTERVAL_SET,True,0.0,0.25,0.049375,0.05437500000000001,False,True,0.14338919925512103,0.14495412844036698
000518.SZ,1995-08-03,PASS_ROUNDING_INTERVAL_SET,True,0.0,0.9999999999999778,-1.0074999999999685,-1.0024999999999684,False,True,0.1433628318584071,0.14638447971781304
000518.SZ,1995-11-23,PASS_ROUNDING_INTERVAL_SET,True,0.0,0.5,-0.30375,-0.29875,False,True,0.1443478260869565,0.1468048359240069
000518.SZ,1995-11-28,PASS_ROUNDING_INTERVAL_SET,True,0.0,0.3333333333333309,-0.06416666666666321,-0.059166666666663204,False,True,0.14387211367673178,0.14586994727592265
000518.SZ,1995-12-06,PASS_ROUNDING_INTERVAL_SET,True,0.0,0.3333333333333309,-0.06416666666666326,-0.05916666666666326,False,True,0.14337568058076225,0.14542190305206462
000518.SZ,1995-12-07,PASS_ROUNDING_INTERVAL_SET,True,0.0,0.5,-0.29125,-0.28625,False,True,0.14389799635701275,0.14647377938517178
000518.SZ,1996-01-16,PASS_ROUNDING_INTERVAL_SET,True,0.0,0.4999999999999889,-0.25124999999998715,-0.24624999999998715,False,True,0.14099783080260306,0.14408602150537633
000518.SZ,1996-01-22,PASS_ROUNDING_INTERVAL_SET,True,0.0,0.9999999999999778,-0.7874999999999759,-0.7824999999999758,False,True,0.13958810068649885,0.14350797266514806
000518.SZ,1996-01-24,PASS_ROUNDING_INTERVAL_SET,True,0.0,0.25,0.03187499999999999,0.03687499999999999,False,True,0.13958810068649885,0.14157303370786517
000518.SZ,1996-01-29,PASS_ROUNDING_INTERVAL_SET,True,0.0,0.3333333333333358,-0.059166666666669476,-0.05416666666666947,False,True,0.1403118040089087,0.14285714285714288
000518.SZ,1996-02-08,PASS_ROUNDING_INTERVAL_SET,True,0.0,0.5,-0.24625000000000002,-0.24125000000000002,False,True,0.1383219954648526,0.14157303370786517
000518.SZ,1996-02-12,PASS_ROUNDING_INTERVAL_SET,True,0.0,0.5,-0.24625000000000002,-0.24125000000000002,False,True,0.1383219954648526,0.14157303370786517
000518.SZ,1996-02-15,PASS_ROUNDING_INTERVAL_SET,True,0.0,0.5,-0.24874999999999997,-0.24374999999999997,False,True,0.13968957871396898,0.14285714285714288
000518.SZ,1996-03-26,PASS_ROUNDING_INTERVAL_SET,True,0.0,0.3333333333333358,-0.059166666666669476,-0.05416666666666947,False,True,0.1403118040089087,0.14285714285714288
000518.SZ,1996-04-02,PASS_ROUNDING_INTERVAL_SET,True,0.0,0.4999999999999889,-0.24374999999998775,-0.23874999999998775,False,True,0.13895216400911162,0.14221218961625282
000518.SZ,1996-04-04,PASS_ROUNDING_INTERVAL_SET,True,0.0,0.4999999999999889,-0.24374999999998775,-0.23874999999998775,False,True,0.13895216400911162,0.14221218961625282
000518.SZ,1996-04-12,PASS_ROUNDING_INTERVAL_SET,True,0.0,0.19999999999999912,0.09850000000000109,0.10350000000000109,False,True,0.14164904862579283,0.14285714285714288
000519.SZ,1994-07-04,PASS_ROUNDING_INTERVAL_SET,True,0.0,0.25,0.333125,0.338125,False,True,0.20329024676850765,0.20372526193247964
000519.SZ,1995-02-15,PASS_ROUNDING_INTERVAL_SET,True,0.0,0.9999999999999778,-1.0524999999999582,-1.0474999999999584,False,True,0.21970705725699066,0.22177954847277553
000519.SZ,1995-02-16,PASS_ROUNDING_INTERVAL_SET,True,0.0,0.3333333333333309,0.20250000000000457,0.20750000000000457,False,True,0.22088353413654618,0.22177954847277553
000519.SZ,1995-02-20,PASS_ROUNDING_INTERVAL_SET,True,0.0,0.4999999999999889,-0.11124999999997898,-0.10624999999997897,False,True,0.22060766182298547,0.22207621550591325
000519.SZ,1995-05-05,PASS_ROUNDING_INTERVAL_SET,True,0.0,0.24999999999999722,0.358125000000005,0.363125000000005,False,True,0.22298221614227087,0.22327469553450607
000519.SZ,1995-05-16,PASS_ROUNDING_INTERVAL_SET,True,0.0,0.3333333333333309,0.20416666666667116,0.20916666666667116,False,True,0.22330097087378642,0.22420907840440166
000519.SZ,1995-06-22,PASS_ROUNDING_INTERVAL_SET,True,0.0,0.19999999999999735,0.47450000000000553,0.47950000000000553,False,False,,
000519.SZ,1995-07-27,PASS_ROUNDING_INTERVAL_SET,True,0.0,0.3333333333333309,0.21250000000000513,0.21750000000000513,False,True,0.21780986762936222,0.2186379928315412
000519.SZ,1995-07-28,PASS_ROUNDING_INTERVAL_SET,True,0.0,0.24999999999999445,0.3868750000000116,0.39187500000001163,False,True,0.21833534378769603,0.2186379928315412
000519.SZ,1995-11-07,PASS_ROUNDING_INTERVAL_SET,True,0.0,0.3333333333333309,0.2175000000000049,0.22250000000000492,False,True,0.2209737827715356,0.22180916976456008
000519.SZ,1995-12-04,PASS_ROUNDING_INTERVAL_SET,True,0.0,0.3333333333333309,0.21916666666667117,0.22416666666667118,False,True,0.2259810554803789,0.22684563758389262
000519.SZ,1995-12-07,PASS_ROUNDING_INTERVAL_SET,True,0.0,0.3333333333333309,0.22083333333333788,0.22583333333333788,False,True,0.2265943012211669,0.22745625841184386
000519.SZ,1995-12-27,PASS_ROUNDING_INTERVAL_SET,True,0.0,0.19999999999999912,0.4495000000000015,0.4545000000000015,False,False,,
000519.SZ,1996-01-12,PASS_ROUNDING_INTERVAL_SET,True,0.0,0.25,0.36062500000000003,0.36562500000000003,False,True,0.23647604327666152,0.2366412213740458
000519.SZ,1996-01-15,PASS_ROUNDING_INTERVAL_SET,True,0.0,0.3333333333333309,0.22583333333333733,0.23083333333333733,False,True,0.23647604327666152,0.23736600306278713
000519.SZ,1996-01-17,PASS_ROUNDING_INTERVAL_SET,True,0.0,0.5,-0.043749999999999956,-0.03874999999999995,False,True,0.23647604327666152,0.2380952380952381
000519.SZ,1996-02-05,PASS_ROUNDING_INTERVAL_SET,True,0.0,0.25,0.356875,0.361875,False,True,0.23993558776167473,0.24006359300476948
000519.SZ,1996-03-14,PASS_ROUNDING_INTERVAL_SET,True,0.0,0.19999999999999912,0.4355000000000014,0.4405000000000014,False,False,,
000519.SZ,1996-03-15,PASS_ROUNDING_INTERVAL_SET,True,0.0,0.4999999999999889,-0.028749999999982734,-0.02374999999998273,False,True,0.24071082390953152,0.2423756019261637
000519.SZ,1996-03-27,PASS_ROUNDING_INTERVAL_SET,True,0.0,0.25,0.356875,0.361875,False,True,0.23993558776167473,0.24006359300476948
000519.SZ,1996-04-03,PASS_ROUNDING_INTERVAL_SET,True,0.0,0.4999999999999889,-0.028749999999982956,-0.02374999999998295,False,True,0.24058919803600656,0.24227642276422762
000520.SZ,1996-01-15,PASS_ROUNDING_INTERVAL_SET,True,0.0,0.4999999999999889,-0.24874999999998226,-0.24374999999998226,False,True,0.17165354330708663,0.17370892018779344
000523.SZ,1995-02-16,PASS_ROUNDING_INTERVAL_SET,True,0.0,0.4999999999999889,-0.08124999999997806,-0.07624999999997806,False,True,0.22940430925221802,0.23076923076923075
000523.SZ,1995-02-17,PASS_ROUNDING_INTERVAL_SET,True,0.0,0.3333333333333309,0.24916666666667153,0.25416666666667154,False,True,0.22998729351969505,0.23076923076923075
000523.SZ,1995-11-16,PASS_ROUNDING_INTERVAL_SET,True,0.0,0.5,0.04125000000000001,0.04625000000000001,False,True,0.2638655462184874,0.2654424040066778
000523.SZ,1995-11-24,PASS_ROUNDING_INTERVAL_SET,True,0.0,0.5,0.04125000000000001,0.04625000000000001,False,True,0.2638655462184874,0.2654424040066778
000523.SZ,1996-03-20,PASS_ROUNDING_INTERVAL_SET,True,0.0,0.9999999999999778,-0.6174999999999722,-0.6124999999999721,False,True,0.2534930139720559,0.25646123260437376
000537.SZ,1994-11-21,PASS_ROUNDING_INTERVAL_SET,True,0.0,0.2499999999999969,-0.4456249999999939,-0.4406249999999939,False,True,0.011464968152866245,0.013871374527112231
000545.SZ,1994-07-13,PASS_ROUNDING_INTERVAL_SET,True,0.0,0.3333333333333309,0.06750000000000311,0.07250000000000312,False,True,0.1936127744510978,0.1952662721893491
000545.SZ,1996-02-07,PASS_ROUNDING_INTERVAL_SET,True,0.0,0.5,-0.10125,-0.09625,False,True,0.20449438202247192,0.2071269487750557
000545.SZ,1996-02-09,PASS_ROUNDING_INTERVAL_SET,True,0.0,0.5,-0.10125,-0.09625,False,True,0.20449438202247192,0.2071269487750557
000545.SZ,1996-02-12,PASS_ROUNDING_INTERVAL_SET,True,0.0,0.5,-0.10125,-0.09625,False,True,0.20449438202247192,0.2071269487750557
000545.SZ,1996-02-16,PASS_ROUNDING_INTERVAL_SET,True,0.0,0.5,-0.09875,-0.09375,False,True,0.20697167755991286,0.20950323974082075
000545.SZ,1996-04-04,PASS_ROUNDING_INTERVAL_SET,True,0.0,0.5,-0.10125,-0.09625,False,True,0.20449438202247192,0.2071269487750557
000545.SZ,2005-12-16,PASS_ROUNDING_INTERVAL_SET,True,0.0,0.5,-0.07624999999999998,-0.07124999999999998,False,True,0.21411764705882352,0.2167832167832168
000545.SZ,2006-03-15,PASS_ROUNDING_INTERVAL_SET,True,0.0,0.5,-0.07374999999999998,-0.06874999999999998,False,True,0.21700223713646533,0.21951219512195122
000547.SZ,1994-03-09,PASS_ROUNDING_INTERVAL_SET,True,0.0,0.11111111111111138,-0.08083333333333406,-0.07583333333333406,False,True,0.04087193460490463,0.04200178731009831
000547.SZ,1994-04-14,PASS_ROUNDING_INTERVAL_SET,True,0.0,0.07142857142857166,0.030178571428570805,0.03517857142857081,False,True,0.04124656278643447,0.04200178731009831
000547.SZ,1994-06-06,PASS_ROUNDING_INTERVAL_SET,True,0.0,0.2000000000000009,-0.29950000000000215,-0.29450000000000215,False,True,0.03688092729188619,0.03858185610010428
000547.SZ,1994-06-10,PASS_ROUNDING_INTERVAL_SET,True,0.0,0.1428571428571424,-0.15607142857142756,-0.15107142857142755,False,True,0.03559127439724455,0.03728813559322034
000547.SZ,1994-06-21,PASS_ROUNDING_INTERVAL_SET,True,0.0,0.16666666666666544,-0.2004166666666643,-0.1954166666666643,False,True,0.03038309114927345,0.03250975292587776
000547.SZ,1994-06-23,PASS_ROUNDING_INTERVAL_SET,True,0.0,0.09090909090909073,-0.054772727272726945,-0.04977272727272694,False,True,0.03078982597054886,0.03250975292587776
000547.SZ,1994-06-24,PASS_ROUNDING_INTERVAL_SET,True,0.0,0.16666666666666666,-0.19541666666666668,-0.19041666666666668,False,True,0.029126213592233007,0.03137789904502047
000547.SZ,1994-06-29,PASS_ROUNDING_INTERVAL_SET,True,0.0,0.08333333333333333,-0.05145833333333333,-0.046458333333333324,False,True,0.025954198473282442,0.027982326951399118
000547.SZ,1994-07-12,PASS_ROUNDING_INTERVAL_SET,True,0.0,0.09999999999999949,-0.08524999999999927,-0.08024999999999927,False,True,0.019607843137254905,0.022375215146299483
000547.SZ,1994-07-15,PASS_ROUNDING_INTERVAL_SET,True,0.0,0.11111111111111076,-0.10083333333333283,-0.09583333333333283,False,True,0.019607843137254905,0.022452504317789293
000547.SZ,1994-07-29,PASS_ROUNDING_INTERVAL_SET,True,0.0,0.12499999999999992,-0.12343749999999991,-0.11843749999999992,False,True,0.006772009029345372,0.010893246187363835
000547.SZ,1994-11-24,PASS_ROUNDING_INTERVAL_SET,True,0.0,0.11111111111111138,-0.07027777777777872,-0.06527777777777871,False,True,0.04515173945225759,0.04601899196493791
000547.SZ,1994-12-29,PASS_ROUNDING_INTERVAL_SET,True,0.0,0.1428571428571424,-0.12964285714285595,-0.12464285714285595,False,True,0.04671115347950429,0.04797742238946378
000547.SZ,1995-02-15,PASS_ROUNDING_INTERVAL_SET,True,0.0,0.2000000000000009,-0.2615000000000018,-0.2565000000000018,False,True,0.034047919293820936,0.03611457036114571
000547.SZ,1995-02-20,PASS_ROUNDING_INTERVAL_SET,True,0.0,0.25,-0.356875,-0.351875,False,True,0.0324254215304799,0.03465982028241335
000547.SZ,1995-02-21,PASS_ROUNDING_INTERVAL_SET,True,0.0,0.11111111111111084,-0.08638888888888835,-0.08138888888888834,False,True,0.0328515111695138,0.03465982028241335
000547.SZ,1995-03-24,PASS_ROUNDING_INTERVAL_SET,True,0.0,0.09999999999999956,-0.025249999999998912,-0.020249999999998908,False,True,0.04495504495504496,0.04603330068560235
000547.SZ,1995-04-03,PASS_ROUNDING_INTERVAL_SET,True,0.0,0.1428571428571424,-0.13178571428571306,-0.12678571428571306,False,True,0.046445497630331754,0.04770813844714687
000547.SZ,1995-04-17,PASS_ROUNDING_INTERVAL_SET,True,0.0,0.125,-0.08406249999999998,-0.07906249999999998,False,True,0.04653371320037987,0.04770813844714687
000547.SZ,1995-04-18,PASS_ROUNDING_INTERVAL_SET,True,0.0,0.16666666666666544,-0.1929166666666634,-0.1879166666666634,False,True,0.046622264509990484,0.04797742238946378
000547.SZ,1995-04-19,PASS_ROUNDING_INTERVAL_SET,True,0.0,0.4999999999999889,-1.0687499999999708,-1.0637499999999709,False,True,0.046622264509990484,0.04834123222748815
000547.SZ,1995-06-29,PASS_ROUNDING_INTERVAL_SET,True,0.0,0.19999999999999735,-0.2954999999999918,-0.2904999999999918,False,True,0.0515970515970516,0.05280259951259139
000547.SZ,1995-07-05,PASS_ROUNDING_INTERVAL_SET,True,0.0,0.11111111111111029,-0.03027777777777535,-0.025277777777775345,False,True,0.05038428693424424,0.051303616484440706
000547.SZ,1995-07-27,PASS_ROUNDING_INTERVAL_SET,True,0.0,0.16666666666666544,-0.1962499999999962,-0.1912499999999962,False,True,0.05134474327628362,0.052461662631154156
000547.SZ,1995-07-28,PASS_ROUNDING_INTERVAL_SET,True,0.0,0.16666666666666544,-0.1962499999999962,-0.1912499999999962,False,True,0.05134474327628362,0.052461662631154156
000547.SZ,1995-08-03,PASS_ROUNDING_INTERVAL_SET,True,0.0,0.4999999999999889,-1.216249999999966,-1.211249999999966,False,True,0.05142857142857143,0.05288852725793328
000547.SZ,1995-09-21,PASS_ROUNDING_INTERVAL_SET,True,0.0,0.1666666666666679,-0.1187500000000028,-0.1137500000000028,False,True,0.056856187290969896,0.05830583058305831
000547.SZ,1995-09-27,PASS_ROUNDING_INTERVAL_SET,True,0.0,0.25,-0.30562500000000004,-0.30062500000000003,False,True,0.05561861520998865,0.05736782902137232
000547.SZ,1995-10-06,PASS_ROUNDING_INTERVAL_SET,True,0.0,0.16666666666666544,-0.12041666666666395,-0.11541666666666395,False,True,0.055872291904218926,0.05736782902137232
000547.SZ,1995-10-12,PASS_ROUNDING_INTERVAL_SET,True,0.0,0.1428571428571424,-0.07678571428571337,-0.07178571428571337,False,True,0.05263157894736842,0.05415162454873646
000547.SZ,1995-10-16,PASS_ROUNDING_INTERVAL_SET,True,0.0,0.24999999999999445,-0.29812499999998854,-0.29312499999998853,False,True,0.05237515225334958,0.054282267792521106
000547.SZ,1995-10-17,PASS_ROUNDING_INTERVAL_SET,True,0.0,0.19999999999999735,-0.19549999999999448,-0.19049999999999448,False,True,0.05237515225334958,0.05415162454873646
000547.SZ,1995-11-14,PASS_ROUNDING_INTERVAL_SET,True,0.0,0.19999999999999735,-0.1954999999999943,-0.19049999999999429,False,True,0.0545876887340302,0.05625717566016073
000547.SZ,1995-11-20,PASS_ROUNDING_INTERVAL_SET,True,0.0,0.12499999999999861,-0.03218749999999704,-0.027187499999997033,False,True,0.054970760233918135,0.05625717566016073
000547.SZ,1995-11-29,PASS_ROUNDING_INTERVAL_SET,True,0.0,0.16666666666666544,-0.12541666666666415,-0.12041666666666415,False,True,0.05263157894736842,0.054282267792521106
000547.SZ,1995-12-05,PASS_ROUNDING_INTERVAL_SET,True,0.0,0.25,-0.295625,-0.290625,False,True,0.05263157894736842,0.05454545454545455
000547.SZ,1995-12-06,PASS_ROUNDING_INTERVAL_SET,True,0.0,0.19999999999999735,-0.19449999999999454,-0.18949999999999453,False,True,0.052503052503052504,0.054282267792521106
000547.SZ,1995-12-07,PASS_ROUNDING_INTERVAL_SET,True,0.0,0.1428571428571424,-0.07607142857142765,-0.07107142857142765,False,True,0.05276073619631901,0.054282267792521106
000547.SZ,1995-12-11,PASS_ROUNDING_INTERVAL_SET,True,0.0,0.16666666666666544,-0.12541666666666415,-0.12041666666666415,False,True,0.05263157894736842,0.054282267792521106
000547.SZ,1995-12-25,PASS_ROUNDING_INTERVAL_SET,True,0.0,0.3333333333333358,-0.457500000000005,-0.452500000000005,False,True,0.05157232704402515,0.05368289637952559
000547.SZ,1996-01-23,PASS_ROUNDING_INTERVAL_SET,True,0.0,0.24999999999999722,-0.27562499999999535,-0.27062499999999534,False,True,0.04309063893016345,0.04552129221732745
000547.SZ,1996-02-01,PASS_ROUNDING_INTERVAL_SET,True,0.0,0.3333333333333309,-0.42249999999999566,-0.41749999999999565,False,True,0.044733044733044736,0.04721030042918455
000547.SZ,1996-02-06,PASS_ROUNDING_INTERVAL_SET,True,0.0,0.16666666666666544,-0.13708333333333125,-0.13208333333333125,False,True,0.04283604135893648,0.044992743105950646
000547.SZ,1996-02-07,PASS_ROUNDING_INTERVAL_SET,True,0.0,0.9999999999999778,-1.5474999999999624,-1.5424999999999622,False,True,0.04283604135893648,0.045655375552282766
000547.SZ,1996-02-09,PASS_ROUNDING_INTERVAL_SET,True,0.0,0.9999999999999778,-1.5424999999999625,-1.5374999999999626,False,True,0.04296296296296296,0.04579025110782865
000547.SZ,1996-03-11,PASS_ROUNDING_INTERVAL_SET,True,0.0,0.16666666666666544,-0.13708333333333125,-0.13208333333333125,False,True,0.04283604135893648,0.044992743105950646
000547.SZ,1996-03-14,PASS_ROUNDING_INTERVAL_SET,True,0.0,0.16666666666666666,-0.13625,-0.13125,False,True,0.04296296296296296,0.045123726346433767
000547.SZ,1996-03-18,PASS_ROUNDING_INTERVAL_SET,True,0.0,0.16666666666666544,-0.1354166666666646,-0.1304166666666646,False,True,0.04309063893016345,0.04525547445255474
000547.SZ,1996-03-19,PASS_ROUNDING_INTERVAL_SET,True,0.0,0.25,-0.276875,-0.271875,False,True,0.04296296296296296,0.04538799414348463
000547.SZ,1996-03-20,PASS_ROUNDING_INTERVAL_SET,True,0.0,0.19999999999999912,-0.19149999999999853,-0.18649999999999853,False,True,0.04309063893016345,0.04538799414348463
000547.SZ,1996-03-22,PASS_ROUNDING_INTERVAL_SET,True,0.0,0.25,-0.27812499999999996,-0.27312499999999995,False,True,0.044733044733044736,0.047075606276747506
000547.SZ,1996-04-03,PASS_ROUNDING_INTERVAL_SET,True,0.0,0.4999999999999889,-0.6962499999999815,-0.6912499999999815,False,True,0.0406015037593985,0.043348281016442454
000547.SZ,2005-03-21,PASS_ROUNDING_INTERVAL_SET,True,0.0,0.25,-0.20687499999999998,-0.20187499999999997,False,True,0.0763807285546416,0.07799767171129221
000547.SZ,2005-12-28,PASS_ROUNDING_INTERVAL_SET,True,0.0,0.25,-0.233125,-0.228125,False,True,0.0599721059972106,0.06206896551724138
000555.SZ,1996-02-12,PASS_ROUNDING_INTERVAL_SET,True,0.0,0.9999999999999778,-0.7824999999999678,-0.7774999999999679,False,True,0.229706390328152,0.23235800344234078
000557.SZ,1994-07-18,PASS_ROUNDING_INTERVAL_SET,True,0.0,0.11111111111110837,0.9125000000000044,0.9175000000000043,False,False,,
000557.SZ,1994-11-25,PASS_ROUNDING_INTERVAL_SET,True,0.0,0.08333333333333148,1.023125000000005,1.0281250000000048,False,False,,
000557.SZ,1995-01-27,PASS_ROUNDING_INTERVAL_SET,True,0.0,0.14285714285713924,0.8639285714285794,0.8689285714285793,False,False,,
000557.SZ,1995-02-14,PASS_ROUNDING_INTERVAL_SET,True,0.0,0.0909090909090887,0.9770454545454594,0.9820454545454593,False,False,,
000557.SZ,1995-03-14,PASS_ROUNDING_INTERVAL_SET,True,0.0,0.11111111111110782,0.944166666666675,0.9491666666666749,False,False,,
000557.SZ,1995-04-17,PASS_ROUNDING_INTERVAL_SET,True,0.0,0.2499999999999889,0.5868750000000285,0.5918750000000284,False,True,0.2399608227228208,0.24003887269193386
000557.SZ,1995-04-21,PASS_ROUNDING_INTERVAL_SET,True,0.0,0.11111111111110891,0.9425000000000054,0.9475000000000053,False,False,,
000557.SZ,1995-05-03,PASS_ROUNDING_INTERVAL_SET,True,0.0,0.0909090909090887,0.9734090909090956,0.9784090909090954,False,False,,
000557.SZ,1995-05-05,PASS_ROUNDING_INTERVAL_SET,True,0.0,0.1666666666666642,0.8120833333333386,0.8170833333333385,False,False,,
000557.SZ,1995-05-08,PASS_ROUNDING_INTERVAL_SET,True,0.0,0.3333333333333235,0.4558333333333543,0.4608333333333542,False,True,0.27379553466509987,0.2742123687281213
000557.SZ,1995-05-11,PASS_ROUNDING_INTERVAL_SET,True,0.0,0.19999999999999646,0.7445000000000075,0.7495000000000074,False,False,,
000557.SZ,1995-05-15,PASS_ROUNDING_INTERVAL_SET,True,0.0,0.11111111111110891,0.9313888888888935,0.9363888888888934,False,False,,
000557.SZ,1995-05-16,PASS_ROUNDING_INTERVAL_SET,True,0.0,0.11111111111110891,0.9297222222222269,0.9347222222222268,False,False,,
000557.SZ,1995-05-17,PASS_ROUNDING_INTERVAL_SET,True,0.0,0.12499999999999722,0.9015625000000058,0.9065625000000057,False,False,,
000557.SZ,1995-10-09,PASS_ROUNDING_INTERVAL_SET,True,0.0,0.19999999999999646,0.8625000000000078,0.8675000000000077,False,False,,
000557.SZ,1996-01-12,PASS_ROUNDING_INTERVAL_SET,True,0.0,0.3333333333333235,0.4958333333333633,0.5008333333333632,False,True,0.24855491329479773,0.24897288414133112
000557.SZ,1996-01-17,PASS_ROUNDING_INTERVAL_SET,True,0.0,0.19999999999999646,0.9015000000000107,0.9065000000000106,False,False,,
000557.SZ,2001-11-16,PASS_ROUNDING_INTERVAL_SET,True,0.0,inf,-1.63,-1.62,True,True,0.6542948038176034,0.6564156945917284
000557.SZ,2005-09-13,PASS_ROUNDING_INTERVAL_SET,False,,,,,False,True,0.6167247386759582,0.6236933797909407
000558.SZ,1994-11-23,PASS_ROUNDING_INTERVAL_SET,True,0.0,0.2000000000000009,0.2084999999999977,0.2134999999999977,False,True,0.1403678606001936,0.14093959731543623
000558.SZ,1994-11-28,PASS_ROUNDING_INTERVAL_SET,True,0.0,0.3333333333333309,-0.13583333333332703,-0.13083333333332703,False,True,0.1403678606001936,0.14148219441770932
000558.SZ,1994-12-02,PASS_ROUNDING_INTERVAL_SET,True,0.0,0.25,0.08062499999999995,0.08562499999999995,False,True,0.14064015518913675,0.14148219441770932
000558.SZ,1995-03-02,PASS_ROUNDING_INTERVAL_SET,True,0.0,0.1666666666666679,0.2579166666666639,0.2629166666666639,False,True,0.14188422247446084,0.1422172452407615
000558.SZ,1995-07-03,PASS_ROUNDING_INTERVAL_SET,True,0.0,0.25,0.07437500000000008,0.07937500000000008,False,True,0.14074074074074075,0.1416579223504722
000558.SZ,1995-07-27,PASS_ROUNDING_INTERVAL_SET,True,0.0,0.2000000000000009,0.1944999999999979,0.1994999999999979,False,True,0.14133900106269925,0.14195583596214512
000558.SZ,1995-09-14,PASS_ROUNDING_INTERVAL_SET,True,0.0,0.1666666666666679,0.2579166666666639,0.2629166666666639,False,True,0.14188422247446084,0.1422172452407615
000558.SZ,1996-01-02,PASS_ROUNDING_INTERVAL_SET,True,0.0,0.3333333333333309,-0.0024999999999966716,0.002500000000003333,False,True,0.16573556797020483,0.16758747697974216
000558.SZ,1996-02-06,PASS_ROUNDING_INTERVAL_SET,True,0.0,0.3333333333333309,-0.005833333333330248,-0.000833333333330244,False,True,0.16435643564356436,0.16634050880626222
000558.SZ,1996-03-14,PASS_ROUNDING_INTERVAL_SET,True,0.0,0.5,-0.22125,-0.21625,False,True,0.1657142857142857,0.16824196597353497
000560.SZ,1995-01-13,PASS_ROUNDING_INTERVAL_SET,True,0.0,0.24999999999999722,0.04562500000000491,0.050625000000004916,False,True,0.13798008534850642,0.13924050632911392
000560.SZ,1995-02-15,PASS_ROUNDING_INTERVAL_SET,True,0.0,0.5,-0.37125,-0.36625,False,True,0.13195548489666137,0.13428120063191154
000560.SZ,1995-04-17,PASS_ROUNDING_INTERVAL_SET,True,0.0,0.3333333333333309,-0.100833333333329,-0.095833333333329,False,True,0.13798008534850642,0.13963328631875882
000560.SZ,1995-04-18,PASS_ROUNDING_INTERVAL_SET,True,0.0,0.3333333333333309,-0.100833333333329,-0.095833333333329,False,True,0.13798008534850642,0.13963328631875882
000560.SZ,1995-07-12,PASS_ROUNDING_INTERVAL_SET,True,0.0,0.3333333333333309,-0.06916666666666271,-0.06416666666666271,False,True,0.14508580343213728,0.14683153013910352
000560.SZ,1995-07-28,PASS_ROUNDING_INTERVAL_SET,True,0.0,0.3333333333333309,-0.0691666666666626,-0.0641666666666626,False,True,0.14548238897396631,0.1471927162367223
000560.SZ,1995-10-06,PASS_ROUNDING_INTERVAL_SET,True,0.0,0.3333333333333309,-0.07249999999999629,-0.06749999999999629,False,True,0.14285714285714285,0.14471544715447154
000560.SZ,1995-11-07,PASS_ROUNDING_INTERVAL_SET,True,0.0,0.3333333333333309,-0.07083333333332947,-0.06583333333332947,False,True,0.14378029079159937,0.1456
000560.SZ,1995-11-16,PASS_ROUNDING_INTERVAL_SET,True,0.0,0.5,-0.31124999999999997,-0.30624999999999997,False,True,0.14710743801652892,0.14942528735632185
000560.SZ,1995-12-05,PASS_ROUNDING_INTERVAL_SET,True,0.0,0.5,-0.30875,-0.30375,False,True,0.14185639229422065,0.1443478260869565
000560.SZ,1995-12-08,PASS_ROUNDING_INTERVAL_SET,True,0.0,0.5,-0.30875,-0.30375,False,True,0.14185639229422065,0.1443478260869565
000560.SZ,1996-02-06,PASS_ROUNDING_INTERVAL_SET,True,0.0,0.5,-0.30375,-0.29875,False,True,0.12101910828025476,0.12421052631578947
000560.SZ,1996-04-02,PASS_ROUNDING_INTERVAL_SET,True,0.0,0.9999999999999778,-0.9074999999999733,-0.9024999999999732,False,True,0.12266112266112267,0.12629399585921325
000560.SZ,2006-02-22,PASS_ROUNDING_INTERVAL_SET,True,0.0,0.3333333333333309,-0.019166666666662557,-0.014166666666662553,False,True,0.16079632465543647,0.1623672230652504
000560.SZ,2006-04-21,PASS_ROUNDING_INTERVAL_SET,True,0.0,inf,-3.29,-3.2800000000000002,True,True,0.17232704402515722,0.17484276729559747
000563.SZ,1994-05-26,PASS_ROUNDING_INTERVAL_SET,True,0.0,0.0714285714285712,0.19053571428571495,0.19553571428571495,False,True,0.06744379683597002,0.06753458096013018
000563.SZ,1994-06-03,PASS_ROUNDING_INTERVAL_SET,True,0.0,0.16666666666666544,-0.07374999999999676,-0.06874999999999676,False,True,0.06932573599240266,0.07042253521126761
000563.SZ,1994-06-14,PASS_ROUNDING_INTERVAL_SET,True,0.0,0.05555555555555569,0.20069444444444418,0.20569444444444418,False,False,,
000563.SZ,1994-06-21,PASS_ROUNDING_INTERVAL_SET,True,0.0,0.09090909090909073,0.12704545454545493,0.13204545454545494,False,True,0.0761789600967352,0.07656065959952886
000563.SZ,1994-06-22,PASS_ROUNDING_INTERVAL_SET,True,0.0,0.06666666666666696,0.17783333333333273,0.18283333333333274,False,False,,
000563.SZ,1994-06-23,PASS_ROUNDING_INTERVAL_SET,True,0.0,0.07142857142857166,0.16660714285714237,0.17160714285714238,False,False,,
000563.SZ,1994-06-24,PASS_ROUNDING_INTERVAL_SET,True,0.0,0.3333333333333309,-0.3691666666666616,-0.3641666666666616,False,True,0.07673568818514008,0.07859733978234583
000563.SZ,1994-06-27,PASS_ROUNDING_INTERVAL_SET,True,0.0,0.05555555555555555,0.1965277777777778,0.2015277777777778,False,False,,
000563.SZ,1994-06-30,PASS_ROUNDING_INTERVAL_SET,True,0.0,0.11111111111111138,0.08694444444444391,0.09194444444444391,False,True,0.07877169559412549,0.07953063885267275
000563.SZ,1994-07-01,PASS_ROUNDING_INTERVAL_SET,True,0.0,0.16666666666666666,-0.01958333333333334,-0.014583333333333337,False,True,0.0781456953642384,0.07953063885267275
000563.SZ,1994-07-13,PASS_ROUNDING_INTERVAL_SET,True,0.0,0.19999999999999912,-0.008499999999998675,-0.003499999999998671,False,True,0.09719934102141681,0.09886547811993517
000563.SZ,1994-07-14,PASS_ROUNDING_INTERVAL_SET,True,0.0,0.1249999999999993,0.10656250000000106,0.11156250000000106,False,True,0.0978441127694859,0.09854604200323101
000563.SZ,1994-07-18,PASS_ROUNDING_INTERVAL_SET,True,0.0,0.16666666666666666,0.04874999999999999,0.05374999999999999,False,True,0.10052910052910052,0.10189982728842832
000563.SZ,1994-07-21,PASS_ROUNDING_INTERVAL_SET,True,0.0,0.24999999999999722,-0.07062499999999611,-0.0656249999999961,False,True,0.09945750452079569,0.10160427807486631
000563.SZ,1994-07-29,PASS_ROUNDING_INTERVAL_SET,True,0.0,0.07692307692307705,0.17249999999999985,0.17749999999999985,False,False,,
000563.SZ,1994-08-17,PASS_ROUNDING_INTERVAL_SET,True,0.0,0.06666666666666696,0.2801666666666657,0.2851666666666657,False,False,,
000563.SZ,1994-11-28,PASS_ROUNDING_INTERVAL_SET,True,0.0,0.09090909090909073,0.2043181818181824,0.2093181818181824,False,True,0.07634164777021919,0.07657992565055761
000563.SZ,1994-12-02,PASS_ROUNDING_INTERVAL_SET,True,0.0,0.125,0.08718750000000003,0.09218750000000003,False,True,0.0755422587883321,0.07612712490761271
000563.SZ,1994-12-27,PASS_ROUNDING_INTERVAL_SET,True,0.0,0.07692307692307652,0.2401923076923089,0.2451923076923089,False,False,,
000563.SZ,1995-01-13,PASS_ROUNDING_INTERVAL_SET,True,0.0,0.08333333333333333,0.21687499999999998,0.221875,False,True,0.07808564231738034,0.07818930041152262
000563.SZ,1995-02-16,PASS_ROUNDING_INTERVAL_SET,True,0.0,0.0714285714285712,0.2494642857142864,0.25446428571428636,False,False,,
000563.SZ,1995-02-17,PASS_ROUNDING_INTERVAL_SET,True,0.0,0.11111111111111029,0.13250000000000245,0.13750000000000245,False,True,0.07838070628768304,0.07888040712468193
000563.SZ,1995-02-21,PASS_ROUNDING_INTERVAL_SET,True,0.0,0.11111111111111029,0.13250000000000245,0.13750000000000245,False,True,0.07838070628768304,0.07888040712468193
000563.SZ,1995-03-27,PASS_ROUNDING_INTERVAL_SET,True,0.0,0.11111111111111138,0.1347222222222213,0.1397222222222213,False,True,0.07576894223555888,0.07623982235381199
000563.SZ,1995-03-28,PASS_ROUNDING_INTERVAL_SET,True,0.0,0.09090909090909145,0.20249999999999818,0.20749999999999819,False,True,0.07588279489105935,0.07612712490761271
000563.SZ,1995-04-20,PASS_ROUNDING_INTERVAL_SET,True,0.0,0.10000000000000045,0.17224999999999852,0.17724999999999852,False,True,0.07588279489105935,0.07623982235381199
000563.SZ,1995-05-16,PASS_ROUNDING_INTERVAL_SET,True,0.0,0.09999999999999956,0.16625000000000129,0.1712500000000013,False,True,0.07782426778242678,0.07818930041152262
000563.SZ,1995-06-13,PASS_ROUNDING_INTERVAL_SET,True,0.0,0.0625,0.30296875,0.30796875,False,False,,
000563.SZ,1995-06-20,PASS_ROUNDING_INTERVAL_SET,True,0.0,0.125,0.09031250000000002,0.09531250000000002,False,True,0.07611152976639035,0.0766939687267312
000563.SZ,1995-06-22,PASS_ROUNDING_INTERVAL_SET,True,0.0,0.12499999999999861,0.08968750000000464,0.09468750000000464,False,True,0.07599699021820919,0.07657992565055761
000563.SZ,1995-06-23,PASS_ROUNDING_INTERVAL_SET,True,0.0,0.11111111111111138,0.1352777777777769,0.1402777777777769,False,True,0.07588279489105935,0.07635285396590066
000563.SZ,1995-06-28,PASS_ROUNDING_INTERVAL_SET,True,0.0,0.125,0.09156249999999999,0.0965625,False,True,0.07634164777021919,0.07692307692307693
000563.SZ,1995-07-21,PASS_ROUNDING_INTERVAL_SET,True,0.0,0.11111111111111138,0.1330555555555547,0.1380555555555547,False,True,0.07655880031570639,0.07704280155642024
000563.SZ,1995-07-25,PASS_ROUNDING_INTERVAL_SET,True,0.0,0.19999999999999735,-0.14549999999999164,-0.14049999999999163,False,True,0.07692307692307693,0.07789142407553107
000563.SZ,1995-07-27,PASS_ROUNDING_INTERVAL_SET,True,0.0,0.09090909090909073,0.19931818181818234,0.20431818181818234,False,True,0.0771678599840891,0.07740422204847537
000563.SZ,1995-07-28,PASS_ROUNDING_INTERVAL_SET,True,0.0,0.1428571428571424,0.03321428571428714,0.038214285714287144,False,True,0.0766798418972332,0.07740422204847537
000563.SZ,1995-07-31,PASS_ROUNDING_INTERVAL_SET,True,0.0,1.0000000000000222,-2.65750000000007,-2.6525000000000696,False,True,0.0771678599840891,0.07863383637807785
000563.SZ,1995-09-26,PASS_ROUNDING_INTERVAL_SET,True,0.0,0.1428571428571424,0.06607142857142978,0.07107142857142978,False,True,0.08325872873769023,0.08399646330680813
000563.SZ,1995-10-09,PASS_ROUNDING_INTERVAL_SET,True,0.0,0.1428571428571424,0.06892857142857267,0.07392857142857268,False,True,0.0841813135985199,0.08493150684931507
000563.SZ,1995-10-18,PASS_ROUNDING_INTERVAL_SET,True,0.0,0.1428571428571424,0.07178571428571551,0.07678571428571551,False,True,0.08516746411483254,0.08593012275731823
000563.SZ,1995-10-19,PASS_ROUNDING_INTERVAL_SET,True,0.0,0.1428571428571424,0.0732142857142869,0.0782142857142869,False,True,0.08549471661863593,0.08625592417061612
000563.SZ,1995-10-24,PASS_ROUNDING_INTERVAL_SET,True,0.0,0.10000000000000045,0.1847499999999988,0.1897499999999988,False,True,0.0841813135985199,0.08446866485013625
000563.SZ,1995-10-30,PASS_ROUNDING_INTERVAL_SET,True,0.0,0.07692307692307705,0.24480769230769198,0.24980769230769198,False,False,,
000563.SZ,1995-11-01,PASS_ROUNDING_INTERVAL_SET,True,0.0,0.25,-0.21187499999999998,-0.20687499999999998,False,True,0.08468125594671741,0.08593012275731823
000563.SZ,1995-11-02,PASS_ROUNDING_INTERVAL_SET,True,0.0,0.19999999999999735,-0.08249999999999297,-0.07749999999999296,False,True,0.08436018957345973,0.08544600938967137
000563.SZ,1995-11-03,PASS_ROUNDING_INTERVAL_SET,True,0.0,0.1428571428571424,0.06892857142857267,0.07392857142857268,False,True,0.0845204178537512,0.08528584817244611
000563.SZ,1995-11-09,PASS_ROUNDING_INTERVAL_SET,True,0.0,0.08333333333333333,0.22812500000000002,0.23312500000000003,False,False,,
000563.SZ,1995-11-10,PASS_ROUNDING_INTERVAL_SET,True,0.0,0.125,0.1196875,0.1246875,False,True,0.08549471661863593,0.08609271523178808
000563.SZ,1995-11-24,PASS_ROUNDING_INTERVAL_SET,True,0.0,0.1428571428571424,0.07178571428571545,0.07678571428571546,False,True,0.0855457227138643,0.0863239573229874
000563.SZ,1995-12-05,PASS_ROUNDING_INTERVAL_SET,True,0.0,0.25,-0.18812500000000004,-0.18312500000000004,False,True,0.08664627930682976,0.08796764408493427
000563.SZ,1995-12-06,PASS_ROUNDING_INTERVAL_SET,True,0.0,0.1428571428571424,0.07464285714285823,0.07964285714285824,False,True,0.08664627930682976,0.08743718592964823
000563.SZ,1995-12-07,PASS_ROUNDING_INTERVAL_SET,True,0.0,0.1666666666666679,0.01958333333333029,0.024583333333330293,False,True,0.08735868448098663,0.08832487309644671
000563.SZ,1995-12-08,PASS_ROUNDING_INTERVAL_SET,True,0.0,0.09090909090909073,0.20340909090909134,0.20840909090909135,False,True,0.08717948717948718,0.0872617853560682
000563.SZ,1995-12-11,PASS_ROUNDING_INTERVAL_SET,True,0.0,0.24999999999999445,-0.18187499999998652,-0.17687499999998652,False,True,0.08753861997940268,0.08886618998978549
000563.SZ,1995-12-14,PASS_ROUNDING_INTERVAL_SET,True,0.0,0.11111111111111138,0.15361111111111042,0.15861111111111048,False,True,0.08820403825717321,0.0886339937434828
000563.SZ,1995-12-15,PASS_ROUNDING_INTERVAL_SET,True,0.0,0.11111111111111138,0.15361111111111042,0.15861111111111048,False,True,0.08820403825717321,0.0886339937434828
000563.SZ,1995-12-18,PASS_ROUNDING_INTERVAL_SET,True,0.0,0.16666666666666544,0.022916666666669472,0.027916666666669476,False,True,0.08833151581243184,0.08934337997847146
000563.SZ,1995-12-19,PASS_ROUNDING_INTERVAL_SET,True,0.0,0.3333333333333309,-0.3558333333333276,-0.3508333333333276,False,True,0.0887185104052574,0.09031556039173014
000563.SZ,1995-12-21,PASS_ROUNDING_INTERVAL_SET,True,0.0,0.0714285714285712,0.24410714285714333,0.24910714285714333,False,False,,
000563.SZ,1995-12-28,PASS_ROUNDING_INTERVAL_SET,True,0.0,0.1428571428571424,0.08250000000000102,0.08750000000000102,False,True,0.09028571428571429,0.09111361079865017
000563.SZ,1995-12-29,PASS_ROUNDING_INTERVAL_SET,True,0.0,0.2000000000000009,-0.04550000000000198,-0.04050000000000198,False,True,0.08967082860385925,0.09090909090909091
000563.SZ,1996-01-09,PASS_ROUNDING_INTERVAL_SET,True,0.0,0.11111111111111138,0.15138888888888832,0.15638888888888833,False,True,0.09155766944114149,0.0919674039580908
000563.SZ,1996-01-10,PASS_ROUNDING_INTERVAL_SET,True,0.0,0.1428571428571424,0.08464285714285807,0.08964285714285808,False,True,0.09155766944114149,0.09239766081871345
000563.SZ,1996-01-12,PASS_ROUNDING_INTERVAL_SET,True,0.0,0.11111111111111138,0.1541666666666661,0.1591666666666661,False,True,0.09265944645006016,0.09305064782096584
000563.SZ,1996-01-15,PASS_ROUNDING_INTERVAL_SET,True,0.0,0.16666666666666544,0.03791666666666921,0.04291666666666921,False,True,0.09243697478991597,0.09349112426035502
000563.SZ,1996-01-16,PASS_ROUNDING_INTERVAL_SET,True,0.0,0.3333333333333309,-0.3124999999999948,-0.3074999999999948,False,True,0.0919952210274791,0.0937129300118624
000563.SZ,1996-01-18,PASS_ROUNDING_INTERVAL_SET,True,0.0,0.1666666666666679,0.03874999999999751,0.04374999999999751,False,True,0.09293680297397769,0.09401709401709403
000563.SZ,1996-01-22,PASS_ROUNDING_INTERVAL_SET,True,0.0,0.16666666666666544,0.040416666666669154,0.04541666666666916,False,True,0.09339975093399752,0.09447852760736196
000563.SZ,1996-01-23,PASS_ROUNDING_INTERVAL_SET,True,0.0,0.1428571428571424,0.08892857142857236,0.09392857142857236,False,True,0.09363295880149813,0.09447852760736196
000563.SZ,1996-01-24,PASS_ROUNDING_INTERVAL_SET,True,0.0,0.3333333333333309,-0.3008333333333283,-0.2958333333333283,False,True,0.09247842170160296,0.09424724602203183
000563.SZ,1996-01-29,PASS_ROUNDING_INTERVAL_SET,True,0.0,0.3333333333333309,-0.3024999999999949,-0.2974999999999949,False,True,0.0922509225092251,0.09401709401709403
000563.SZ,1996-01-30,PASS_ROUNDING_INTERVAL_SET,True,0.0,0.4999999999999889,-0.6412499999999772,-0.6362499999999773,False,True,0.0922509225092251,0.09424724602203183
000563.SZ,1996-02-13,PASS_ROUNDING_INTERVAL_SET,True,0.0,0.09090909090909109,0.19386363636363602,0.19886363636363602,False,False,,
000563.SZ,1996-02-14,PASS_ROUNDING_INTERVAL_SET,True,0.0,0.09999999999999956,0.1737500000000009,0.1787500000000009,False,True,0.09316770186335405,0.09333333333333334
000563.SZ,1996-02-15,PASS_ROUNDING_INTERVAL_SET,True,0.0,0.1428571428571424,0.08892857142857236,0.09392857142857236,False,True,0.09363295880149813,0.09447852760736196
000563.SZ,1996-03-07,PASS_ROUNDING_INTERVAL_SET,True,0.0,0.125,0.12406250000000002,0.12906250000000002,False,True,0.09339975093399752,0.09401709401709403
000563.SZ,1996-03-08,PASS_ROUNDING_INTERVAL_SET,True,0.0,0.12499999999999861,0.12343750000000281,0.1284375000000028,False,True,0.09316770186335405,0.09378806333739341
000563.SZ,1996-03-11,PASS_ROUNDING_INTERVAL_SET,True,0.0,0.125,0.1246875,0.1296875,False,True,0.09363295880149813,0.09424724602203183
000563.SZ,1996-03-12,PASS_ROUNDING_INTERVAL_SET,True,0.0,0.2000000000000009,-0.024500000000001798,-0.019500000000001794,False,True,0.09386733416770963,0.09517923362175526
000563.SZ,1996-03-13,PASS_ROUNDING_INTERVAL_SET,True,0.0,0.25,-0.125625,-0.12062499999999998,False,True,0.09363295880149813,0.09517923362175526
000563.SZ,1996-03-15,PASS_ROUNDING_INTERVAL_SET,True,0.0,0.09999999999999956,0.1742500000000009,0.1792500000000009,False,True,0.09339975093399752,0.09356014580801944
000563.SZ,1996-03-18,PASS_ROUNDING_INTERVAL_SET,True,0.0,0.11111111111111029,0.15138888888889057,0.15638888888889058,False,True,0.09316770186335405,0.09356014580801944
000563.SZ,1996-03-25,PASS_ROUNDING_INTERVAL_SET,True,0.0,0.125,0.1246875,0.1296875,False,True,0.09243697478991597,0.09305064782096584
000563.SZ,1996-03-28,PASS_ROUNDING_INTERVAL_SET,True,0.0,0.25,-0.13437500000000002,-0.12937500000000002,False,True,0.09202453987730061,0.09356014580801944
000563.SZ,1996-03-29,PASS_ROUNDING_INTERVAL_SET,True,0.0,0.1428571428571424,0.08607142857142946,0.09107142857142947,False,True,0.0927070457354759,0.09356014580801944
000563.SZ,1996-04-02,PASS_ROUNDING_INTERVAL_SET,True,0.0,0.2000000000000009,-0.03250000000000186,-0.027500000000001856,False,True,0.09202453987730061,0.09333333333333334
000563.SZ,1996-04-03,PASS_ROUNDING_INTERVAL_SET,True,0.0,0.25,-0.13187499999999996,-0.12687499999999996,False,True,0.09247842170160296,0.09401709401709403
000563.SZ,1996-04-05,PASS_ROUNDING_INTERVAL_SET,True,0.0,0.11111111111111029,0.15472222222222395,0.15972222222222396,False,True,0.09288299155609168,0.09327036599763872
000563.SZ,1996-04-09,PASS_ROUNDING_INTERVAL_SET,True,0.0,0.1428571428571424,0.08892857142857241,0.09392857142857242,False,True,0.09288299155609168,0.0937129300118624
000563.SZ,1996-04-11,PASS_ROUNDING_INTERVAL_SET,True,0.0,0.2000000000000009,-0.03050000000000186,-0.025500000000001855,False,True,0.09265944645006016,0.093935790725327
000563.SZ,1998-12-14,PASS_ROUNDING_INTERVAL_SET,True,0.0,0.11111111111110891,0.409166666666685,0.4141666666666849,False,True,0.08037609948437975,0.08054298642533937
000563.SZ,1999-03-15,PASS_ROUNDING_INTERVAL_SET,True,0.0,0.1,0.46024999999999994,0.46524999999999983,False,True,0.08089963074857334,0.081027009003001
000563.SZ,2001-07-13,PASS_ROUNDING_INTERVAL_SET,True,0.0,0.2500000000000111,0.21812499999993573,0.22312499999993562,False,True,0.14384449244060474,0.14421007318123116
000564.SZ,1994-07-04,PASS_ROUNDING_INTERVAL_SET,True,0.0,0.25,-0.07937499999999997,-0.07437499999999997,False,True,0.09618874773139746,0.09838998211091235
000564.SZ,1994-07-12,PASS_ROUNDING_INTERVAL_SET,True,0.0,0.3333333333333309,-0.19249999999999667,-0.18749999999999667,False,True,0.09497206703910614,0.09760589318600368
000564.SZ,1994-07-21,PASS_ROUNDING_INTERVAL_SET,True,0.0,0.1428571428571424,0.055357142857143354,0.06035714285714336,False,True,0.09619686800894856,0.09761388286334056
000564.SZ,1994-11-18,PASS_ROUNDING_INTERVAL_SET,True,0.0,0.1428571428571424,0.1082142857142866,0.1132142857142866,False,True,0.09747292418772562,0.0982248520710059
000564.SZ,1994-11-22,PASS_ROUNDING_INTERVAL_SET,True,0.0,0.1428571428571424,0.1082142857142866,0.1132142857142866,False,True,0.09747292418772562,0.0982248520710059
000564.SZ,1994-11-28,PASS_ROUNDING_INTERVAL_SET,True,0.0,0.16666666666666544,0.05708333333333587,0.06208333333333588,False,True,0.09741060419235513,0.09842041312272175
000564.SZ,1994-12-01,PASS_ROUNDING_INTERVAL_SET,True,0.0,0.4999999999999889,-0.631249999999977,-0.6262499999999771,False,True,0.09622411693057249,0.09818181818181819
000564.SZ,1994-12-02,PASS_ROUNDING_INTERVAL_SET,True,0.0,0.1428571428571424,0.10535714285714382,0.11035714285714382,False,True,0.09741060419235513,0.09818181818181819
000564.SZ,1995-01-13,PASS_ROUNDING_INTERVAL_SET,True,0.0,0.1249999999999993,0.12281250000000121,0.12781250000000122,False,True,0.0970464135021097,0.09766162310866573
000564.SZ,1995-01-16,PASS_ROUNDING_INTERVAL_SET,True,0.0,0.2000000000000009,-0.010500000000001564,-0.005500000000001559,False,True,0.09696092619392185,0.09843081312410842
000564.SZ,1995-01-25,PASS_ROUNDING_INTERVAL_SET,True,0.0,0.16666666666666666,0.04625000000000007,0.05125000000000007,False,True,0.09668109668109669,0.09787234042553193
000564.SZ,1995-02-14,PASS_ROUNDING_INTERVAL_SET,True,0.0,0.25,-0.09687499999999999,-0.09187499999999998,False,True,0.09696092619392185,0.09871244635193134
000564.SZ,1995-02-20,PASS_ROUNDING_INTERVAL_SET,True,0.0,0.5,-0.5237499999999999,-0.51875,False,True,0.09572901325478646,0.09809663250366032
000564.SZ,1995-02-21,PASS_ROUNDING_INTERVAL_SET,True,0.0,0.16666666666666666,0.045416666666666716,0.05041666666666672,False,True,0.09687034277198212,0.09809663250366032
000564.SZ,1995-03-02,PASS_ROUNDING_INTERVAL_SET,True,0.0,0.2000000000000009,-0.010500000000001564,-0.005500000000001559,False,True,0.09696092619392185,0.09843081312410842
000564.SZ,1995-03-27,PASS_ROUNDING_INTERVAL_SET,True,0.0,0.125,0.1340625,0.1390625,False,True,0.09727626459143969,0.09783989834815757
000564.SZ,1995-03-28,PASS_ROUNDING_INTERVAL_SET,True,0.0,0.25,-0.106875,-0.101875,False,True,0.09727626459143969,0.09884467265725289
000564.SZ,1995-04-19,PASS_ROUNDING_INTERVAL_SET,True,0.0,0.16666666666666666,0.050416666666666665,0.05541666666666667,False,True,0.09668874172185431,0.09778357235984354
000564.SZ,1995-04-20,PASS_ROUNDING_INTERVAL_SET,True,0.0,0.16666666666666544,0.05125000000000235,0.056250000000002354,False,True,0.09694555112881807,0.09803921568627451
000564.SZ,1995-05-03,PASS_ROUNDING_INTERVAL_SET,True,0.0,0.19999999999999912,-0.01049999999999851,-0.005499999999998506,False,True,0.09687034277198212,0.09838472834067548
000564.SZ,1995-05-08,PASS_ROUNDING_INTERVAL_SET,True,0.0,0.3333333333333309,-0.23416666666666258,-0.22916666666666258,False,True,0.09559939301972686,0.09774436090225563
000564.SZ,1995-05-16,PASS_ROUNDING_INTERVAL_SET,True,0.0,0.19999999999999912,-0.012499999999998568,-0.007499999999998563,False,True,0.09618320610687023,0.09774436090225563
000564.SZ,1995-05-17,PASS_ROUNDING_INTERVAL_SET,True,0.0,0.25,-0.09437499999999999,-0.08937499999999998,False,True,0.09618320610687023,0.09803921568627451
000564.SZ,1995-06-09,PASS_ROUNDING_INTERVAL_SET,True,0.0,0.1428571428571424,0.09035714285714364,0.09535714285714364,False,True,0.0967741935483871,0.09766162310866573
000564.SZ,1995-06-14,PASS_ROUNDING_INTERVAL_SET,True,0.0,0.1428571428571424,0.08750000000000083,0.0925000000000008,False,True,0.09668109668109669,0.09759547383309759
000564.SZ,1995-06-28,PASS_ROUNDING_INTERVAL_SET,True,0.0,0.1428571428571424,0.08535714285714363,0.09035714285714364,False,True,0.09687034277198212,0.09781021897810219
000564.SZ,1995-06-29,PASS_ROUNDING_INTERVAL_SET,True,0.0,0.25,-0.09437499999999999,-0.08937499999999998,False,True,0.09687034277198212,0.09867452135493374
000564.SZ,1995-07-03,PASS_ROUNDING_INTERVAL_SET,True,0.0,0.25,-0.09187499999999998,-0.08687499999999998,False,True,0.0967741935483871,0.09863429438543247
000564.SZ,1995-07-04,PASS_ROUNDING_INTERVAL_SET,True,0.0,0.16666666666666666,0.044583333333333364,0.04958333333333337,False,True,0.0970724191063174,0.09833585476550681
000564.SZ,1995-07-05,PASS_ROUNDING_INTERVAL_SET,True,0.0,0.3333333333333309,-0.22916666666666258,-0.22416666666666257,False,True,0.09647779479326188,0.09863429438543247
000564.SZ,1995-07-25,PASS_ROUNDING_INTERVAL_SET,True,0.0,0.125,0.11531250000000001,0.12031250000000002,False,True,0.09687034277198212,0.0975254730713246
000564.SZ,1995-08-01,PASS_ROUNDING_INTERVAL_SET,True,0.0,0.25,-0.09437499999999999,-0.08937499999999998,False,True,0.09618320610687023,0.09803921568627451
000564.SZ,1995-08-03,PASS_ROUNDING_INTERVAL_SET,True,0.0,0.16666666666666666,0.04375000000000001,0.048750000000000016,False,True,0.0967741935483871,0.09803921568627451
000564.SZ,1995-08-07,PASS_ROUNDING_INTERVAL_SET,True,0.0,0.16666666666666544,0.04291666666666871,0.04791666666666872,False,True,0.09647779479326188,0.09774436090225563
000564.SZ,1995-08-31,PASS_ROUNDING_INTERVAL_SET,True,0.0,0.19999999999999912,-0.01049999999999851,-0.005499999999998506,False,True,0.09687034277198212,0.09838472834067548
000564.SZ,1995-09-04,PASS_ROUNDING_INTERVAL_SET,True,0.0,0.25,-0.09437499999999999,-0.08937499999999998,False,True,0.09687034277198212,0.09867452135493374
000564.SZ,1995-09-07,PASS_ROUNDING_INTERVAL_SET,True,0.0,0.1428571428571424,0.08535714285714363,0.09035714285714364,False,True,0.09687034277198212,0.09781021897810219
000564.SZ,1995-09-20,PASS_ROUNDING_INTERVAL_SET,True,0.0,0.25,-0.09187499999999998,-0.08687499999999998,False,True,0.0967741935483871,0.09863429438543247
000564.SZ,1995-09-21,PASS_ROUNDING_INTERVAL_SET,True,0.0,0.25,-0.09187499999999998,-0.08687499999999998,False,True,0.0967741935483871,0.09863429438543247
000564.SZ,1995-09-25,PASS_ROUNDING_INTERVAL_SET,True,0.0,0.125,0.1121875,0.1171875,False,True,0.0970724191063174,0.09774436090225563
000564.SZ,1995-09-26,PASS_ROUNDING_INTERVAL_SET,True,0.0,0.19999999999999912,-0.010499999999998566,-0.005499999999998562,False,True,0.0967741935483871,0.09833585476550681
000564.SZ,1995-09-28,PASS_ROUNDING_INTERVAL_SET,True,0.0,0.3333333333333309,-0.2274999999999961,-0.2224999999999961,False,True,0.09546165884194054,0.09767441860465116
000564.SZ,1995-10-04,PASS_ROUNDING_INTERVAL_SET,True,0.0,0.1428571428571424,0.08250000000000074,0.08750000000000074,False,True,0.0967741935483871,0.09774436090225563
000564.SZ,1995-10-06,PASS_ROUNDING_INTERVAL_SET,True,0.0,0.5,-0.49874999999999997,-0.49374999999999997,False,True,0.0967741935483871,0.09923664122137406
000564.SZ,1995-10-10,PASS_ROUNDING_INTERVAL_SET,True,0.0,0.25,-0.09312500000000001,-0.08812500000000001,False,True,0.09576138147566719,0.09767441860465116
000564.SZ,1995-10-11,PASS_ROUNDING_INTERVAL_SET,True,0.0,0.3333333333333309,-0.2191666666666628,-0.21416666666666279,False,True,0.09697933227344992,0.09921259842519685
000564.SZ,1995-10-17,PASS_ROUNDING_INTERVAL_SET,True,0.0,0.3333333333333309,-0.2274999999999961,-0.2224999999999961,False,True,0.09546165884194054,0.09767441860465116
000564.SZ,1995-10-24,PASS_ROUNDING_INTERVAL_SET,True,0.0,0.16666666666666544,0.04458333333333542,0.04958333333333542,False,True,0.09658246656760773,0.09781021897810219
000564.SZ,1995-11-09,PASS_ROUNDING_INTERVAL_SET,True,0.0,0.3333333333333309,-0.16749999999999637,-0.16249999999999637,False,True,0.10998307952622674,0.11222780569514237
000564.SZ,1995-11-15,PASS_ROUNDING_INTERVAL_SET,True,0.0,0.3333333333333309,-0.16583333333332972,-0.16083333333332972,False,True,0.10918544194107453,0.11149228130360206
000564.SZ,1995-11-17,PASS_ROUNDING_INTERVAL_SET,True,0.0,0.3333333333333309,-0.16583333333332972,-0.16083333333332972,False,True,0.10918544194107453,0.11149228130360206
000564.SZ,1995-11-20,PASS_ROUNDING_INTERVAL_SET,True,0.0,0.3333333333333309,-0.16583333333332972,-0.16083333333332972,False,True,0.10918544194107453,0.11149228130360206
000564.SZ,1995-11-27,PASS_ROUNDING_INTERVAL_SET,True,0.0,0.4999999999999889,-0.40624999999998396,-0.40124999999998395,False,True,0.10918544194107453,0.11187607573149741
000564.SZ,1995-12-05,PASS_ROUNDING_INTERVAL_SET,True,0.0,0.3333333333333309,-0.16249999999999648,-0.15749999999999648,False,True,0.10873440285204992,0.11111111111111112
000564.SZ,1995-12-15,PASS_ROUNDING_INTERVAL_SET,True,0.0,0.24999999999999722,-0.046874999999996336,-0.04187499999999633,False,True,0.10734463276836158,0.10946196660482373
000564.SZ,1996-01-10,PASS_ROUNDING_INTERVAL_SET,True,0.0,0.3333333333333309,-0.1541666666666635,-0.1491666666666635,False,True,0.10536779324055667,0.10805500982318272
000564.SZ,1996-01-12,PASS_ROUNDING_INTERVAL_SET,True,0.0,0.3333333333333309,-0.15249999999999686,-0.14749999999999686,False,True,0.10578842315369262,0.10848126232741617
000564.SZ,1996-01-22,PASS_ROUNDING_INTERVAL_SET,True,0.0,0.19999999999999912,0.009500000000001035,0.01450000000000104,False,True,0.1040339702760085,0.10602910602910602
000564.SZ,1996-01-23,PASS_ROUNDING_INTERVAL_SET,True,0.0,0.3333333333333309,-0.14916666666666373,-0.14416666666666372,False,True,0.10359408033826639,0.10647181628392484
000564.SZ,1996-01-24,PASS_ROUNDING_INTERVAL_SET,True,0.0,0.25,-0.049375,-0.044375,False,True,0.1040339702760085,0.10647181628392484
000564.SZ,1996-02-01,PASS_ROUNDING_INTERVAL_SET,True,0.0,0.16666666666666544,0.052916666666668166,0.05791666666666817,False,True,0.10515463917525775,0.10663983903420522
000564.SZ,1996-02-02,PASS_ROUNDING_INTERVAL_SET,True,0.0,0.9999999999999778,-0.957499999999973,-0.9524999999999729,False,True,0.10515463917525775,0.10882956878850103
000564.SZ,1996-02-06,PASS_ROUNDING_INTERVAL_SET,True,0.0,0.3333333333333309,-0.14916666666666373,-0.14416666666666372,False,True,0.10359408033826639,0.10647181628392484
000564.SZ,1996-02-08,PASS_ROUNDING_INTERVAL_SET,True,0.0,0.5,-0.34375,-0.33875,False,True,0.1040339702760085,0.10736842105263159
000564.SZ,1996-02-09,PASS_ROUNDING_INTERVAL_SET,True,0.0,0.25,-0.049375,-0.044375,False,True,0.1040339702760085,0.10647181628392484
000564.SZ,1996-02-12,PASS_ROUNDING_INTERVAL_SET,True,0.0,0.4999999999999889,-0.34624999999998685,-0.34124999999998684,False,True,0.10359408033826639,0.10691823899371068
000564.SZ,1996-02-16,PASS_ROUNDING_INTERVAL_SET,True,0.0,0.24999999999999722,-0.04812499999999659,-0.04312499999999658,False,True,0.10515463917525775,0.1075050709939148
000564.SZ,1996-03-07,PASS_ROUNDING_INTERVAL_SET,True,0.0,0.3333333333333309,-0.14916666666666367,-0.14416666666666367,False,True,0.10515463917525775,0.1079429735234216
000564.SZ,1996-03-20,PASS_ROUNDING_INTERVAL_SET,True,0.0,0.4999999999999889,-0.35124999999998674,-0.34624999999998674,False,True,0.10272536687631029,0.10602910602910602
000564.SZ,1996-03-25,PASS_ROUNDING_INTERVAL_SET,True,0.0,0.4999999999999889,-0.3512499999999865,-0.3462499999999865,False,True,0.10515463917525775,0.1083844580777096
000564.SZ,1996-03-29,PASS_ROUNDING_INTERVAL_SET,True,0.0,0.9999999999999778,-0.9524999999999734,-0.9474999999999735,False,True,0.1022964509394572,0.10602910602910602
000564.SZ,1996-04-03,PASS_ROUNDING_INTERVAL_SET,True,0.0,0.3333333333333309,-0.15083333333333043,-0.14583333333333043,False,True,0.1031578947368421,0.10602910602910602
000564.SZ,1996-04-04,PASS_ROUNDING_INTERVAL_SET,True,0.0,0.9999999999999778,-0.9524999999999734,-0.9474999999999735,False,True,0.1022964509394572,0.10602910602910602
000564.SZ,2003-08-19,PASS_ROUNDING_INTERVAL_SET,True,0.0,0.33333333333332715,0.05083333333335083,0.05583333333335083,False,True,0.17563989408649602,0.1764705882352941
000564.SZ,2019-07-12,PASS_ROUNDING_INTERVAL_SET,True,0.0,0.4999999999999889,0.14875000000001348,0.1537500000000135,False,True,0.311340206185567,0.31288343558282206
000564.SZ,2019-10-24,PASS_ROUNDING_INTERVAL_SET,True,0.0,0.4999999999999889,0.13875000000001259,0.1437500000000126,False,True,0.3112582781456954,0.31291028446389496
000564.SZ,2019-11-28,PASS_ROUNDING_INTERVAL_SET,True,0.0,0.9999999999999778,-0.41749999999997567,-0.41249999999997555,False,True,0.31065759637188206,0.3137697516930022
000564.SZ,2019-12-06,PASS_ROUNDING_INTERVAL_SET,True,0.0,0.9999999999999778,-0.4224999999999751,-0.4174999999999752,False,True,0.31096196868008946,0.31403118040089084
000564.SZ,2019-12-09,PASS_ROUNDING_INTERVAL_SET,True,0.0,0.9999999999999778,-0.4224999999999751,-0.4174999999999752,False,True,0.31096196868008946,0.31403118040089084
000564.SZ,2019-12-13,PASS_ROUNDING_INTERVAL_SET,True,0.0,0.9999999999999778,-0.41749999999997567,-0.41249999999997555,False,True,0.31065759637188206,0.3137697516930022
000564.SZ,2020-01-07,PASS_ROUNDING_INTERVAL_SET,True,0.0,0.4999999999999889,0.14875000000001348,0.1537500000000135,False,True,0.311340206185567,0.31288343558282206
000564.SZ,2020-04-21,PASS_ROUNDING_INTERVAL_SET,True,0.0,inf,-1.45,-1.44,True,True,0.3111638954869359,0.3159144893111639
000565.SZ,1994-07-12,PASS_ROUNDING_INTERVAL_SET,True,0.0,0.16666666666666544,0.10208333333333558,0.10708333333333558,False,True,0.11141678129298486,0.11231393775372123
000565.SZ,1995-05-02,PASS_ROUNDING_INTERVAL_SET,True,0.0,0.2000000000000009,0.16949999999999799,0.174499999999998,False,True,0.13804713804713803,0.13873473917869034
000565.SZ,1995-07-05,PASS_ROUNDING_INTERVAL_SET,True,0.0,0.16666666666666544,0.25125000000000286,0.25625000000000286,False,True,0.13789359391965256,0.1382636655948553
000565.SZ,1995-10-09,PASS_ROUNDING_INTERVAL_SET,True,0.0,0.5000000000000111,-0.4962500000000245,-0.4912500000000246,False,True,0.1373439273552781,0.13898305084745763
000565.SZ,1995-11-15,PASS_ROUNDING_INTERVAL_SET,True,0.0,0.3333333333333309,-0.11583333333332824,-0.11083333333332823,False,True,0.13912009512485135,0.14049586776859502
000565.SZ,1995-11-27,PASS_ROUNDING_INTERVAL_SET,True,0.0,0.2000000000000009,0.16049999999999814,0.16549999999999815,False,True,0.13967861557478367,0.14041514041514042
000565.SZ,1995-12-05,PASS_ROUNDING_INTERVAL_SET,True,0.0,0.4999999999999889,-0.4212499999999787,-0.4162499999999787,False,True,0.13986928104575166,0.14174252275682706
000565.SZ,1995-12-07,PASS_ROUNDING_INTERVAL_SET,True,0.0,0.3333333333333309,-0.10583333333332856,-0.10083333333332856,False,True,0.13914174252275685,0.1406451612903226
000565.SZ,1995-12-11,PASS_ROUNDING_INTERVAL_SET,True,0.0,0.25,0.05812500000000004,0.06312500000000004,False,True,0.1402359108781127,0.14137483787289234
000565.SZ,1995-12-25,PASS_ROUNDING_INTERVAL_SET,True,0.0,0.25,0.05687500000000001,0.06187500000000001,False,True,0.14122681883024252,0.14245416078984485
000565.SZ,1996-01-04,PASS_ROUNDING_INTERVAL_SET,True,0.0,0.19999999999999912,0.1395000000000014,0.1445000000000014,False,True,0.14285714285714285,0.1437216338880484
000565.SZ,1996-01-31,PASS_ROUNDING_INTERVAL_SET,True,0.0,0.25,0.05687500000000001,0.06187500000000001,False,True,0.143317230273752,0.14467408585055644
000565.SZ,1996-02-06,PASS_ROUNDING_INTERVAL_SET,True,0.0,0.3333333333333309,-0.07249999999999629,-0.06749999999999629,False,True,0.14285714285714285,0.14471544715447154
000565.SZ,1996-02-09,PASS_ROUNDING_INTERVAL_SET,True,0.0,0.9999999999999778,-1.1074999999999655,-1.1024999999999654,False,True,0.143317230273752,0.14606741573033707
000565.SZ,1996-02-15,PASS_ROUNDING_INTERVAL_SET,True,0.0,0.19999999999999912,0.1335000000000014,0.1385000000000014,False,True,0.14285714285714288,0.14375987361769352
000565.SZ,1996-03-25,PASS_ROUNDING_INTERVAL_SET,True,0.0,0.24999999999999722,0.055625000000004476,0.06062500000000448,False,True,0.14241001564945227,0.1437403400309119
000565.SZ,1996-03-26,PASS_ROUNDING_INTERVAL_SET,True,0.0,0.25,0.05687500000000001,0.06187500000000001,False,True,0.14285714285714285,0.14418604651162792
000565.SZ,1996-03-29,PASS_ROUNDING_INTERVAL_SET,True,0.0,0.5,-0.33625,-0.33125,False,True,0.1424,0.14467408585055644
000565.SZ,1996-04-02,PASS_ROUNDING_INTERVAL_SET,True,0.0,0.3333333333333309,-0.07249999999999618,-0.06749999999999617,False,True,0.143317230273752,0.14513556618819776
000565.SZ,1996-04-03,PASS_ROUNDING_INTERVAL_SET,True,0.0,0.19999999999999912,0.1345000000000014,0.1395000000000014,False,True,0.143317230273752,0.14421553090332803
000565.SZ,1996-12-20,PASS_ROUNDING_INTERVAL_SET,True,0.0,0.4999999999999778,-0.608749999999918,-0.6037499999999181,False,True,0.1674576271186441,0.16835699797160242
000566.SZ,1994-06-07,PASS_ROUNDING_INTERVAL_SET,True,0.0,0.1428571428571424,-0.11464285714285577,-0.10964285714285577,False,True,0.05280259951259139,0.05381526104417671
000566.SZ,1995-01-27,PASS_ROUNDING_INTERVAL_SET,True,0.0,0.16666666666666544,-0.13041666666666396,-0.12541666666666396,False,True,0.053591790193842644,0.055118110236220465
000566.SZ,1995-02-15,PASS_ROUNDING_INTERVAL_SET,True,0.0,0.25,-0.313125,-0.308125,False,True,0.052264808362369346,0.054085155350978145
000566.SZ,1995-02-17,PASS_ROUNDING_INTERVAL_SET,True,0.0,0.3333333333333309,-0.4874999999999948,-0.4824999999999948,False,True,0.051008303677342826,0.053003533568904596
000566.SZ,1995-05-05,PASS_ROUNDING_INTERVAL_SET,True,0.0,0.19999999999999735,-0.21049999999999458,-0.20549999999999458,False,True,0.048088779284833544,0.049939098660170524
000566.SZ,1995-06-22,PASS_ROUNDING_INTERVAL_SET,True,0.0,0.16666666666666544,-0.1395833333333308,-0.1345833333333308,False,True,0.049576783555018135,0.05125148986889153
000566.SZ,1995-06-28,PASS_ROUNDING_INTERVAL_SET,True,0.0,0.19999999999999735,-0.2094999999999945,-0.2044999999999945,False,True,0.04945717732207479,0.05125148986889153
000566.SZ,1995-06-29,PASS_ROUNDING_INTERVAL_SET,True,0.0,0.25,-0.31437500000000007,-0.30937500000000007,False,True,0.049338146811070994,0.05125148986889153
000566.SZ,1995-06-30,PASS_ROUNDING_INTERVAL_SET,True,0.0,0.3333333333333309,-0.48583333333332823,-0.48083333333332823,False,True,0.04945717732207479,0.05149700598802395
000566.SZ,1995-07-31,PASS_ROUNDING_INTERVAL_SET,True,0.0,0.25,-0.31562500000000004,-0.31062500000000004,False,True,0.05462653288740245,0.05635359116022099
000566.SZ,1995-08-17,PASS_ROUNDING_INTERVAL_SET,True,0.0,0.25,-0.31562500000000004,-0.31062500000000004,False,True,0.05462653288740245,0.05635359116022099
000566.SZ,1996-01-15,PASS_ROUNDING_INTERVAL_SET,True,0.0,0.3333333333333309,-0.4324999999999958,-0.4274999999999958,False,True,0.039647577092511016,0.04221251819505095
000566.SZ,1996-01-23,PASS_ROUNDING_INTERVAL_SET,True,0.0,0.5,-0.69625,-0.69125,False,True,0.0327613104524181,0.03565891472868217
000566.SZ,1996-02-12,PASS_ROUNDING_INTERVAL_SET,True,0.0,0.4999999999999889,-0.6937499999999822,-0.6887499999999822,False,True,0.03286384976525822,0.03576982892690513
000566.SZ,1996-03-11,PASS_ROUNDING_INTERVAL_SET,True,0.0,0.19999999999999912,-0.21149999999999852,-0.20649999999999852,False,True,0.03522205206738132,0.03770739064856712
000566.SZ,1996-03-19,PASS_ROUNDING_INTERVAL_SET,True,0.0,0.25,-0.291875,-0.286875,False,True,0.037481259370314844,0.04
000566.SZ,1996-03-20,PASS_ROUNDING_INTERVAL_SET,True,0.0,0.5,-0.70875,-0.70375,False,True,0.037481259370314844,0.04023845007451565
000566.SZ,1996-03-21,PASS_ROUNDING_INTERVAL_SET,True,0.0,0.4999999999999889,-0.7162499999999813,-0.7112499999999813,False,True,0.03714710252600297,0.03988183161004431
000566.SZ,1996-03-29,PASS_ROUNDING_INTERVAL_SET,True,0.0,0.3333333333333309,-0.4324999999999959,-0.4274999999999959,False,True,0.0350076103500761,0.03770739064856712
000566.SZ,1996-04-04,PASS_ROUNDING_INTERVAL_SET,True,0.0,0.25,-0.294375,-0.289375,False,True,0.035114503816793895,0.03770739064856712
000566.SZ,1996-04-10,PASS_ROUNDING_INTERVAL_SET,True,0.0,0.24999999999999722,-0.29062499999999525,-0.28562499999999524,False,True,0.039647577092511016,0.0420899854862119
000566.SZ,2005-06-21,PASS_ROUNDING_INTERVAL_SET,True,0.0,0.3333333333333309,-0.2658333333333297,-0.2608333333333297,False,True,0.07640067911714771,0.07899159663865546
000566.SZ,2005-09-01,PASS_ROUNDING_INTERVAL_SET,True,0.0,22517998136852.5,-40250921669623.5,-40250921669623.49,False,True,0.0965034965034965,0.09930069930069929
000567.SZ,2003-07-31,PASS_ROUNDING_INTERVAL_SET,True,0.0,0.25,-0.391875,-0.38687499999999997,False,True,0.06274821286735505,0.06393054459352802
000571.SZ,1995-01-13,PASS_ROUNDING_INTERVAL_SET,True,0.0,0.1666666666666679,0.20958333333332974,0.21458333333332974,False,True,0.12007011393514459,0.12055507372072853
000571.SZ,1995-01-27,PASS_ROUNDING_INTERVAL_SET,True,0.0,0.25,-0.026874999999999982,-0.021874999999999978,False,True,0.11976630963972737,0.12077294685990339
000571.SZ,1995-02-17,PASS_ROUNDING_INTERVAL_SET,True,0.0,0.16666666666666544,0.1870833333333365,0.1920833333333365,False,True,0.11976630963972737,0.1203079884504331
000571.SZ,1995-02-20,PASS_ROUNDING_INTERVAL_SET,True,0.0,0.5000000000000111,-0.6737500000000287,-0.6687500000000286,False,True,0.11930164888457807,0.12077294685990339
000571.SZ,1995-05-17,PASS_ROUNDING_INTERVAL_SET,True,0.0,0.3333333333333309,-0.2524999999999933,-0.24749999999999328,False,True,0.11977715877437327,0.12096029547553094
000571.SZ,1995-06-13,PASS_ROUNDING_INTERVAL_SET,True,0.0,0.3333333333333309,-0.2991666666666587,-0.2941666666666588,False,True,0.11981205951448709,0.12081060015588464
000571.SZ,1995-07-03,PASS_ROUNDING_INTERVAL_SET,True,0.0,0.25,-0.030625000000000013,-0.02562500000000001,False,True,0.11972437553832903,0.12061591103507271
000571.SZ,1995-12-22,PASS_ROUNDING_INTERVAL_SET,True,0.0,0.25,0.135625,0.140625,False,True,0.15828220858895706,0.1591737545565006
000573.SZ,1996-02-09,PASS_ROUNDING_INTERVAL_SET,True,0.0,0.9999999999999334,-1.8074999999998178,-1.8024999999998177,False,True,0.16925892040256177,0.17077625570776256
000586.SZ,2002-04-09,PASS_ROUNDING_INTERVAL_SET,True,0.0,inf,-2.9800000000000013,-2.9699999999999998,True,True,0.7221445221445221,0.7230769230769231
000591.SZ,1998-07-31,PASS_ROUNDING_INTERVAL_SET,True,0.0,0.11111111111111346,-0.5397222222222339,-0.5347222222222339,False,True,0.0005099439061703212,0.0015159171298635675
000592.SZ,2004-08-18,PASS_ROUNDING_INTERVAL_SET,True,0.0,0.49999999999999445,0.08625000000000532,0.09125000000000533,False,True,0.2950391644908616,0.2971576227390181
000592.SZ,2004-11-17,PASS_ROUNDING_INTERVAL_SET,True,0.0,0.9999999999999778,-0.32749999999998247,-0.32249999999998236,False,True,0.29337539432176657,0.2978056426332288
000592.SZ,2005-06-01,PASS_ROUNDING_INTERVAL_SET,True,0.0,0.49999999999999445,0.04375000000000279,0.04875000000000279,False,True,0.2935323383084577,0.29756097560975603
000592.SZ,2005-06-07,PASS_ROUNDING_INTERVAL_SET,True,0.0,0.49999999999999445,0.04375000000000279,0.04875000000000279,False,True,0.2935323383084577,0.29756097560975603
000592.SZ,2005-12-16,PASS_ROUNDING_INTERVAL_SET,True,0.0,0.49999999999999445,0.04375000000000279,0.04875000000000279,False,True,0.2935323383084577,0.29756097560975603
000592.SZ,2006-01-13,PASS_ROUNDING_INTERVAL_SET,True,0.0,0.9999999999999778,-0.2224999999999881,-0.21749999999998798,False,True,0.2930232558139535,0.2995391705069124
000592.SZ,2006-01-19,PASS_ROUNDING_INTERVAL_SET,True,0.0,0.9999999999999778,-0.2224999999999881,-0.21749999999998798,False,True,0.2930232558139535,0.2995391705069124
000592.SZ,2006-01-25,PASS_ROUNDING_INTERVAL_SET,True,0.0,0.5000000000000028,0.041249999999998704,0.04624999999999871,False,True,0.29411764705882354,0.2984293193717278
000592.SZ,2006-03-21,PASS_ROUNDING_INTERVAL_SET,True,0.0,0.9999999999999778,-0.21249999999998875,-0.20749999999998864,False,True,0.29064039408867,0.29756097560975603
000592.SZ,2006-03-24,PASS_ROUNDING_INTERVAL_SET,True,0.0,0.9999999999999778,-0.21249999999998875,-0.20749999999998864,False,True,0.29064039408867,0.29756097560975603
000592.SZ,2006-03-27,PASS_ROUNDING_INTERVAL_SET,True,0.0,0.9999999999999778,-0.20749999999998886,-0.20249999999998874,False,True,0.2935323383084577,0.3004926108374384
000592.SZ,2006-04-05,PASS_ROUNDING_INTERVAL_SET,True,0.0,0.5000000000000028,0.041249999999998704,0.04624999999999871,False,True,0.29411764705882354,0.2984293193717278
000598.SZ,1998-01-23,PASS_ROUNDING_INTERVAL_SET,True,0.0,0.03448275862068936,-0.2992241379310311,-0.2942241379310311,False,True,0.0041548217800131204,0.004534657741308573
000598.SZ,1998-06-26,PASS_ROUNDING_INTERVAL_SET,True,0.0,0.04166666666666633,-0.3930208333333297,-0.3880208333333297,False,True,0.0025575447570332483,0.0029891929179121637
000598.SZ,1998-07-03,PASS_ROUNDING_INTERVAL_SET,True,0.0,0.04347826086956446,-0.41771739130434005,-0.4127173913043401,False,True,0.0012275963663147557,0.0016994416120417574
000598.SZ,1998-07-08,PASS_ROUNDING_INTERVAL_SET,True,0.0,0.03448275862068934,-0.3299137931034451,-0.3249137931034451,False,True,0.0007498125468632842,0.001231830500123183
000598.SZ,2001-11-06,PASS_ROUNDING_INTERVAL_SET,True,0.0,0.07692307692307758,-0.312884615384619,-0.307884615384619,False,True,0.009664058904739991,0.010459299681673489
000598.SZ,2002-08-13,PASS_ROUNDING_INTERVAL_SET,True,0.0,0.11111111111111358,-0.3830555555555675,-0.37805555555556747,False,True,0.01600413009808983,0.016879795396419442
000598.SZ,2002-08-14,PASS_ROUNDING_INTERVAL_SET,True,0.0,0.14285714285714604,-0.5382142857143012,-0.5332142857143012,False,True,0.015971148892323546,0.016879795396419442
000598.SZ,2002-09-18,PASS_ROUNDING_INTERVAL_SET,True,0.0,0.12500000000000278,-0.4640625000000129,-0.4590625000000129,False,True,0.012412304371289798,0.013376136971642591
000598.SZ,2002-10-15,PASS_ROUNDING_INTERVAL_SET,True,0.0,0.14285714285714604,-0.5603571428571568,-0.5553571428571569,False,True,0.007424328954882924,0.008498583569405102
000607.SZ,1998-01-15,PASS_ROUNDING_INTERVAL_SET,True,0.0,inf,-5.58,-5.57,True,True,0.2515090543259557,0.25285043594902745
000607.SZ,1999-06-24,PASS_ROUNDING_INTERVAL_SET,True,0.0,inf,-6.670000000000002,-6.66,True,True,0.2568245125348189,0.25793871866295265
000615.SZ,2024-03-22,PASS_ROUNDING_INTERVAL_SET,True,0.0,inf,-0.27,-0.26000000000000023,True,True,0.9073756432246998,0.9108061749571182
000617.SZ,2017-03-01,PASS_ROUNDING_INTERVAL_SET,True,0.0,2814749767107.0,-31095948052100.098,-31095948052100.09,False,True,0.6555781851097533,0.656030776193709
000628.SZ,1998-08-21,PASS_ROUNDING_INTERVAL_SET,True,0.0,inf,-4.65,-4.639999999999999,True,True,0.6080910240202275,0.6089338390223347
000629.SZ,1997-12-02,PASS_ROUNDING_INTERVAL_SET,True,0.0,0.19999999999999735,0.0755000000000079,0.0805000000000079,False,True,0.11280746395250213,0.1135407905803196
000629.SZ,1998-02-16,PASS_ROUNDING_INTERVAL_SET,True,0.0,0.19999999999999735,0.075500000000008,0.08050000000000801,False,True,0.11238720262510254,0.11310008136696499
000629.SZ,2002-09-26,PASS_ROUNDING_INTERVAL_SET,True,0.0,0.4999999999999778,-0.4237499999999266,-0.4187499999999267,False,True,0.1857467778620167,0.18669690098261524
000629.SZ,2003-09-24,PASS_ROUNDING_INTERVAL_SET,True,0.0,0.3333333333333235,0.1208333333333631,0.125833333333363,False,True,0.18672199170124482,0.18744838976052847
000629.SZ,2009-03-04,PASS_ROUNDING_INTERVAL_SET,True,0.0,inf,-3.3400000000000007,-3.329999999999999,True,True,0.6482359136387572,0.6492890995260664
000629.SZ,2009-03-05,PASS_ROUNDING_INTERVAL_SET,True,0.0,inf,-3.3400000000000007,-3.329999999999999,True,True,0.6482359136387572,0.6492890995260664
000629.SZ,2009-04-17,PASS_ROUNDING_INTERVAL_SET,True,0.0,inf,-3.370000000000001,-3.3599999999999994,True,True,0.6484089723526343,0.6494522691705791
000630.SZ,2000-08-28,PASS_ROUNDING_INTERVAL_SET,True,0.0,0.07142857142857302,-0.26517857142858,-0.26017857142858,False,True,0.010803193987787691,0.011590171534538713
000630.SZ,2000-10-17,PASS_ROUNDING_INTERVAL_SET,True,0.0,0.09090909090909283,-0.3902272727272815,-0.3852272727272816,False,True,0.0027367268746579083,0.0037858301784748512
000630.SZ,2000-11-17,PASS_ROUNDING_INTERVAL_SET,True,0.0,0.07692307692307863,-0.2940384615384707,-0.2890384615384707,False,True,0.010813352139163138,0.011611704598235023
000630.SZ,2001-04-10,PASS_ROUNDING_INTERVAL_SET,True,0.0,0.16666666666667038,-0.6445833333333517,-0.6395833333333518,False,True,0.01858362631843295,0.019470793809286072
000630.SZ,2001-05-10,PASS_ROUNDING_INTERVAL_SET,True,0.0,0.14285714285714604,-0.5317857142857298,-0.5267857142857298,False,True,0.01691440287032291,0.0178117048346056
000630.SZ,2001-05-22,PASS_ROUNDING_INTERVAL_SET,True,0.0,0.12500000000000278,-0.43843750000001347,-0.43343750000001346,False,True,0.017089590885551526,0.0179763739085773
000639.SZ,2003-07-16,PASS_ROUNDING_INTERVAL_SET,True,0.0,0.2499999999999778,-0.3281249999998064,-0.3231249999998065,False,True,0.10612597066436585,0.10645624103299856
000639.SZ,2003-08-08,PASS_ROUNDING_INTERVAL_SET,True,0.0,0.2499999999999778,-0.329374999999809,-0.3243749999998091,False,True,0.10580005829204316,0.10613550450712415
000639.SZ,2005-03-23,PASS_ROUNDING_INTERVAL_SET,True,0.0,0.2499999999999778,-0.3318749999998172,-0.3268749999998173,False,True,0.10483135824977212,0.105183388905729
000639.SZ,2005-04-25,PASS_ROUNDING_INTERVAL_SET,True,0.0,0.4999999999999112,-2.3887499999992685,-2.3837499999992686,False,True,0.10483135824977212,0.10531107738998481
000652.SZ,1997-01-30,PASS_ROUNDING_INTERVAL_SET,True,0.0,0.047619047619048276,-0.08750000000000474,-0.08250000000000474,False,True,0.017726798748696558,0.01815690304898938
000652.SZ,1997-01-31,PASS_ROUNDING_INTERVAL_SET,True,0.0,0.0625000000000007,-0.19453125000000504,-0.18953125000000504,False,True,0.017726798748696558,0.018219319353729804
000652.SZ,1997-03-03,PASS_ROUNDING_INTERVAL_SET,True,0.0,inf,-15.660000000000002,-15.65,True,True,0.019104290635765735,0.01973066082054494
000652.SZ,1997-03-28,PASS_ROUNDING_INTERVAL_SET,True,0.0,0.07142857142857302,0.003749999999992315,0.00874999999999232,False,True,0.03610675039246467,0.03661681279009799
000668.SZ,1997-03-24,PASS_ROUNDING_INTERVAL_SET,True,0.0,2814749767106.5,-29210065708142.54,-29210065708142.53,False,True,0.2488556974223079,0.24933750903396767
000669.SZ,1998-09-16,PASS_ROUNDING_INTERVAL_SET,True,0.0,0.5000000000000444,-0.3012500000002776,-0.2962500000002777,False,True,0.22590963614554177,0.22634730538922157
000676.SZ,1997-01-30,PASS_ROUNDING_INTERVAL_SET,True,0.0,0.125,0.7434375000000001,0.7484375,False,True,0.12120015791551521,0.12122400941545704
000677.SZ,1997-01-27,PASS_ROUNDING_INTERVAL_SET,True,0.0,0.0625000000000007,0.4610937499999951,0.4660937499999951,False,False,,
000677.SZ,1997-12-12,PASS_ROUNDING_INTERVAL_SET,True,0.0,0.11111111111111138,0.3680555555555546,0.3730555555555546,False,True,0.10459693537641573,0.10467412771560237
000677.SZ,2002-08-13,PASS_ROUNDING_INTERVAL_SET,True,0.0,0.16666666666666666,0.7387500000000001,0.74375,False,True,0.15784165405950581,0.15789473684210525
000677.SZ,2002-08-23,PASS_ROUNDING_INTERVAL_SET,True,0.0,0.1666666666666716,0.7537499999999748,0.7587499999999747,False,True,0.15712187958883994,0.15717761557177617
000677.SZ,2003-08-18,PASS_ROUNDING_INTERVAL_SET,True,0.0,0.4999999999999778,-0.43124999999993285,-0.42624999999993296,False,True,0.17842323651452285,0.1794871794871795
000736.SZ,2004-10-14,PASS_ROUNDING_INTERVAL_SET,True,0.0,0.4999999999999889,-0.44874999999997983,-0.4437499999999798,False,True,0.12586445366528357,0.1279229711141678
000736.SZ,2006-06-21,PASS_ROUNDING_INTERVAL_SET,True,0.0,inf,-4.58,-4.57,True,True,0.179946284691137,0.18173679498657117
000736.SZ,2009-02-16,PASS_ROUNDING_INTERVAL_SET,True,0.0,inf,-6.6000000000000005,-6.589999999999999,True,True,0.36751317680881646,0.368471490177288
000750.SZ,2003-07-28,PASS_ROUNDING_INTERVAL_SET,True,0.0,0.24999999999999445,0.9793750000000141,0.984375000000014,False,False,,
000750.SZ,2003-09-17,PASS_ROUNDING_INTERVAL_SET,True,0.0,0.19999999999999646,1.0905000000000085,1.0955000000000084,False,False,,
000750.SZ,2004-01-12,PASS_ROUNDING_INTERVAL_SET,True,0.0,0.24999999999999445,0.9506250000000115,0.9556250000000114,False,False,,
000750.SZ,2004-08-09,PASS_ROUNDING_INTERVAL_SET,True,0.0,0.24999999999999445,0.9593750000000122,0.9643750000000121,False,False,,
000750.SZ,2005-05-26,PASS_ROUNDING_INTERVAL_SET,True,0.0,0.24999999999999167,0.8918750000000099,0.8968750000000097,False,False,,
000750.SZ,2005-06-23,PASS_ROUNDING_INTERVAL_SET,True,0.0,0.4999999999999889,0.5962500000000132,0.601250000000013,False,False,,
000750.SZ,2005-07-05,PASS_ROUNDING_INTERVAL_SET,True,0.0,0.19999999999999468,0.9365000000000056,0.9415000000000054,False,False,,
000750.SZ,2005-07-07,PASS_ROUNDING_INTERVAL_SET,True,0.0,0.19999999999999468,0.9365000000000056,0.9415000000000054,False,False,,
000750.SZ,2005-08-01,PASS_ROUNDING_INTERVAL_SET,True,0.0,0.33333333333332593,0.7958333333333407,0.8008333333333406,False,False,,
000750.SZ,2005-11-24,PASS_ROUNDING_INTERVAL_SET,True,0.0,0.4999999999999889,0.6087500000000123,0.6137500000000122,False,False,,
000750.SZ,2005-11-25,PASS_ROUNDING_INTERVAL_SET,True,0.0,0.3333333333333235,0.7958333333333443,0.8008333333333442,False,False,,
000750.SZ,2005-12-21,PASS_ROUNDING_INTERVAL_SET,True,0.0,0.24999999999999167,0.9031250000000112,0.9081250000000111,False,False,,
000750.SZ,2006-01-05,PASS_ROUNDING_INTERVAL_SET,True,0.0,0.19999999999999468,0.9695000000000071,0.974500000000007,False,False,,
000750.SZ,2006-03-31,PASS_ROUNDING_INTERVAL_SET,True,0.0,0.19999999999999468,0.9585000000000067,0.9635000000000065,False,False,,
000750.SZ,2006-04-03,PASS_ROUNDING_INTERVAL_SET,True,0.0,0.24999999999999445,0.895625000000007,0.9006250000000069,False,False,,
000750.SZ,2006-04-18,PASS_ROUNDING_INTERVAL_SET,True,0.0,0.4999999999999778,0.6112500000000246,0.6162500000000246,False,False,,
000750.SZ,2006-08-30,PASS_ROUNDING_INTERVAL_SET,True,0.0,0.3333333333333235,0.7875000000000149,0.7925000000000147,False,False,,
000750.SZ,2006-09-04,PASS_ROUNDING_INTERVAL_SET,True,0.0,0.24999999999999445,0.9143750000000086,0.9193750000000085,False,False,,
000758.SZ,2003-10-20,PASS_ROUNDING_INTERVAL_SET,True,0.0,0.19999999999999646,0.7595000000000102,0.7645000000000101,False,False,,
000793.SZ,1998-07-08,PASS_ROUNDING_INTERVAL_SET,True,0.0,0.0714285714285678,0.8891071428571727,0.8941071428571726,False,False,,
000793.SZ,1998-08-14,PASS_ROUNDING_INTERVAL_SET,True,0.0,0.09999999999999734,1.0017500000000088,1.0067500000000087,False,False,,
000793.SZ,1998-09-25,PASS_ROUNDING_INTERVAL_SET,True,0.0,0.11111111111110891,0.9802777777777856,0.9852777777777855,False,False,,
000797.SZ,2004-01-16,PASS_ROUNDING_INTERVAL_SET,True,0.0,0.24999999999999445,0.6656250000000111,0.670625000000011,False,False,,
000797.SZ,2004-09-01,PASS_ROUNDING_INTERVAL_SET,True,0.0,0.24999999999999445,0.6281250000000096,0.6331250000000095,False,False,,
000797.SZ,2005-12-26,PASS_ROUNDING_INTERVAL_SET,True,0.0,0.4999999999999889,0.23875000000001545,0.24375000000001545,False,True,0.33572710951526036,0.3368983957219251
000797.SZ,2006-03-14,PASS_ROUNDING_INTERVAL_SET,True,0.0,0.3333333333333309,0.4741666666666704,0.4791666666666704,False,True,0.324459234608985,0.3245469522240527
000801.SZ,2005-03-18,PASS_ROUNDING_INTERVAL_SET,True,0.0,0.3333333333333309,-0.4658333333333285,-0.4608333333333285,False,True,0.04737516005121639,0.04955527318932656
000801.SZ,2005-05-27,PASS_ROUNDING_INTERVAL_SET,True,0.0,0.33333333333333043,-0.4808333333333287,-0.4758333333333287,False,True,0.014263074484944535,0.01726844583987441
000801.SZ,2005-08-15,PASS_ROUNDING_INTERVAL_SET,True,0.0,0.24999999999999722,-0.3356249999999953,-0.3306249999999953,False,True,0.02526002971768202,0.02790014684287812
000801.SZ,2005-08-18,PASS_ROUNDING_INTERVAL_SET,True,0.0,0.9999999999999778,-1.7824999999999562,-1.7774999999999563,False,True,0.04701397712833545,0.049429657794676805
000801.SZ,2005-08-31,PASS_ROUNDING_INTERVAL_SET,True,0.0,22517998136852.5,-37436171902517.2,-37436171902517.195,False,True,0.02255639097744361,0.02556390977443609
000801.SZ,2005-11-15,PASS_ROUNDING_INTERVAL_SET,True,0.0,0.33333333333333065,-0.48083333333332895,-0.47583333333332894,False,True,0.017107309486780718,0.020030816640986132
000801.SZ,2005-12-20,PASS_ROUNDING_INTERVAL_SET,True,0.0,0.33333333333333065,-0.48083333333332895,-0.47583333333332894,False,True,0.017107309486780718,0.020030816640986132
000801.SZ,2006-05-18,PASS_ROUNDING_INTERVAL_SET,True,0.0,1.0000000000000222,-2.1175000000000557,-2.1125000000000553,False,True,0.07692307692307693,0.07876370887337987
000803.SZ,2000-03-28,PASS_ROUNDING_INTERVAL_SET,True,0.0,inf,-14.41,-14.399999999999999,True,True,0.25433376455368695,0.25485122897800777
000803.SZ,2003-08-19,PASS_ROUNDING_INTERVAL_SET,True,0.0,inf,-9.16,-9.149999999999999,True,True,0.3306540007307271,0.33138472780416517
000803.SZ,2003-12-25,PASS_ROUNDING_INTERVAL_SET,True,0.0,inf,-8.100000000000001,-8.09,True,True,0.33085501858736055,0.33168112350268486
000803.SZ,2004-08-25,PASS_ROUNDING_INTERVAL_SET,True,0.0,inf,-8.15,-8.139999999999999,True,True,0.33059548254620125,0.3314168377823409
000803.SZ,2004-08-31,PASS_ROUNDING_INTERVAL_SET,True,0.0,inf,-8.15,-8.139999999999999,True,True,0.33059548254620125,0.3314168377823409
000803.SZ,2005-01-25,PASS_ROUNDING_INTERVAL_SET,True,0.0,1.0000000000001776,-2.122500000001116,-2.1175000000011153,False,True,0.3309438470728793,0.33147632311977715
000803.SZ,2005-01-26,PASS_ROUNDING_INTERVAL_SET,True,0.0,inf,-8.16,-8.149999999999999,True,True,0.33087330873308735,0.3316933169331694
000803.SZ,2005-04-04,PASS_ROUNDING_INTERVAL_SET,True,0.0,1.0000000000001776,-2.0275000000010652,-2.0225000000010644,False,True,0.3308302044221944,0.3313880783659859
000803.SZ,2005-04-18,PASS_ROUNDING_INTERVAL_SET,True,0.0,inf,-7.970000000000001,-7.959999999999999,True,True,0.3305333893322133,0.33137337253254934
000803.SZ,2005-06-03,PASS_ROUNDING_INTERVAL_SET,True,0.0,1.0000000000001776,-1.9475000000010225,-1.9425000000010217,False,True,0.3307257714037375,0.331306990881459
000803.SZ,2005-06-29,PASS_ROUNDING_INTERVAL_SET,True,0.0,inf,-7.73,-7.720000000000001,True,True,0.33044608055435254,0.33131225638804673
000803.SZ,2005-07-04,PASS_ROUNDING_INTERVAL_SET,True,0.0,inf,-7.700000000000001,-7.6899999999999995,True,True,0.3307257714037375,0.3315949587136028
000803.SZ,2005-07-14,PASS_ROUNDING_INTERVAL_SET,True,0.0,inf,-7.700000000000001,-7.6899999999999995,True,True,0.3307257714037375,0.3315949587136028
000803.SZ,2005-07-15,PASS_ROUNDING_INTERVAL_SET,True,0.0,inf,-7.700000000000001,-7.6899999999999995,True,True,0.3307257714037375,0.3315949587136028
000803.SZ,2005-07-21,PASS_ROUNDING_INTERVAL_SET,True,0.0,inf,-7.700000000000001,-7.6899999999999995,True,True,0.3307257714037375,0.3315949587136028
000803.SZ,2005-07-22,PASS_ROUNDING_INTERVAL_SET,True,0.0,inf,-7.700000000000001,-7.6899999999999995,True,True,0.3307257714037375,0.3315949587136028
000803.SZ,2005-07-27,PASS_ROUNDING_INTERVAL_SET,True,0.0,inf,-7.700000000000001,-7.6899999999999995,True,True,0.3307257714037375,0.3315949587136028
000803.SZ,2005-08-03,PASS_ROUNDING_INTERVAL_SET,True,0.0,1.0000000000001776,-1.9475000000010225,-1.9425000000010217,False,True,0.3307257714037375,0.331306990881459
000803.SZ,2005-09-14,PASS_ROUNDING_INTERVAL_SET,True,0.0,1.0000000000001776,-1.9475000000010225,-1.9425000000010217,False,True,0.3307257714037375,0.331306990881459
000803.SZ,2005-10-19,PASS_ROUNDING_INTERVAL_SET,True,0.0,inf,-7.700000000000001,-7.6899999999999995,True,True,0.3307257714037375,0.3315949587136028
000803.SZ,2005-11-01,PASS_ROUNDING_INTERVAL_SET,True,0.0,inf,-7.700000000000001,-7.6899999999999995,True,True,0.3307257714037375,0.3315949587136028
000803.SZ,2005-11-04,PASS_ROUNDING_INTERVAL_SET,True,0.0,inf,-7.8100000000000005,-7.799999999999999,True,True,0.3304757822546078,0.33133304757822546
000803.SZ,2005-11-07,PASS_ROUNDING_INTERVAL_SET,True,0.0,inf,-7.700000000000001,-7.6899999999999995,True,True,0.3307257714037375,0.3315949587136028
000811.SZ,2001-10-23,PASS_ROUNDING_INTERVAL_SET,True,0.0,inf,-13.200000000000001,-13.19,True,True,0.015292801193584482,0.016038791495710556
000816.SZ,2005-11-21,PASS_ROUNDING_INTERVAL_SET,True,0.0,0.9999999999999556,-0.3274999999999362,-0.32249999999993606,False,True,0.3856893542757418,0.3878260869565217
000816.SZ,2005-12-22,PASS_ROUNDING_INTERVAL_SET,True,0.0,0.4999999999999889,0.4037500000000146,0.4087500000000145,False,True,0.40499040307101736,0.4057142857142857
000816.SZ,2006-01-10,PASS_ROUNDING_INTERVAL_SET,True,0.0,0.3333333333333284,0.627500000000007,0.632500000000007,False,False,,
000816.SZ,2006-02-14,PASS_ROUNDING_INTERVAL_SET,True,0.0,0.3333333333333235,0.637500000000015,0.642500000000015,False,False,,
000826.SZ,2005-08-04,PASS_ROUNDING_INTERVAL_SET,True,0.0,0.19999999999999468,0.8945000000000083,0.8995000000000082,False,False,,
000833.SZ,2006-05-18,PASS_ROUNDING_INTERVAL_SET,True,0.0,inf,-5.510000000000001,-5.499999999999999,True,True,0.4886310904872389,0.4895591647331787
000838.SZ,2005-07-29,PASS_ROUNDING_INTERVAL_SET,True,0.0,0.16666666666666544,-0.17041666666666289,-0.16541666666666288,False,True,0.05578011317704123,0.05684547638110488
000838.SZ,2006-03-16,PASS_ROUNDING_INTERVAL_SET,True,0.0,0.1428571428571424,-0.05035714285714121,-0.04535714285714121,False,True,0.0645819170632223,0.06531986531986532
000838.SZ,2015-07-07,PASS_ROUNDING_INTERVAL_SET,True,0.0,inf,-10.39,-10.379999999999999,True,True,0.26805213103205355,0.2687566044381825
000856.SZ,2005-08-26,PASS_ROUNDING_INTERVAL_SET,True,0.0,22517998136852.0,-23137243085614.332,-23137243085614.33,False,True,0.5328467153284673,0.5377128953771289
000885.SZ,2004-12-16,PASS_ROUNDING_INTERVAL_SET,True,0.0,0.9999999999999556,-0.06749999999994571,-0.0624999999999456,False,True,0.47239263803680986,0.47454175152749484
000898.SZ,1999-06-29,PASS_ROUNDING_INTERVAL_SET,False,,,,,False,True,0.3952321204516939,0.397741530740276
000903.SZ,1999-11-25,PASS_ROUNDING_INTERVAL_SET,True,0.0,0.16666666666667038,-0.4070833333333495,-0.4020833333333495,False,True,0.0363531448355453,0.03724928366762178
000903.SZ,2004-11-15,PASS_ROUNDING_INTERVAL_SET,True,0.0,0.1999999999999972,-0.513499999999992,-0.508499999999992,False,True,0.00967458223394899,0.011333914559721011
000903.SZ,2004-12-20,PASS_ROUNDING_INTERVAL_SET,True,0.0,0.19999999999999712,-0.5264999999999923,-0.5214999999999923,False,True,0.0009407337723424272,0.0027958993476234852
000922.SZ,2008-03-18,PASS_ROUNDING_INTERVAL_SET,True,0.0,inf,-3.9800000000000013,-3.9699999999999998,True,True,0.6236406619385342,0.6245862884160757
000965.SZ,2005-12-27,PASS_ROUNDING_INTERVAL_SET,True,0.0,0.5,-0.15875,-0.15375,False,True,0.1831578947368421,0.18580375782881003
000981.SZ,2004-09-07,PASS_ROUNDING_INTERVAL_SET,True,0.0,0.33333333333334075,-0.48250000000002224,-0.47750000000002235,False,True,0.0860484544695071,0.08728179551122195
000981.SZ,2004-12-28,PASS_ROUNDING_INTERVAL_SET,True,0.0,0.24999999999999445,-0.22812499999998292,-0.22312499999998292,False,True,0.08763308763308765,0.0886899918633035
000981.SZ,2007-01-30,PASS_ROUNDING_INTERVAL_SET,False,,,,,False,True,0.0992767915844839,0.10059171597633136
000981.SZ,2019-10-29,PASS_ROUNDING_INTERVAL_SET,True,0.0,0.9999999999999778,-0.06749999999998602,-0.0624999999999859,False,True,0.44664031620553357,0.45098039215686264
000981.SZ,2020-03-25,PASS_ROUNDING_INTERVAL_SET,True,0.0,0.9999999999999778,-0.07249999999998502,-0.0674999999999849,False,True,0.44649446494464945,0.45054945054945045
002021.SZ,2005-01-04,PASS_ROUNDING_INTERVAL_SET,True,0.0,0.10000000000000223,0.015249999999990382,0.020249999999990387,False,True,0.051774287376381616,0.05232892466935021
002021.SZ,2005-03-11,PASS_ROUNDING_INTERVAL_SET,True,0.0,0.10000000000000223,0.020249999999989998,0.025249999999990003,False,True,0.05227655986509274,0.0528071150639244
002036.SZ,2005-12-26,PASS_ROUNDING_INTERVAL_SET,True,0.0,0.24999999999999445,0.5731250000000141,0.578125000000014,False,True,0.23837784371909004,0.2384690873405299
002044.SZ,2005-12-28,PASS_ROUNDING_INTERVAL_SET,True,0.0,0.2000000000000009,-0.07750000000000196,-0.07250000000000195,False,True,0.08208092485549132,0.08342857142857142
002044.SZ,2006-02-15,PASS_ROUNDING_INTERVAL_SET,True,0.0,0.25,-0.19687499999999997,-0.19187499999999996,False,True,0.0759651307596513,0.0776818742293465
002044.SZ,2006-09-27,PASS_ROUNDING_INTERVAL_SET,True,0.0,0.2000000000000009,-0.06250000000000194,-0.05750000000000194,False,True,0.08571428571428572,0.08700564971751414
002044.SZ,2006-09-29,PASS_ROUNDING_INTERVAL_SET,True,0.0,0.25,-0.17062500000000003,-0.16562500000000002,False,True,0.08661417322834646,0.08807134894091416
002044.SZ,2006-11-01,PASS_ROUNDING_INTERVAL_SET,True,0.0,0.2000000000000009,-0.06250000000000194,-0.05750000000000194,False,True,0.08571428571428572,0.08700564971751414
002044.SZ,2006-11-28,PASS_ROUNDING_INTERVAL_SET,True,0.0,0.3333333333333309,-0.355833333333328,-0.350833333333328,False,True,0.08323563892145369,0.08498253783469151
002131.SZ,2008-10-08,PASS_ROUNDING_INTERVAL_SET,True,0.0,0.07142857142857166,-0.09660714285714359,-0.09160714285714358,False,True,0.020145044319097503,0.021276595744680854
002131.SZ,2008-10-22,PASS_ROUNDING_INTERVAL_SET,True,0.0,0.0625,-0.08453124999999999,-0.07953124999999998,False,True,0.014691478942213516,0.016144349477682812
002131.SZ,2008-10-24,PASS_ROUNDING_INTERVAL_SET,True,0.0,0.0714285714285712,-0.10732142857142797,-0.10232142857142797,False,True,0.014691478942213516,0.016205910390848427
002131.SZ,2008-10-30,PASS_ROUNDING_INTERVAL_SET,True,0.0,0.0625,-0.08796874999999998,-0.08296874999999998,False,True,0.01327885597548519,0.014836795252225522
002131.SZ,2008-11-04,PASS_ROUNDING_INTERVAL_SET,True,0.0,0.0714285714285716,-0.11303571428571471,-0.1080357142857147,False,True,0.011689691817215728,0.013415892672858618
002161.SZ,2007-08-31,PASS_ROUNDING_INTERVAL_SET,True,0.0,inf,-50.96,-50.95,True,True,0.09137915663724704,0.09155745743068557
002175.SZ,2013-10-15,PASS_ROUNDING_INTERVAL_SET,True,0.0,inf,-11.47,-11.459999999999999,True,True,0.2360972360972361,0.23676323676323677
002194.SZ,2019-02-25,PASS_ROUNDING_INTERVAL_SET,True,0.0,inf,-2.5500000000000025,-2.539999999999999,True,True,0.7602256699576867,0.7611659614480489
002195.SZ,2013-02-19,PASS_ROUNDING_INTERVAL_SET,True,0.0,0.11111111111111358,0.038055555555537635,0.04305555555553764,False,True,0.058175559380378654,0.058501539514197745
002259.SZ,2008-11-13,PASS_ROUNDING_INTERVAL_SET,True,0.0,inf,-2.8100000000000005,-2.8000000000000007,True,True,0.3734671125975474,0.37569676700111476
002279.SZ,2014-09-12,PASS_ROUNDING_INTERVAL_SET,True,0.0,inf,-19.15,-19.14,True,True,0.30325632162997995,0.3036201564489722
002333.SZ,2013-04-02,PASS_ROUNDING_INTERVAL_SET,True,0.0,inf,-6.0600000000000005,-6.049999999999999,True,True,0.4231318419800095,0.4240837696335079
002383.SZ,2015-06-04,PASS_ROUNDING_INTERVAL_SET,True,0.0,1.0,-9.2925,-9.287500000000001,False,True,0.33176427989499413,0.3318852384831206
002488.SZ,2015-07-07,PASS_ROUNDING_INTERVAL_SET,True,0.0,2814749767107.0,-31025579307922.402,-31025579307922.395,False,True,0.6579723293263778,0.6584259469267407
002507.SZ,2014-01-20,PASS_ROUNDING_INTERVAL_SET,True,0.0,inf,-29.419999999999998,-29.41,True,True,0.07031126560278085,0.07062727129088324
002516.SZ,2015-01-19,PASS_ROUNDING_INTERVAL_SET,True,0.0,2814749767106.5,-31602603010185.16,-31602603010185.156,False,True,0.13649521264751727,0.13694054776219103
002936.SZ,2023-04-10,PASS_ROUNDING_INTERVAL_SET,True,0.0,inf,-0.22999999999999998,-0.2200000000000002,True,True,0.8980044345898004,0.9024390243902438
002936.SZ,2023-04-11,PASS_ROUNDING_INTERVAL_SET,True,0.0,inf,-0.22999999999999998,-0.2200000000000002,True,True,0.8980044345898004,0.9024390243902438
300059.SZ,2011-03-01,PASS_ROUNDING_INTERVAL_SET,True,0.0,0.020000000000000018,-0.2876500000000004,-0.2826500000000004,False,True,0.0039141013434888395,0.004082487176803098
300059.SZ,2011-03-07,PASS_ROUNDING_INTERVAL_SET,True,0.0,0.020408163265306353,-0.29933673469388294,-0.29433673469388294,False,True,0.003764655265139292,0.003938265034592869
300059.SZ,2011-03-16,PASS_ROUNDING_INTERVAL_SET,True,0.0,0.019607843137254995,-0.2840686274509825,-0.2790686274509825,False,True,0.0036022268311319727,0.0037784734967073307
300059.SZ,2011-03-17,PASS_ROUNDING_INTERVAL_SET,True,0.0,0.018518518518518563,-0.2577314814814825,-0.2527314814814825,False,True,0.0036140619866389225,0.0037882887758415415
300059.SZ,2011-03-18,PASS_ROUNDING_INTERVAL_SET,True,0.0,0.02857142857142906,-0.4910714285714398,-0.4860714285714398,False,True,0.003592814371257485,0.0037817396002161
300059.SZ,2011-03-24,PASS_ROUNDING_INTERVAL_SET,True,0.0,0.040000000000001174,-0.7341000000000253,-0.7291000000000253,False,True,0.0029100221161680825,0.003124638352042588
300059.SZ,2011-03-25,PASS_ROUNDING_INTERVAL_SET,True,0.0,0.0526315789473691,-1.0061842105263303,-1.0011842105263302,False,True,0.0029079911597068744,0.003126809496236248
300059.SZ,2011-03-28,PASS_ROUNDING_INTERVAL_SET,True,0.0,0.020408163265306353,-0.3105612244898009,-0.3055612244898009,False,True,0.0029284291905821718,0.003126809496236248
300059.SZ,2011-04-15,PASS_ROUNDING_INTERVAL_SET,True,0.0,0.017857142857143026,-0.2620089285714321,-0.2570089285714321,False,True,0.002554433767181608,0.002760110404416177
300059.SZ,2011-06-03,PASS_ROUNDING_INTERVAL_SET,True,0.0,0.015625000000000163,-0.2502734375000028,-0.24527343750000283,False,True,0.00044176115446915024,0.0007226477814713109
300059.SZ,2011-06-07,PASS_ROUNDING_INTERVAL_SET,True,0.0,0.023809523809523718,-0.2529166666666656,-0.24791666666666565,False,True,0.0006665185514330149,0.0010905125408942203
300059.SZ,2011-07-01,PASS_ROUNDING_INTERVAL_SET,True,0.0,0.0212765957446809,-0.21984042553191546,-0.21484042553191546,False,True,0.0010862480990658265,0.0014903129657228016
300059.SZ,2011-07-06,PASS_ROUNDING_INTERVAL_SET,True,0.0,0.03225806451612878,-0.3470161290322551,-0.3420161290322551,False,True,0.0014777285201604392,0.001875390706397166
300059.SZ,2011-07-22,PASS_ROUNDING_INTERVAL_SET,True,0.0,0.027777777777777533,-0.29090277777777485,-0.2859027777777748,False,True,0.0018606574322927439,0.002240782236708087
300163.SZ,2011-09-28,PASS_ROUNDING_INTERVAL_SET,True,0.0,0.9999999999998224,-7.237499999998124,-7.232499999998123,False,True,0.15739644970414202,0.1577951265673054
300175.SZ,2011-07-22,PASS_ROUNDING_INTERVAL_SET,False,,,,,False,True,0.2235525024533857,0.2239450441609421
300247.SZ,2015-10-22,PASS_ROUNDING_INTERVAL_SET,True,0.0,2814749767107.0,-25339784778371.84,-25339784778371.836,False,True,0.4956956400999722,0.4962510413773951
300328.SZ,2015-12-07,PASS_ROUNDING_INTERVAL_SET,True,0.0,inf,-22.680000000000007,-22.669999999999995,True,True,0.3655056651279899,0.36578542453490004
300340.SZ,2015-07-13,PASS_ROUNDING_INTERVAL_SET,True,0.0,2814749767107.0,-33136641633254.34,-33136641633254.336,False,True,0.5442769165427904,0.5447016351667021
300348.SZ,2018-04-25,PASS_ROUNDING_INTERVAL_SET,True,0.0,inf,-15.18,-15.169999999999998,True,True,0.43558282208588955,0.4359546384086262
300352.SZ,2015-07-07,PASS_ROUNDING_INTERVAL_SET,True,0.0,0.9999999999998224,-7.697499999997656,-7.692499999997655,False,True,0.20826227022929697,0.20856222769463914
300371.SZ,2019-06-21,PASS_ROUNDING_INTERVAL_SET,True,0.0,inf,-2.91,-2.899999999999997,True,True,0.742135578201152,0.7430217102348252
300423.SZ,2015-07-10,PASS_ROUNDING_INTERVAL_SET,True,0.0,inf,-19.94,-19.93,True,True,0.29051770147660555,0.2908735100515923
300543.SZ,2019-06-05,PASS_ROUNDING_INTERVAL_SET,True,0.0,inf,-13.06,-13.049999999999999,True,True,0.4278203723986856,0.42825848849945236
300587.SZ,2018-07-26,PASS_ROUNDING_INTERVAL_SET,True,0.0,2814749767106.5,-28140460796645.016,-28140460796645.008,False,True,0.11077769442360592,0.11127781945486372
300606.SZ,2020-02-03,PASS_ROUNDING_INTERVAL_SET,True,0.0,2814749767107.0,-29435245689508.457,-29435245689508.453,False,True,0.621324408319388,0.6218025340664595
300639.SZ,2017-11-22,PASS_ROUNDING_INTERVAL_SET,True,0.0,0.49999999999982236,-7.2737499999943065,-7.2687499999943075,False,True,0.136480686695279,0.13659411810593652
