trade_id,check_id,check_name,severity,recorded_value,recalculated_value,difference,verdict,blocking,evidence,reviewer,reviewed_at,notes
STOCK_RS_PULLBACK_v1:000034.SZ:2015-11-09:2015-11-10,UNIVERSE_TRADABLE_AT_SIGNAL,Signal-day universe,CRITICAL,"""000034.SZ""",true,,PASS,True,"""signal_date=2015-11-09 00:00:00""",OpenCode (assistant),2026-07-18T13:40:16.915473+00:00,"Reviewed against locked signal, frozen qfq layer, remediation raw/hfq layers, and independent reconstruction."
STOCK_RS_PULLBACK_v1:000034.SZ:2015-11-09:2015-11-10,DATE_ORDER_VALID,Pullback/trigger/entry order,CRITICAL,"[""2015-11-06 00:00:00"", ""2015-11-09 00:00:00"", ""2015-11-10 00:00:00""]",true,,PASS,True,"""strictly increasing dates""",OpenCode (assistant),2026-07-18T13:40:16.915473+00:00,"Reviewed against locked signal, frozen qfq layer, remediation raw/hfq layers, and independent reconstruction."
STOCK_RS_PULLBACK_v1:000034.SZ:2015-11-09:2015-11-10,NO_LOOKAHEAD_IN_INDICATORS,Prefix-only indicator reconstruction,CRITICAL,"{""high_10d"": 11.33, ""ma20"": 10.1985, ""ma60"": 7.100833333333333, ""ret20"": 0.2207505518763797, ""vol_ma5"": 25407258.2}","{""high_10d"": 11.33, ""ma20"": 10.1985, ""ma60"": 7.100833333333335, ""ret20"": 0.2207505518763797, ""vol_ma5"": 25407258.2}",,PASS,True,"""prefix-only rolling recomputation""",OpenCode (assistant),2026-07-18T13:40:16.915473+00:00,"Reviewed against locked signal, frozen qfq layer, remediation raw/hfq layers, and independent reconstruction."
STOCK_RS_PULLBACK_v1:000034.SZ:2015-11-09:2015-11-10,ENTRY_IS_NEXT_TRADING_DAY_OPEN,Next trading-day raw open entry,CRITICAL,"[""2015-11-10"", 17.4]","[""2015-11-10 00:00:00"", 17.4]",,PASS,True,"""first stock bar after trigger; raw open required""",OpenCode (assistant),2026-07-18T13:40:16.915473+00:00,"Reviewed against locked signal, frozen qfq layer, remediation raw/hfq layers, and independent reconstruction."
STOCK_RS_PULLBACK_v1:000034.SZ:2015-11-09:2015-11-10,ENTRY_DAY_EXECUTABLE,Entry-day execution status,CRITICAL,"{""adj_close"": 12.32, ""adj_factor"": 0.7150374174438137, ""adj_high"": 12.32, ""adj_low"": 10.81, ""adj_offset"": -1.5230738294631525, ""adj_open"": 10.92, ""adj_type"": ""qfq"", ""adjustment_fit_error"": 0.0014227659407950455, ""adjustment_status"": ""KNOWN_AFFINE_TDX_QFQ_HFQ_VALIDATED"", ""board"": ""MAIN_SZ"", ""can_buy_at_open"": ""TRUE"", ""can_sell_at_close"": ""TRUE"", ""can_sell_at_open"": ""TRUE"", ""can_sell_intraday"": ""TRUE"", ""close"": 12.32, ""close_at_limit_down"": ""FALSE"", ""close_at_limit_up"": ""UNKNOWN"", ""closing_auction_fill_status"": ""UNKNOWN"", ""code"": ""000034.SZ"", ""date"": ""2015-11-10 00:00:00"", ""hfq_close"": 54.66, ""hfq_fit_error"": 0.000838415643670487, ""hfq_high"": 54.66, ""hfq_low"": 48.73, ""hfq_open"": 49.15, ""high"": 12.32, ""historical_st_branch_status"": ""PASS_BRANCH_INVARIANT"", ""historical_st_status"": ""UNKNOWN"", ""is_suspended"": false, ""limit_down_price"": NaN, ""limit_rule_reason"": ""point-in-time ST status unavailable; execution state resolved only where both ST rule candidates agree"", ""limit_rule_status"": ""UNKNOWN_MISSING_HISTORICAL_ST"", ""limit_up_price"": NaN, ""listing_date"": ""1994-05-09 00:00:00"", ""listing_trading_day"": 4780.0, ""low"": 10.81, ""one_price_limit_down"": ""FALSE"", ""one_price_limit_up"": ""FALSE"", ""open"": 10.92, ""open_at_limit_down"": ""FALSE"", ""open_at_limit_up"": ""FALSE"", ""opening_auction_fill_status"": ""UNKNOWN"", ""raw_close"": 19.36, ""raw_high"": 19.36, ""raw_low"": 17.25, ""raw_open"": 17.4, ""raw_pre_close"": 17.6, ""scheduled_close_fill_status"": ""FILLED_AT_CLOSE"", ""volume"": 34412551.0}","{""executable"": true, ""expected_outcome"": ""valid trade requires executable entry""}",,PASS,True,"""raw open, adjustment factor, trade status, and explicit open fillability""",OpenCode (assistant),2026-07-18T13:40:16.915473+00:00,"Reviewed against locked signal, frozen qfq layer, remediation raw/hfq layers, and independent reconstruction."
STOCK_RS_PULLBACK_v1:000034.SZ:2015-11-09:2015-11-10,T1_NO_ENTRY_DAY_EXIT,A-share T+1,CRITICAL,"[""2015-11-10 00:00:00"", ""2015-11-11 00:00:00""]",true,,PASS,True,"""exit must follow entry date""",OpenCode (assistant),2026-07-18T13:40:16.915473+00:00,"Reviewed against locked signal, frozen qfq layer, remediation raw/hfq layers, and independent reconstruction."
STOCK_RS_PULLBACK_v1:000034.SZ:2015-11-09:2015-11-10,EXIT_DATE_REASON_RECONSTRUCTION,Independent exit date and reason,CRITICAL,"[""2015-11-11 00:00:00"", ""target_2r""]","[""2015-11-11 00:00:00"", ""target_2r""]",,PASS,True,"""full post-entry replay with T+1 and sellability""",OpenCode (assistant),2026-07-18T13:40:16.915473+00:00,"Reviewed against locked signal, frozen qfq layer, remediation raw/hfq layers, and independent reconstruction."
STOCK_RS_PULLBACK_v1:000034.SZ:2015-11-09:2015-11-10,HOLDING_DAYS_RECONSTRUCTION,Holding days including deferred fills,CRITICAL,2,2,0.0,PASS,True,"""target_2r""",OpenCode (assistant),2026-07-18T13:40:16.915473+00:00,"Reviewed against locked signal, frozen qfq layer, remediation raw/hfq layers, and independent reconstruction."
STOCK_RS_PULLBACK_v1:000034.SZ:2015-11-09:2015-11-10,EXIT_PRICE_RECONSTRUCTION,Independent adjusted exit price,CRITICAL,12.476398305084745,12.48,-0.0036016949152557487,PASS,True,"""full post-entry replay""",OpenCode (assistant),2026-07-18T13:40:16.915473+00:00,"Reviewed against locked signal, frozen qfq layer, remediation raw/hfq layers, and independent reconstruction."
STOCK_RS_PULLBACK_v1:000034.SZ:2015-11-09:2015-11-10,GROSS_RETURN_RECALCULATION,Gross return,CRITICAL,0.14252731731545287,0.1428571428571428,-0.00032982554168992095,PASS,True,"""round_trip_cost=0.002""",OpenCode (assistant),2026-07-18T13:40:16.915473+00:00,"Reviewed against locked signal, frozen qfq layer, remediation raw/hfq layers, and independent reconstruction."
STOCK_RS_PULLBACK_v1:000034.SZ:2015-11-09:2015-11-10,NET_RETURN_AND_COST_RECALCULATION,Net return and one cost deduction,CRITICAL,0.14052731731545287,0.1408571428571428,-0.00032982554168992095,PASS,True,"""round_trip_cost=0.002""",OpenCode (assistant),2026-07-18T13:40:16.915473+00:00,"Reviewed against locked signal, frozen qfq layer, remediation raw/hfq layers, and independent reconstruction."
STOCK_RS_PULLBACK_v1:000034.SZ:2015-11-09:2015-11-10,R_MULTIPLE_RECALCULATION,R multiple,CRITICAL,2.730523342253937,2.7368421052631575,-0.006318763009220518,PASS,True,"""round_trip_cost=0.002""",OpenCode (assistant),2026-07-18T13:40:16.915473+00:00,"Reviewed against locked signal, frozen qfq layer, remediation raw/hfq layers, and independent reconstruction."
STOCK_RS_PULLBACK_v1:000034.SZ:2015-11-09:2015-11-10,PRICE_ADJUSTMENT_CONSISTENCY,Adjustment series consistency,CRITICAL,"[""qfq""]","[""qfq""]",,PASS,True,"""signal/entry/exit adj_type""",OpenCode (assistant),2026-07-18T13:40:16.915473+00:00,"Reviewed against locked signal, frozen qfq layer, remediation raw/hfq layers, and independent reconstruction."
STOCK_RS_PULLBACK_v1:000034.SZ:2015-11-09:2015-11-10,EXECUTION_REALISM,Raw execution-price realism,BLOCKING_DATA,"[""True"", ""True"", ""True"", true]",true,,PASS,True,"""requires consistent raw and adjusted OHLC plus adjustment factors""",OpenCode (assistant),2026-07-18T13:40:16.915473+00:00,"Reviewed against locked signal, frozen qfq layer, remediation raw/hfq layers, and independent reconstruction."
STOCK_RS_PULLBACK_v1:000034.SZ:2015-11-09:2015-11-10,HISTORICAL_ST_STATUS,Historical ST execution branch,BLOCKING_DATA,null,"{""branch_invariant_rows"": 3, ""known_rows"": 0, ""rows"": 3}",,PASS_BRANCH_INVARIANT,False,"""ST/non-ST branches compared; non-execution-time differences remain non-blocking after complete trade replay""",OpenCode (assistant),2026-07-18T13:40:16.915473+00:00,"Reviewed against locked signal, frozen qfq layer, remediation raw/hfq layers, and independent reconstruction."
STOCK_RS_PULLBACK_v1:000034.SZ:2015-11-09:2015-11-10,LIMIT_PRICE_VERIFICATION,Board/date-specific limit price,BLOCKING_DATA,null,"{""branch_invariant_rows"": 3, ""known_rows"": 0}",,NOT_EVALUABLE_LIMIT_PRICE_BRANCH_INVARIANT,False,"""exact limits retained as check limitations; complete fail-closed trade replay determines materiality""",OpenCode (assistant),2026-07-18T13:40:16.915473+00:00,Confirmed blocking data limitation; no value imputed.
STOCK_RS_PULLBACK_v1:000060.SZ:2007-02-15:2007-02-16,UNIVERSE_TRADABLE_AT_SIGNAL,Signal-day universe,CRITICAL,"""000060.SZ""",true,,PASS,True,"""signal_date=2007-02-15 00:00:00""",OpenCode (assistant),2026-07-18T13:40:16.915473+00:00,"Reviewed against locked signal, frozen qfq layer, remediation raw/hfq layers, and independent reconstruction."
STOCK_RS_PULLBACK_v1:000060.SZ:2007-02-15:2007-02-16,DATE_ORDER_VALID,Pullback/trigger/entry order,CRITICAL,"[""2007-02-13 00:00:00"", ""2007-02-15 00:00:00"", ""2007-02-16 00:00:00""]",true,,PASS,True,"""strictly increasing dates""",OpenCode (assistant),2026-07-18T13:40:16.915473+00:00,"Reviewed against locked signal, frozen qfq layer, remediation raw/hfq layers, and independent reconstruction."
STOCK_RS_PULLBACK_v1:000060.SZ:2007-02-15:2007-02-16,NO_LOOKAHEAD_IN_INDICATORS,Prefix-only indicator reconstruction,CRITICAL,"{""high_10d"": 3.93, ""ma20"": 3.4239999999999995, ""ma60"": 2.853666666666667, ""ret20"": 0.4464944649446494, ""vol_ma5"": 13286498.8}","{""high_10d"": 3.93, ""ma20"": 3.4239999999999995, ""ma60"": 2.853666666666667, ""ret20"": 0.4464944649446494, ""vol_ma5"": 13286498.8}",,PASS,True,"""prefix-only rolling recomputation""",OpenCode (assistant),2026-07-18T13:40:16.915473+00:00,"Reviewed against locked signal, frozen qfq layer, remediation raw/hfq layers, and independent reconstruction."
STOCK_RS_PULLBACK_v1:000060.SZ:2007-02-15:2007-02-16,ENTRY_IS_NEXT_TRADING_DAY_OPEN,Next trading-day raw open entry,CRITICAL,"[""2007-02-16"", 24.22]","[""2007-02-16 00:00:00"", 24.22]",,PASS,True,"""first stock bar after trigger; raw open required""",OpenCode (assistant),2026-07-18T13:40:16.915473+00:00,"Reviewed against locked signal, frozen qfq layer, remediation raw/hfq layers, and independent reconstruction."
STOCK_RS_PULLBACK_v1:000060.SZ:2007-02-15:2007-02-16,ENTRY_DAY_EXECUTABLE,Entry-day execution status,CRITICAL,"{""adj_close"": 4.09, ""adj_factor"": 0.21966794380587484, ""adj_high"": 4.15, ""adj_low"": 3.96, ""adj_offset"": -1.3599872286079187, ""adj_open"": 3.96, ""adj_type"": ""qfq"", ""adjustment_fit_error"": 0.0022222222222225696, ""adjustment_status"": ""KNOWN_AFFINE_TDX_QFQ_HFQ_VALIDATED"", ""board"": ""MAIN_SZ"", ""can_buy_at_open"": ""TRUE"", ""can_sell_at_close"": ""TRUE"", ""can_sell_at_open"": ""TRUE"", ""can_sell_intraday"": ""TRUE"", ""close"": 4.09, ""close_at_limit_down"": ""FALSE"", ""close_at_limit_up"": ""FALSE"", ""closing_auction_fill_status"": ""UNKNOWN"", ""code"": ""000060.SZ"", ""date"": ""2007-02-16 00:00:00"", ""hfq_close"": 235.85, ""hfq_fit_error"": 0.002222222222229675, ""hfq_high"": 238.66, ""hfq_low"": 230.24, ""hfq_open"": 230.24, ""high"": 4.15, ""historical_st_branch_status"": ""PASS_BRANCH_INVARIANT"", ""historical_st_status"": ""UNKNOWN"", ""is_suspended"": false, ""limit_down_price"": NaN, ""limit_rule_reason"": ""point-in-time ST status unavailable; execution state resolved only where both ST rule candidates agree"", ""limit_rule_status"": ""UNKNOWN_MISSING_HISTORICAL_ST"", ""limit_up_price"": NaN, ""listing_date"": ""2006-01-24 00:00:00"", ""listing_trading_day"": 2370.0, ""low"": 3.96, ""one_price_limit_down"": ""FALSE"", ""one_price_limit_up"": ""FALSE"", ""open"": 3.96, ""open_at_limit_down"": ""FALSE"", ""open_at_limit_up"": ""FALSE"", ""opening_auction_fill_status"": ""UNKNOWN"", ""raw_close"": 24.8, ""raw_high"": 25.09, ""raw_low"": 24.22, ""raw_open"": 24.22, ""raw_pre_close"": 24.0, ""scheduled_close_fill_status"": ""FILLED_AT_CLOSE"", ""volume"": 18072594.0}","{""executable"": true, ""expected_outcome"": ""valid trade requires executable entry""}",,PASS,True,"""raw open, adjustment factor, trade status, and explicit open fillability""",OpenCode (assistant),2026-07-18T13:40:16.915473+00:00,"Reviewed against locked signal, frozen qfq layer, remediation raw/hfq layers, and independent reconstruction."
STOCK_RS_PULLBACK_v1:000060.SZ:2007-02-15:2007-02-16,T1_NO_ENTRY_DAY_EXIT,A-share T+1,CRITICAL,"[""2007-02-16 00:00:00"", ""2007-03-08 00:00:00""]",true,,PASS,True,"""exit must follow entry date""",OpenCode (assistant),2026-07-18T13:40:16.915473+00:00,"Reviewed against locked signal, frozen qfq layer, remediation raw/hfq layers, and independent reconstruction."
STOCK_RS_PULLBACK_v1:000060.SZ:2007-02-15:2007-02-16,EXIT_DATE_REASON_RECONSTRUCTION,Independent exit date and reason,CRITICAL,"[""2007-03-08 00:00:00"", ""max_holding_exit""]","[""2007-03-08 00:00:00"", ""max_holding_exit""]",,PASS,True,"""full post-entry replay with T+1 and sellability""",OpenCode (assistant),2026-07-18T13:40:16.915473+00:00,"Reviewed against locked signal, frozen qfq layer, remediation raw/hfq layers, and independent reconstruction."
STOCK_RS_PULLBACK_v1:000060.SZ:2007-02-15:2007-02-16,HOLDING_DAYS_RECONSTRUCTION,Holding days including deferred fills,CRITICAL,10,10,0.0,PASS,True,"""max_holding_exit""",OpenCode (assistant),2026-07-18T13:40:16.915473+00:00,"Reviewed against locked signal, frozen qfq layer, remediation raw/hfq layers, and independent reconstruction."
STOCK_RS_PULLBACK_v1:000060.SZ:2007-02-15:2007-02-16,EXIT_PRICE_RECONSTRUCTION,Independent adjusted exit price,CRITICAL,4.200104276756147,4.2,0.00010427675614721466,PASS,True,"""full post-entry replay""",OpenCode (assistant),2026-07-18T13:40:16.915473+00:00,"Reviewed against locked signal, frozen qfq layer, remediation raw/hfq layers, and independent reconstruction."
STOCK_RS_PULLBACK_v1:000060.SZ:2007-02-15:2007-02-16,GROSS_RETURN_RECALCULATION,Gross return,CRITICAL,0.06063239312023927,0.06060606060606055,2.6332514178717403e-05,PASS,True,"""round_trip_cost=0.002""",OpenCode (assistant),2026-07-18T13:40:16.915473+00:00,"Reviewed against locked signal, frozen qfq layer, remediation raw/hfq layers, and independent reconstruction."
STOCK_RS_PULLBACK_v1:000060.SZ:2007-02-15:2007-02-16,NET_RETURN_AND_COST_RECALCULATION,Net return and one cost deduction,CRITICAL,0.05863239312023927,0.05860606060606055,2.6332514178717403e-05,PASS,True,"""round_trip_cost=0.002""",OpenCode (assistant),2026-07-18T13:40:16.915473+00:00,"Reviewed against locked signal, frozen qfq layer, remediation raw/hfq layers, and independent reconstruction."
STOCK_RS_PULLBACK_v1:000060.SZ:2007-02-15:2007-02-16,R_MULTIPLE_RECALCULATION,R multiple,CRITICAL,0.5856201872101154,0.5853658536585369,0.0002543335515785561,PASS,True,"""round_trip_cost=0.002""",OpenCode (assistant),2026-07-18T13:40:16.915473+00:00,"Reviewed against locked signal, frozen qfq layer, remediation raw/hfq layers, and independent reconstruction."
STOCK_RS_PULLBACK_v1:000060.SZ:2007-02-15:2007-02-16,PRICE_ADJUSTMENT_CONSISTENCY,Adjustment series consistency,CRITICAL,"[""qfq""]","[""qfq""]",,PASS,True,"""signal/entry/exit adj_type""",OpenCode (assistant),2026-07-18T13:40:16.915473+00:00,"Reviewed against locked signal, frozen qfq layer, remediation raw/hfq layers, and independent reconstruction."
STOCK_RS_PULLBACK_v1:000060.SZ:2007-02-15:2007-02-16,EXECUTION_REALISM,Raw execution-price realism,BLOCKING_DATA,"[""True"", ""True"", ""True"", true]",true,,PASS,True,"""requires consistent raw and adjusted OHLC plus adjustment factors""",OpenCode (assistant),2026-07-18T13:40:16.915473+00:00,"Reviewed against locked signal, frozen qfq layer, remediation raw/hfq layers, and independent reconstruction."
STOCK_RS_PULLBACK_v1:000060.SZ:2007-02-15:2007-02-16,HISTORICAL_ST_STATUS,Historical ST execution branch,BLOCKING_DATA,null,"{""branch_invariant_rows"": 10, ""known_rows"": 0, ""rows"": 11}",,NOT_EVALUABLE_MISSING_HISTORICAL_ST,False,"""ST/non-ST branches compared; non-execution-time differences remain non-blocking after complete trade replay""",OpenCode (assistant),2026-07-18T13:40:16.915473+00:00,Confirmed blocking data limitation; no value imputed.
STOCK_RS_PULLBACK_v1:000060.SZ:2007-02-15:2007-02-16,LIMIT_PRICE_VERIFICATION,Board/date-specific limit price,BLOCKING_DATA,null,"""UNKNOWN_MISSING_HISTORICAL_ST""",,NOT_EVALUABLE_LIMIT_PRICE,False,"""exact limits retained as check limitations; complete fail-closed trade replay determines materiality""",OpenCode (assistant),2026-07-18T13:40:16.915473+00:00,Confirmed blocking data limitation; no value imputed.
STOCK_RS_PULLBACK_v1:000519.SZ:2019-08-30:2019-09-02,UNIVERSE_TRADABLE_AT_SIGNAL,Signal-day universe,CRITICAL,"""000519.SZ""",true,,PASS,True,"""signal_date=2019-08-30 00:00:00""",OpenCode (assistant),2026-07-18T13:40:16.915473+00:00,"Reviewed against locked signal, frozen qfq layer, remediation raw/hfq layers, and independent reconstruction."
STOCK_RS_PULLBACK_v1:000519.SZ:2019-08-30:2019-09-02,DATE_ORDER_VALID,Pullback/trigger/entry order,CRITICAL,"[""2019-08-29 00:00:00"", ""2019-08-30 00:00:00"", ""2019-09-02 00:00:00""]",true,,PASS,True,"""strictly increasing dates""",OpenCode (assistant),2026-07-18T13:40:16.915473+00:00,"Reviewed against locked signal, frozen qfq layer, remediation raw/hfq layers, and independent reconstruction."
STOCK_RS_PULLBACK_v1:000519.SZ:2019-08-30:2019-09-02,NO_LOOKAHEAD_IN_INDICATORS,Prefix-only indicator reconstruction,CRITICAL,"{""high_10d"": 10.13, ""ma20"": 7.958, ""ma60"": 7.708, ""ret20"": 0.31836734693877555, ""vol_ma5"": 113303010.4}","{""high_10d"": 10.13, ""ma20"": 7.958, ""ma60"": 7.708, ""ret20"": 0.31836734693877555, ""vol_ma5"": 113303010.4}",,PASS,True,"""prefix-only rolling recomputation""",OpenCode (assistant),2026-07-18T13:40:16.915473+00:00,"Reviewed against locked signal, frozen qfq layer, remediation raw/hfq layers, and independent reconstruction."
STOCK_RS_PULLBACK_v1:000519.SZ:2019-08-30:2019-09-02,ENTRY_IS_NEXT_TRADING_DAY_OPEN,Next trading-day raw open entry,CRITICAL,"[""2019-09-02"", 9.86]","[""2019-09-02 00:00:00"", 9.86]",,PASS,True,"""first stock bar after trigger; raw open required""",OpenCode (assistant),2026-07-18T13:40:16.915473+00:00,"Reviewed against locked signal, frozen qfq layer, remediation raw/hfq layers, and independent reconstruction."
STOCK_RS_PULLBACK_v1:000519.SZ:2019-08-30:2019-09-02,ENTRY_DAY_EXECUTABLE,Entry-day execution status,CRITICAL,"{""adj_close"": 10.07, ""adj_factor"": 0.9999999999999997, ""adj_high"": 10.55, ""adj_low"": 9.56, ""adj_offset"": -0.22999999999999687, ""adj_open"": 9.63, ""adj_type"": ""qfq"", ""adjustment_fit_error"": 1.7763568394002505e-15, ""adjustment_status"": ""KNOWN_AFFINE_TDX_QFQ_HFQ_VALIDATED"", ""board"": ""MAIN_SZ"", ""can_buy_at_open"": ""TRUE"", ""can_sell_at_close"": ""TRUE"", ""can_sell_at_open"": ""TRUE"", ""can_sell_intraday"": ""TRUE"", ""close"": 10.07, ""close_at_limit_down"": ""FALSE"", ""close_at_limit_up"": ""FALSE"", ""closing_auction_fill_status"": ""UNKNOWN"", ""code"": ""000519.SZ"", ""date"": ""2019-09-02 00:00:00"", ""hfq_close"": 97.63, ""hfq_fit_error"": 0.001538461538459046, ""hfq_high"": 102.45, ""hfq_low"": 92.51, ""hfq_open"": 93.21, ""high"": 10.55, ""historical_st_branch_status"": ""PASS_BRANCH_INVARIANT"", ""historical_st_status"": ""UNKNOWN"", ""is_suspended"": false, ""limit_down_price"": NaN, ""limit_rule_reason"": ""point-in-time ST status unavailable; execution state resolved only where both ST rule candidates agree"", ""limit_rule_status"": ""UNKNOWN_MISSING_HISTORICAL_ST"", ""limit_up_price"": NaN, ""listing_date"": ""1993-10-08 00:00:00"", ""listing_trading_day"": 6008.0, ""low"": 9.56, ""one_price_limit_down"": ""FALSE"", ""one_price_limit_up"": ""FALSE"", ""open"": 9.63, ""open_at_limit_down"": ""FALSE"", ""open_at_limit_up"": ""FALSE"", ""opening_auction_fill_status"": ""UNKNOWN"", ""raw_close"": 10.3, ""raw_high"": 10.78, ""raw_low"": 9.79, ""raw_open"": 9.86, ""raw_pre_close"": 9.92, ""scheduled_close_fill_status"": ""FILLED_AT_CLOSE"", ""volume"": 131301807.0}","{""executable"": true, ""expected_outcome"": ""valid trade requires executable entry""}",,PASS,True,"""raw open, adjustment factor, trade status, and explicit open fillability""",OpenCode (assistant),2026-07-18T13:40:16.915473+00:00,"Reviewed against locked signal, frozen qfq layer, remediation raw/hfq layers, and independent reconstruction."
STOCK_RS_PULLBACK_v1:000519.SZ:2019-08-30:2019-09-02,T1_NO_ENTRY_DAY_EXIT,A-share T+1,CRITICAL,"[""2019-09-02 00:00:00"", ""2019-09-16 00:00:00""]",true,,PASS,True,"""exit must follow entry date""",OpenCode (assistant),2026-07-18T13:40:16.915473+00:00,"Reviewed against locked signal, frozen qfq layer, remediation raw/hfq layers, and independent reconstruction."
STOCK_RS_PULLBACK_v1:000519.SZ:2019-08-30:2019-09-02,EXIT_DATE_REASON_RECONSTRUCTION,Independent exit date and reason,CRITICAL,"[""2019-09-16 00:00:00"", ""max_holding_exit""]","[""2019-09-16 00:00:00"", ""max_holding_exit""]",,PASS,True,"""full post-entry replay with T+1 and sellability""",OpenCode (assistant),2026-07-18T13:40:16.915473+00:00,"Reviewed against locked signal, frozen qfq layer, remediation raw/hfq layers, and independent reconstruction."
STOCK_RS_PULLBACK_v1:000519.SZ:2019-08-30:2019-09-02,HOLDING_DAYS_RECONSTRUCTION,Holding days including deferred fills,CRITICAL,10,10,0.0,PASS,True,"""max_holding_exit""",OpenCode (assistant),2026-07-18T13:40:16.915473+00:00,"Reviewed against locked signal, frozen qfq layer, remediation raw/hfq layers, and independent reconstruction."
STOCK_RS_PULLBACK_v1:000519.SZ:2019-08-30:2019-09-02,EXIT_PRICE_RECONSTRUCTION,Independent adjusted exit price,CRITICAL,9.67,9.67,0.0,PASS,True,"""full post-entry replay""",OpenCode (assistant),2026-07-18T13:40:16.915473+00:00,"Reviewed against locked signal, frozen qfq layer, remediation raw/hfq layers, and independent reconstruction."
STOCK_RS_PULLBACK_v1:000519.SZ:2019-08-30:2019-09-02,GROSS_RETURN_RECALCULATION,Gross return,CRITICAL,0.004153686396676903,0.004153686396676903,0.0,PASS,True,"""round_trip_cost=0.002""",OpenCode (assistant),2026-07-18T13:40:16.915473+00:00,"Reviewed against locked signal, frozen qfq layer, remediation raw/hfq layers, and independent reconstruction."
STOCK_RS_PULLBACK_v1:000519.SZ:2019-08-30:2019-09-02,NET_RETURN_AND_COST_RECALCULATION,Net return and one cost deduction,CRITICAL,0.0021536863966769033,0.0021536863966769033,0.0,PASS,True,"""round_trip_cost=0.002""",OpenCode (assistant),2026-07-18T13:40:16.915473+00:00,"Reviewed against locked signal, frozen qfq layer, remediation raw/hfq layers, and independent reconstruction."
STOCK_RS_PULLBACK_v1:000519.SZ:2019-08-30:2019-09-02,R_MULTIPLE_RECALCULATION,R multiple,CRITICAL,0.06896551724137784,0.06896551724137784,0.0,PASS,True,"""round_trip_cost=0.002""",OpenCode (assistant),2026-07-18T13:40:16.915473+00:00,"Reviewed against locked signal, frozen qfq layer, remediation raw/hfq layers, and independent reconstruction."
STOCK_RS_PULLBACK_v1:000519.SZ:2019-08-30:2019-09-02,PRICE_ADJUSTMENT_CONSISTENCY,Adjustment series consistency,CRITICAL,"[""qfq""]","[""qfq""]",,PASS,True,"""signal/entry/exit adj_type""",OpenCode (assistant),2026-07-18T13:40:16.915473+00:00,"Reviewed against locked signal, frozen qfq layer, remediation raw/hfq layers, and independent reconstruction."
STOCK_RS_PULLBACK_v1:000519.SZ:2019-08-30:2019-09-02,EXECUTION_REALISM,Raw execution-price realism,BLOCKING_DATA,"[""True"", ""True"", ""True"", true]",true,,PASS,True,"""requires consistent raw and adjusted OHLC plus adjustment factors""",OpenCode (assistant),2026-07-18T13:40:16.915473+00:00,"Reviewed against locked signal, frozen qfq layer, remediation raw/hfq layers, and independent reconstruction."
STOCK_RS_PULLBACK_v1:000519.SZ:2019-08-30:2019-09-02,HISTORICAL_ST_STATUS,Historical ST execution branch,BLOCKING_DATA,null,"{""branch_invariant_rows"": 11, ""known_rows"": 0, ""rows"": 11}",,PASS_BRANCH_INVARIANT,False,"""ST/non-ST branches compared; non-execution-time differences remain non-blocking after complete trade replay""",OpenCode (assistant),2026-07-18T13:40:16.915473+00:00,"Reviewed against locked signal, frozen qfq layer, remediation raw/hfq layers, and independent reconstruction."
STOCK_RS_PULLBACK_v1:000519.SZ:2019-08-30:2019-09-02,LIMIT_PRICE_VERIFICATION,Board/date-specific limit price,BLOCKING_DATA,null,"{""branch_invariant_rows"": 11, ""known_rows"": 0}",,NOT_EVALUABLE_LIMIT_PRICE_BRANCH_INVARIANT,False,"""exact limits retained as check limitations; complete fail-closed trade replay determines materiality""",OpenCode (assistant),2026-07-18T13:40:16.915473+00:00,Confirmed blocking data limitation; no value imputed.
STOCK_RS_PULLBACK_v1:000528.SZ:2024-06-12:2024-06-13,UNIVERSE_TRADABLE_AT_SIGNAL,Signal-day universe,CRITICAL,"""000528.SZ""",true,,PASS,True,"""signal_date=2024-06-12 00:00:00""",OpenCode (assistant),2026-07-18T13:40:16.915473+00:00,"Reviewed against locked signal, frozen qfq layer, remediation raw/hfq layers, and independent reconstruction."
STOCK_RS_PULLBACK_v1:000528.SZ:2024-06-12:2024-06-13,DATE_ORDER_VALID,Pullback/trigger/entry order,CRITICAL,"[""2024-06-11 00:00:00"", ""2024-06-12 00:00:00"", ""2024-06-13 00:00:00""]",true,,PASS,True,"""strictly increasing dates""",OpenCode (assistant),2026-07-18T13:40:16.915473+00:00,"Reviewed against locked signal, frozen qfq layer, remediation raw/hfq layers, and independent reconstruction."
STOCK_RS_PULLBACK_v1:000528.SZ:2024-06-12:2024-06-13,NO_LOOKAHEAD_IN_INDICATORS,Prefix-only indicator reconstruction,CRITICAL,"{""high_10d"": 11.05, ""ma20"": 9.914, ""ma60"": 9.208499999999999, ""ret20"": 0.06048780487804861, ""vol_ma5"": 58210058.0}","{""high_10d"": 11.05, ""ma20"": 9.914, ""ma60"": 9.208500000000003, ""ret20"": 0.06048780487804861, ""vol_ma5"": 58210058.0}",,PASS,True,"""prefix-only rolling recomputation""",OpenCode (assistant),2026-07-18T13:40:16.915473+00:00,"Reviewed against locked signal, frozen qfq layer, remediation raw/hfq layers, and independent reconstruction."
STOCK_RS_PULLBACK_v1:000528.SZ:2024-06-12:2024-06-13,ENTRY_IS_NEXT_TRADING_DAY_OPEN,Next trading-day raw open entry,CRITICAL,"[""2024-06-13"", 11.44]","[""2024-06-13 00:00:00"", 11.44]",,PASS,True,"""first stock bar after trigger; raw open required""",OpenCode (assistant),2026-07-18T13:40:16.915473+00:00,"Reviewed against locked signal, frozen qfq layer, remediation raw/hfq layers, and independent reconstruction."
STOCK_RS_PULLBACK_v1:000528.SZ:2024-06-12:2024-06-13,ENTRY_DAY_EXECUTABLE,Entry-day execution status,CRITICAL,"{""adj_close"": 10.6, ""adj_factor"": 1.000000000000001, ""adj_high"": 10.89, ""adj_low"": 10.47, ""adj_offset"": -0.8000000000000114, ""adj_open"": 10.64, ""adj_type"": ""qfq"", ""adjustment_fit_error"": 1.7763568394002505e-15, ""adjustment_status"": ""KNOWN_AFFINE_TDX_QFQ_HFQ_VALIDATED"", ""board"": ""MAIN_SZ"", ""can_buy_at_open"": ""TRUE"", ""can_sell_at_close"": ""TRUE"", ""can_sell_at_open"": ""TRUE"", ""can_sell_intraday"": ""TRUE"", ""close"": 10.6, ""close_at_limit_down"": ""FALSE"", ""close_at_limit_up"": ""FALSE"", ""closing_auction_fill_status"": ""UNKNOWN"", ""code"": ""000528.SZ"", ""date"": ""2024-06-13 00:00:00"", ""hfq_close"": 151.87, ""hfq_fit_error"": 0.0035745140388598884, ""hfq_high"": 155.1, ""hfq_low"": 150.42, ""hfq_open"": 152.31, ""high"": 10.89, ""historical_st_branch_status"": ""PASS_BRANCH_INVARIANT"", ""historical_st_status"": ""UNKNOWN"", ""is_suspended"": false, ""limit_down_price"": NaN, ""limit_rule_reason"": ""point-in-time ST status unavailable; execution state resolved only where both ST rule candidates agree"", ""limit_rule_status"": ""UNKNOWN_MISSING_HISTORICAL_ST"", ""limit_up_price"": NaN, ""listing_date"": ""2006-07-06 00:00:00"", ""listing_trading_day"": 7335.0, ""low"": 10.47, ""one_price_limit_down"": ""FALSE"", ""one_price_limit_up"": ""FALSE"", ""open"": 10.64, ""open_at_limit_down"": ""FALSE"", ""open_at_limit_up"": ""FALSE"", ""opening_auction_fill_status"": ""UNKNOWN"", ""raw_close"": 11.4, ""raw_high"": 11.69, ""raw_low"": 11.27, ""raw_open"": 11.44, ""raw_pre_close"": 11.67, ""scheduled_close_fill_status"": ""FILLED_AT_CLOSE"", ""volume"": 36432434.0}","{""executable"": true, ""expected_outcome"": ""valid trade requires executable entry""}",,PASS,True,"""raw open, adjustment factor, trade status, and explicit open fillability""",OpenCode (assistant),2026-07-18T13:40:16.915473+00:00,"Reviewed against locked signal, frozen qfq layer, remediation raw/hfq layers, and independent reconstruction."
STOCK_RS_PULLBACK_v1:000528.SZ:2024-06-12:2024-06-13,T1_NO_ENTRY_DAY_EXIT,A-share T+1,CRITICAL,"[""2024-06-13 00:00:00"", ""2024-06-18 00:00:00""]",true,,PASS,True,"""exit must follow entry date""",OpenCode (assistant),2026-07-18T13:40:16.915473+00:00,"Reviewed against locked signal, frozen qfq layer, remediation raw/hfq layers, and independent reconstruction."
STOCK_RS_PULLBACK_v1:000528.SZ:2024-06-12:2024-06-13,EXIT_DATE_REASON_RECONSTRUCTION,Independent exit date and reason,CRITICAL,"[""2024-06-18 00:00:00"", ""stop_loss""]","[""2024-06-18 00:00:00"", ""stop_loss""]",,PASS,True,"""full post-entry replay with T+1 and sellability""",OpenCode (assistant),2026-07-18T13:40:16.915473+00:00,"Reviewed against locked signal, frozen qfq layer, remediation raw/hfq layers, and independent reconstruction."
STOCK_RS_PULLBACK_v1:000528.SZ:2024-06-12:2024-06-13,HOLDING_DAYS_RECONSTRUCTION,Holding days including deferred fills,CRITICAL,4,4,0.0,PASS,True,"""stop_loss""",OpenCode (assistant),2026-07-18T13:40:16.915473+00:00,"Reviewed against locked signal, frozen qfq layer, remediation raw/hfq layers, and independent reconstruction."
STOCK_RS_PULLBACK_v1:000528.SZ:2024-06-12:2024-06-13,EXIT_PRICE_RECONSTRUCTION,Independent adjusted exit price,CRITICAL,10.13,10.13,0.0,PASS,True,"""full post-entry replay""",OpenCode (assistant),2026-07-18T13:40:16.915473+00:00,"Reviewed against locked signal, frozen qfq layer, remediation raw/hfq layers, and independent reconstruction."
STOCK_RS_PULLBACK_v1:000528.SZ:2024-06-12:2024-06-13,GROSS_RETURN_RECALCULATION,Gross return,CRITICAL,-0.047932330827067604,-0.047932330827067604,0.0,PASS,True,"""round_trip_cost=0.002""",OpenCode (assistant),2026-07-18T13:40:16.915473+00:00,"Reviewed against locked signal, frozen qfq layer, remediation raw/hfq layers, and independent reconstruction."
STOCK_RS_PULLBACK_v1:000528.SZ:2024-06-12:2024-06-13,NET_RETURN_AND_COST_RECALCULATION,Net return and one cost deduction,CRITICAL,-0.049932330827067606,-0.049932330827067606,0.0,PASS,True,"""round_trip_cost=0.002""",OpenCode (assistant),2026-07-18T13:40:16.915473+00:00,"Reviewed against locked signal, frozen qfq layer, remediation raw/hfq layers, and independent reconstruction."
STOCK_RS_PULLBACK_v1:000528.SZ:2024-06-12:2024-06-13,R_MULTIPLE_RECALCULATION,R multiple,CRITICAL,-1.0,-1.0,0.0,PASS,True,"""round_trip_cost=0.002""",OpenCode (assistant),2026-07-18T13:40:16.915473+00:00,"Reviewed against locked signal, frozen qfq layer, remediation raw/hfq layers, and independent reconstruction."
STOCK_RS_PULLBACK_v1:000528.SZ:2024-06-12:2024-06-13,PRICE_ADJUSTMENT_CONSISTENCY,Adjustment series consistency,CRITICAL,"[""qfq""]","[""qfq""]",,PASS,True,"""signal/entry/exit adj_type""",OpenCode (assistant),2026-07-18T13:40:16.915473+00:00,"Reviewed against locked signal, frozen qfq layer, remediation raw/hfq layers, and independent reconstruction."
STOCK_RS_PULLBACK_v1:000528.SZ:2024-06-12:2024-06-13,EXECUTION_REALISM,Raw execution-price realism,BLOCKING_DATA,"[""True"", ""True"", ""True"", true]",true,,PASS,True,"""requires consistent raw and adjusted OHLC plus adjustment factors""",OpenCode (assistant),2026-07-18T13:40:16.915473+00:00,"Reviewed against locked signal, frozen qfq layer, remediation raw/hfq layers, and independent reconstruction."
STOCK_RS_PULLBACK_v1:000528.SZ:2024-06-12:2024-06-13,HISTORICAL_ST_STATUS,Historical ST execution branch,BLOCKING_DATA,null,"{""branch_invariant_rows"": 5, ""known_rows"": 0, ""rows"": 5}",,PASS_BRANCH_INVARIANT,False,"""ST/non-ST branches compared; non-execution-time differences remain non-blocking after complete trade replay""",OpenCode (assistant),2026-07-18T13:40:16.915473+00:00,"Reviewed against locked signal, frozen qfq layer, remediation raw/hfq layers, and independent reconstruction."
STOCK_RS_PULLBACK_v1:000528.SZ:2024-06-12:2024-06-13,LIMIT_PRICE_VERIFICATION,Board/date-specific limit price,BLOCKING_DATA,null,"{""branch_invariant_rows"": 5, ""known_rows"": 0}",,NOT_EVALUABLE_LIMIT_PRICE_BRANCH_INVARIANT,False,"""exact limits retained as check limitations; complete fail-closed trade replay determines materiality""",OpenCode (assistant),2026-07-18T13:40:16.915473+00:00,Confirmed blocking data limitation; no value imputed.
STOCK_RS_PULLBACK_v1:000723.SZ:2020-01-14:2020-01-15,UNIVERSE_TRADABLE_AT_SIGNAL,Signal-day universe,CRITICAL,"""000723.SZ""",true,,PASS,True,"""signal_date=2020-01-14 00:00:00""",OpenCode (assistant),2026-07-18T13:40:16.915473+00:00,"Reviewed against locked signal, frozen qfq layer, remediation raw/hfq layers, and independent reconstruction."
STOCK_RS_PULLBACK_v1:000723.SZ:2020-01-14:2020-01-15,DATE_ORDER_VALID,Pullback/trigger/entry order,CRITICAL,"[""2020-01-13 00:00:00"", ""2020-01-14 00:00:00"", ""2020-01-15 00:00:00""]",true,,PASS,True,"""strictly increasing dates""",OpenCode (assistant),2026-07-18T13:40:16.915473+00:00,"Reviewed against locked signal, frozen qfq layer, remediation raw/hfq layers, and independent reconstruction."
STOCK_RS_PULLBACK_v1:000723.SZ:2020-01-14:2020-01-15,NO_LOOKAHEAD_IN_INDICATORS,Prefix-only indicator reconstruction,CRITICAL,"{""high_10d"": 9.66, ""ma20"": 9.101500000000001, ""ma60"": 8.399666666666667, ""ret20"": 0.11338962605548875, ""vol_ma5"": 65177631.2}","{""high_10d"": 9.66, ""ma20"": 9.101499999999998, ""ma60"": 8.399666666666667, ""ret20"": 0.11338962605548875, ""vol_ma5"": 65177631.2}",,PASS,True,"""prefix-only rolling recomputation""",OpenCode (assistant),2026-07-18T13:40:16.915473+00:00,"Reviewed against locked signal, frozen qfq layer, remediation raw/hfq layers, and independent reconstruction."
STOCK_RS_PULLBACK_v1:000723.SZ:2020-01-14:2020-01-15,ENTRY_IS_NEXT_TRADING_DAY_OPEN,Next trading-day raw open entry,CRITICAL,"[""2020-01-15"", 9.39]","[""2020-01-15 00:00:00"", 9.39]",,PASS,True,"""first stock bar after trigger; raw open required""",OpenCode (assistant),2026-07-18T13:40:16.915473+00:00,"Reviewed against locked signal, frozen qfq layer, remediation raw/hfq layers, and independent reconstruction."
STOCK_RS_PULLBACK_v1:000723.SZ:2020-01-14:2020-01-15,ENTRY_DAY_EXECUTABLE,Entry-day execution status,CRITICAL,"{""adj_close"": 8.94, ""adj_factor"": 0.9999999999999962, ""adj_high"": 9.19, ""adj_low"": 8.89, ""adj_offset"": -0.19999999999996554, ""adj_open"": 9.19, ""adj_type"": ""qfq"", ""adjustment_fit_error"": 1.7763568394002505e-15, ""adjustment_status"": ""KNOWN_AFFINE_TDX_QFQ_HFQ_VALIDATED"", ""board"": ""MAIN_SZ"", ""can_buy_at_open"": ""TRUE"", ""can_sell_at_close"": ""TRUE"", ""can_sell_at_open"": ""TRUE"", ""can_sell_intraday"": ""TRUE"", ""close"": 8.94, ""close_at_limit_down"": ""FALSE"", ""close_at_limit_up"": ""FALSE"", ""closing_auction_fill_status"": ""UNKNOWN"", ""code"": ""000723.SZ"", ""date"": ""2020-01-15 00:00:00"", ""hfq_close"": 64.73, ""hfq_fit_error"": 1.4210854715202004e-14, ""hfq_high"": 66.48, ""hfq_low"": 64.38, ""hfq_open"": 66.48, ""high"": 9.19, ""historical_st_branch_status"": ""PASS_BRANCH_INVARIANT"", ""historical_st_status"": ""UNKNOWN"", ""is_suspended"": false, ""limit_down_price"": NaN, ""limit_rule_reason"": ""point-in-time ST status unavailable; execution state resolved only where both ST rule candidates agree"", ""limit_rule_status"": ""UNKNOWN_MISSING_HISTORICAL_ST"", ""limit_up_price"": NaN, ""listing_date"": ""1997-05-15 00:00:00"", ""listing_trading_day"": 4926.0, ""low"": 8.89, ""one_price_limit_down"": ""FALSE"", ""one_price_limit_up"": ""FALSE"", ""open"": 9.19, ""open_at_limit_down"": ""FALSE"", ""open_at_limit_up"": ""FALSE"", ""opening_auction_fill_status"": ""UNKNOWN"", ""raw_close"": 9.14, ""raw_high"": 9.39, ""raw_low"": 9.09, ""raw_open"": 9.39, ""raw_pre_close"": 9.43, ""scheduled_close_fill_status"": ""FILLED_AT_CLOSE"", ""volume"": 64311570.0}","{""executable"": true, ""expected_outcome"": ""valid trade requires executable entry""}",,PASS,True,"""raw open, adjustment factor, trade status, and explicit open fillability""",OpenCode (assistant),2026-07-18T13:40:16.915473+00:00,"Reviewed against locked signal, frozen qfq layer, remediation raw/hfq layers, and independent reconstruction."
STOCK_RS_PULLBACK_v1:000723.SZ:2020-01-14:2020-01-15,T1_NO_ENTRY_DAY_EXIT,A-share T+1,CRITICAL,"[""2020-01-15 00:00:00"", ""2020-01-16 00:00:00""]",true,,PASS,True,"""exit must follow entry date""",OpenCode (assistant),2026-07-18T13:40:16.915473+00:00,"Reviewed against locked signal, frozen qfq layer, remediation raw/hfq layers, and independent reconstruction."
STOCK_RS_PULLBACK_v1:000723.SZ:2020-01-14:2020-01-15,EXIT_DATE_REASON_RECONSTRUCTION,Independent exit date and reason,CRITICAL,"[""2020-01-16 00:00:00"", ""stop_loss""]","[""2020-01-16 00:00:00"", ""stop_loss""]",,PASS,True,"""full post-entry replay with T+1 and sellability""",OpenCode (assistant),2026-07-18T13:40:16.915473+00:00,"Reviewed against locked signal, frozen qfq layer, remediation raw/hfq layers, and independent reconstruction."
STOCK_RS_PULLBACK_v1:000723.SZ:2020-01-14:2020-01-15,HOLDING_DAYS_RECONSTRUCTION,Holding days including deferred fills,CRITICAL,2,2,0.0,PASS,True,"""stop_loss""",OpenCode (assistant),2026-07-18T13:40:16.915473+00:00,"Reviewed against locked signal, frozen qfq layer, remediation raw/hfq layers, and independent reconstruction."
STOCK_RS_PULLBACK_v1:000723.SZ:2020-01-14:2020-01-15,EXIT_PRICE_RECONSTRUCTION,Independent adjusted exit price,CRITICAL,8.949999999999998,8.95,-1.7763568394002505e-15,PASS,True,"""full post-entry replay""",OpenCode (assistant),2026-07-18T13:40:16.915473+00:00,"Reviewed against locked signal, frozen qfq layer, remediation raw/hfq layers, and independent reconstruction."
STOCK_RS_PULLBACK_v1:000723.SZ:2020-01-14:2020-01-15,GROSS_RETURN_RECALCULATION,Gross return,CRITICAL,-0.02611534276387395,-0.02611534276387384,-1.1102230246251565e-16,PASS,True,"""round_trip_cost=0.002""",OpenCode (assistant),2026-07-18T13:40:16.915473+00:00,"Reviewed against locked signal, frozen qfq layer, remediation raw/hfq layers, and independent reconstruction."
STOCK_RS_PULLBACK_v1:000723.SZ:2020-01-14:2020-01-15,NET_RETURN_AND_COST_RECALCULATION,Net return and one cost deduction,CRITICAL,-0.02811534276387395,-0.02811534276387384,-1.1102230246251565e-16,PASS,True,"""round_trip_cost=0.002""",OpenCode (assistant),2026-07-18T13:40:16.915473+00:00,"Reviewed against locked signal, frozen qfq layer, remediation raw/hfq layers, and independent reconstruction."
STOCK_RS_PULLBACK_v1:000723.SZ:2020-01-14:2020-01-15,R_MULTIPLE_RECALCULATION,R multiple,CRITICAL,-1.2631578947368558,-1.2631578947368465,-9.325873406851315e-15,PASS,True,"""round_trip_cost=0.002""",OpenCode (assistant),2026-07-18T13:40:16.915473+00:00,"Reviewed against locked signal, frozen qfq layer, remediation raw/hfq layers, and independent reconstruction."
STOCK_RS_PULLBACK_v1:000723.SZ:2020-01-14:2020-01-15,PRICE_ADJUSTMENT_CONSISTENCY,Adjustment series consistency,CRITICAL,"[""qfq""]","[""qfq""]",,PASS,True,"""signal/entry/exit adj_type""",OpenCode (assistant),2026-07-18T13:40:16.915473+00:00,"Reviewed against locked signal, frozen qfq layer, remediation raw/hfq layers, and independent reconstruction."
STOCK_RS_PULLBACK_v1:000723.SZ:2020-01-14:2020-01-15,EXECUTION_REALISM,Raw execution-price realism,BLOCKING_DATA,"[""True"", ""True"", ""True"", true]",true,,PASS,True,"""requires consistent raw and adjusted OHLC plus adjustment factors""",OpenCode (assistant),2026-07-18T13:40:16.915473+00:00,"Reviewed against locked signal, frozen qfq layer, remediation raw/hfq layers, and independent reconstruction."
STOCK_RS_PULLBACK_v1:000723.SZ:2020-01-14:2020-01-15,HISTORICAL_ST_STATUS,Historical ST execution branch,BLOCKING_DATA,null,"{""branch_invariant_rows"": 3, ""known_rows"": 0, ""rows"": 3}",,PASS_BRANCH_INVARIANT,False,"""ST/non-ST branches compared; non-execution-time differences remain non-blocking after complete trade replay""",OpenCode (assistant),2026-07-18T13:40:16.915473+00:00,"Reviewed against locked signal, frozen qfq layer, remediation raw/hfq layers, and independent reconstruction."
STOCK_RS_PULLBACK_v1:000723.SZ:2020-01-14:2020-01-15,LIMIT_PRICE_VERIFICATION,Board/date-specific limit price,BLOCKING_DATA,null,"{""branch_invariant_rows"": 3, ""known_rows"": 0}",,NOT_EVALUABLE_LIMIT_PRICE_BRANCH_INVARIANT,False,"""exact limits retained as check limitations; complete fail-closed trade replay determines materiality""",OpenCode (assistant),2026-07-18T13:40:16.915473+00:00,Confirmed blocking data limitation; no value imputed.
STOCK_RS_PULLBACK_v1:000960.SZ:2007-08-22:2007-08-23,UNIVERSE_TRADABLE_AT_SIGNAL,Signal-day universe,CRITICAL,"""000960.SZ""",true,,PASS,True,"""signal_date=2007-08-22 00:00:00""",OpenCode (assistant),2026-07-18T13:40:16.915473+00:00,"Reviewed against locked signal, frozen qfq layer, remediation raw/hfq layers, and independent reconstruction."
STOCK_RS_PULLBACK_v1:000960.SZ:2007-08-22:2007-08-23,DATE_ORDER_VALID,Pullback/trigger/entry order,CRITICAL,"[""2007-08-20 00:00:00"", ""2007-08-22 00:00:00"", ""2007-08-23 00:00:00""]",true,,PASS,True,"""strictly increasing dates""",OpenCode (assistant),2026-07-18T13:40:16.915473+00:00,"Reviewed against locked signal, frozen qfq layer, remediation raw/hfq layers, and independent reconstruction."
STOCK_RS_PULLBACK_v1:000960.SZ:2007-08-22:2007-08-23,NO_LOOKAHEAD_IN_INDICATORS,Prefix-only indicator reconstruction,CRITICAL,"{""high_10d"": 35.16, ""ma20"": 28.772999999999996, ""ma60"": 23.84333333333333, ""ret20"": 0.47867298578199047, ""vol_ma5"": 9174815.0}","{""high_10d"": 35.16, ""ma20"": 28.773000000000003, ""ma60"": 23.84333333333333, ""ret20"": 0.47867298578199047, ""vol_ma5"": 9174815.0}",,PASS,True,"""prefix-only rolling recomputation""",OpenCode (assistant),2026-07-18T13:40:16.915473+00:00,"Reviewed against locked signal, frozen qfq layer, remediation raw/hfq layers, and independent reconstruction."
STOCK_RS_PULLBACK_v1:000960.SZ:2007-08-22:2007-08-23,ENTRY_IS_NEXT_TRADING_DAY_OPEN,Next trading-day raw open entry,CRITICAL,"[""2007-08-23"", 56.13]","[""2007-08-23 00:00:00"", 56.13]",,PASS,True,"""first stock bar after trigger; raw open required""",OpenCode (assistant),2026-07-18T13:40:16.915473+00:00,"Reviewed against locked signal, frozen qfq layer, remediation raw/hfq layers, and independent reconstruction."
STOCK_RS_PULLBACK_v1:000960.SZ:2007-08-22:2007-08-23,ENTRY_DAY_EXECUTABLE,Entry-day execution status,CRITICAL,"{""adj_close"": 34.82, ""adj_factor"": 0.6114907275220254, ""adj_high"": 37.42, ""adj_low"": 34.32, ""adj_offset"": -0.003394632087470484, ""adj_open"": 34.32, ""adj_type"": ""qfq"", ""adjustment_fit_error"": 0.0010023002918728707, ""adjustment_status"": ""KNOWN_AFFINE_TDX_QFQ_HFQ_VALIDATED"", ""board"": ""MAIN_SZ"", ""can_buy_at_open"": ""TRUE"", ""can_sell_at_close"": ""TRUE"", ""can_sell_at_open"": ""TRUE"", ""can_sell_intraday"": ""TRUE"", ""close"": 34.82, ""close_at_limit_down"": ""FALSE"", ""close_at_limit_up"": ""FALSE"", ""closing_auction_fill_status"": ""UNKNOWN"", ""code"": ""000960.SZ"", ""date"": ""2007-08-23 00:00:00"", ""hfq_close"": 112.68, ""hfq_fit_error"": 0.00031500866317912823, ""hfq_high"": 120.97, ""hfq_low"": 111.08, ""hfq_open"": 111.08, ""high"": 37.42, ""historical_st_branch_status"": ""PASS_BRANCH_INVARIANT"", ""historical_st_status"": ""UNKNOWN"", ""is_suspended"": false, ""limit_down_price"": NaN, ""limit_rule_reason"": ""point-in-time ST status unavailable; execution state resolved only where both ST rule candidates agree"", ""limit_rule_status"": ""UNKNOWN_MISSING_HISTORICAL_ST"", ""limit_up_price"": NaN, ""listing_date"": ""2000-02-21 00:00:00"", ""listing_trading_day"": 1771.0, ""low"": 34.32, ""one_price_limit_down"": ""FALSE"", ""one_price_limit_up"": ""FALSE"", ""open"": 34.32, ""open_at_limit_down"": ""FALSE"", ""open_at_limit_up"": ""FALSE"", ""opening_auction_fill_status"": ""UNKNOWN"", ""raw_close"": 56.95, ""raw_high"": 61.2, ""raw_low"": 56.13, ""raw_open"": 56.13, ""raw_pre_close"": 56.13, ""scheduled_close_fill_status"": ""FILLED_AT_CLOSE"", ""volume"": 6272971.0}","{""executable"": true, ""expected_outcome"": ""valid trade requires executable entry""}",,PASS,True,"""raw open, adjustment factor, trade status, and explicit open fillability""",OpenCode (assistant),2026-07-18T13:40:16.915473+00:00,"Reviewed against locked signal, frozen qfq layer, remediation raw/hfq layers, and independent reconstruction."
STOCK_RS_PULLBACK_v1:000960.SZ:2007-08-22:2007-08-23,T1_NO_ENTRY_DAY_EXIT,A-share T+1,CRITICAL,"[""2007-08-23 00:00:00"", ""2007-08-29 00:00:00""]",true,,PASS,True,"""exit must follow entry date""",OpenCode (assistant),2026-07-18T13:40:16.915473+00:00,"Reviewed against locked signal, frozen qfq layer, remediation raw/hfq layers, and independent reconstruction."
STOCK_RS_PULLBACK_v1:000960.SZ:2007-08-22:2007-08-23,EXIT_DATE_REASON_RECONSTRUCTION,Independent exit date and reason,CRITICAL,"[""2007-08-29 00:00:00"", ""time_stop_no_upside_progress""]","[""2007-08-29 00:00:00"", ""time_stop_no_upside_progress""]",,PASS,True,"""full post-entry replay with T+1 and sellability""",OpenCode (assistant),2026-07-18T13:40:16.915473+00:00,"Reviewed against locked signal, frozen qfq layer, remediation raw/hfq layers, and independent reconstruction."
STOCK_RS_PULLBACK_v1:000960.SZ:2007-08-22:2007-08-23,HOLDING_DAYS_RECONSTRUCTION,Holding days including deferred fills,CRITICAL,5,5,0.0,PASS,True,"""time_stop_no_upside_progress""",OpenCode (assistant),2026-07-18T13:40:16.915473+00:00,"Reviewed against locked signal, frozen qfq layer, remediation raw/hfq layers, and independent reconstruction."
STOCK_RS_PULLBACK_v1:000960.SZ:2007-08-22:2007-08-23,EXIT_PRICE_RECONSTRUCTION,Independent adjusted exit price,CRITICAL,36.22871985239203,36.23,-0.0012801476079644658,PASS,True,"""full post-entry replay""",OpenCode (assistant),2026-07-18T13:40:16.915473+00:00,"Reviewed against locked signal, frozen qfq layer, remediation raw/hfq layers, and independent reconstruction."
STOCK_RS_PULLBACK_v1:000960.SZ:2007-08-22:2007-08-23,GROSS_RETURN_RECALCULATION,Gross return,CRITICAL,0.05561538031445323,0.055652680652680475,-3.730033822724188e-05,PASS,True,"""round_trip_cost=0.002""",OpenCode (assistant),2026-07-18T13:40:16.915473+00:00,"Reviewed against locked signal, frozen qfq layer, remediation raw/hfq layers, and independent reconstruction."
STOCK_RS_PULLBACK_v1:000960.SZ:2007-08-22:2007-08-23,NET_RETURN_AND_COST_RECALCULATION,Net return and one cost deduction,CRITICAL,0.05361538031445323,0.05365268065268047,-3.730033822724188e-05,PASS,True,"""round_trip_cost=0.002""",OpenCode (assistant),2026-07-18T13:40:16.915473+00:00,"Reviewed against locked signal, frozen qfq layer, remediation raw/hfq layers, and independent reconstruction."
STOCK_RS_PULLBACK_v1:000960.SZ:2007-08-22:2007-08-23,R_MULTIPLE_RECALCULATION,R multiple,CRITICAL,0.36218593024516743,0.3624288425047432,-0.00024291225957578932,PASS,True,"""round_trip_cost=0.002""",OpenCode (assistant),2026-07-18T13:40:16.915473+00:00,"Reviewed against locked signal, frozen qfq layer, remediation raw/hfq layers, and independent reconstruction."
STOCK_RS_PULLBACK_v1:000960.SZ:2007-08-22:2007-08-23,PRICE_ADJUSTMENT_CONSISTENCY,Adjustment series consistency,CRITICAL,"[""qfq""]","[""qfq""]",,PASS,True,"""signal/entry/exit adj_type""",OpenCode (assistant),2026-07-18T13:40:16.915473+00:00,"Reviewed against locked signal, frozen qfq layer, remediation raw/hfq layers, and independent reconstruction."
STOCK_RS_PULLBACK_v1:000960.SZ:2007-08-22:2007-08-23,EXECUTION_REALISM,Raw execution-price realism,BLOCKING_DATA,"[""True"", ""True"", ""True"", true]",true,,PASS,True,"""requires consistent raw and adjusted OHLC plus adjustment factors""",OpenCode (assistant),2026-07-18T13:40:16.915473+00:00,"Reviewed against locked signal, frozen qfq layer, remediation raw/hfq layers, and independent reconstruction."
STOCK_RS_PULLBACK_v1:000960.SZ:2007-08-22:2007-08-23,HISTORICAL_ST_STATUS,Historical ST execution branch,BLOCKING_DATA,null,"{""branch_invariant_rows"": 6, ""known_rows"": 0, ""rows"": 6}",,PASS_BRANCH_INVARIANT,False,"""ST/non-ST branches compared; non-execution-time differences remain non-blocking after complete trade replay""",OpenCode (assistant),2026-07-18T13:40:16.915473+00:00,"Reviewed against locked signal, frozen qfq layer, remediation raw/hfq layers, and independent reconstruction."
STOCK_RS_PULLBACK_v1:000960.SZ:2007-08-22:2007-08-23,LIMIT_PRICE_VERIFICATION,Board/date-specific limit price,BLOCKING_DATA,null,"{""branch_invariant_rows"": 6, ""known_rows"": 0}",,NOT_EVALUABLE_LIMIT_PRICE_BRANCH_INVARIANT,False,"""exact limits retained as check limitations; complete fail-closed trade replay determines materiality""",OpenCode (assistant),2026-07-18T13:40:16.915473+00:00,Confirmed blocking data limitation; no value imputed.
STOCK_RS_PULLBACK_v1:000960.SZ:2010-01-11:2010-01-12,UNIVERSE_TRADABLE_AT_SIGNAL,Signal-day universe,CRITICAL,"""000960.SZ""",true,,PASS,True,"""signal_date=2010-01-11 00:00:00""",OpenCode (assistant),2026-07-18T13:40:16.915473+00:00,"Reviewed against locked signal, frozen qfq layer, remediation raw/hfq layers, and independent reconstruction."
STOCK_RS_PULLBACK_v1:000960.SZ:2010-01-11:2010-01-12,DATE_ORDER_VALID,Pullback/trigger/entry order,CRITICAL,"[""2010-01-08 00:00:00"", ""2010-01-11 00:00:00"", ""2010-01-12 00:00:00""]",true,,PASS,True,"""strictly increasing dates""",OpenCode (assistant),2026-07-18T13:40:16.915473+00:00,"Reviewed against locked signal, frozen qfq layer, remediation raw/hfq layers, and independent reconstruction."
STOCK_RS_PULLBACK_v1:000960.SZ:2010-01-11:2010-01-12,NO_LOOKAHEAD_IN_INDICATORS,Prefix-only indicator reconstruction,CRITICAL,"{""high_10d"": 26.72, ""ma20"": 22.860999999999997, ""ma60"": 22.163999999999998, ""ret20"": 0.1689457432730479, ""vol_ma5"": 25502410.2}","{""high_10d"": 26.72, ""ma20"": 22.860999999999997, ""ma60"": 22.163999999999998, ""ret20"": 0.1689457432730479, ""vol_ma5"": 25502410.2}",,PASS,True,"""prefix-only rolling recomputation""",OpenCode (assistant),2026-07-18T13:40:16.915473+00:00,"Reviewed against locked signal, frozen qfq layer, remediation raw/hfq layers, and independent reconstruction."
STOCK_RS_PULLBACK_v1:000960.SZ:2010-01-11:2010-01-12,ENTRY_IS_NEXT_TRADING_DAY_OPEN,Next trading-day raw open entry,CRITICAL,"[""2010-01-12"", 36.1]","[""2010-01-12 00:00:00"", 36.1]",,PASS,True,"""first stock bar after trigger; raw open required""",OpenCode (assistant),2026-07-18T13:40:16.915473+00:00,"Reviewed against locked signal, frozen qfq layer, remediation raw/hfq layers, and independent reconstruction."
STOCK_RS_PULLBACK_v1:000960.SZ:2010-01-11:2010-01-12,ENTRY_DAY_EXECUTABLE,Entry-day execution status,CRITICAL,"{""adj_close"": 25.84, ""adj_factor"": 0.7286852172090323, ""adj_high"": 26.57, ""adj_low"": 25.39, ""adj_offset"": 0.2642524760258489, ""adj_open"": 26.57, ""adj_type"": ""qfq"", ""adjustment_fit_error"": 0.0011036000628870113, ""adjustment_status"": ""KNOWN_AFFINE_TDX_QFQ_HFQ_VALIDATED"", ""board"": ""MAIN_SZ"", ""can_buy_at_open"": ""TRUE"", ""can_sell_at_close"": ""TRUE"", ""can_sell_at_open"": ""TRUE"", ""can_sell_intraday"": ""TRUE"", ""close"": 25.84, ""close_at_limit_down"": ""FALSE"", ""close_at_limit_up"": ""FALSE"", ""closing_auction_fill_status"": ""UNKNOWN"", ""code"": ""000960.SZ"", ""date"": ""2010-01-12 00:00:00"", ""hfq_close"": 84.01, ""hfq_fit_error"": 0.003905046376360133, ""hfq_high"": 86.35, ""hfq_low"": 82.55, ""hfq_open"": 86.35, ""high"": 26.57, ""historical_st_branch_status"": ""PASS_BRANCH_INVARIANT"", ""historical_st_status"": ""UNKNOWN"", ""is_suspended"": false, ""limit_down_price"": NaN, ""limit_rule_reason"": ""point-in-time ST status unavailable; execution state resolved only where both ST rule candidates agree"", ""limit_rule_status"": ""UNKNOWN_MISSING_HISTORICAL_ST"", ""limit_up_price"": NaN, ""listing_date"": ""2000-02-21 00:00:00"", ""listing_trading_day"": 2347.0, ""low"": 25.39, ""one_price_limit_down"": ""FALSE"", ""one_price_limit_up"": ""FALSE"", ""open"": 26.57, ""open_at_limit_down"": ""FALSE"", ""open_at_limit_up"": ""FALSE"", ""opening_auction_fill_status"": ""UNKNOWN"", ""raw_close"": 35.1, ""raw_high"": 36.1, ""raw_low"": 34.48, ""raw_open"": 36.1, ""raw_pre_close"": 36.0, ""scheduled_close_fill_status"": ""FILLED_AT_CLOSE"", ""volume"": 15196800.0}","{""executable"": true, ""expected_outcome"": ""valid trade requires executable entry""}",,PASS,True,"""raw open, adjustment factor, trade status, and explicit open fillability""",OpenCode (assistant),2026-07-18T13:40:16.915473+00:00,"Reviewed against locked signal, frozen qfq layer, remediation raw/hfq layers, and independent reconstruction."
STOCK_RS_PULLBACK_v1:000960.SZ:2010-01-11:2010-01-12,T1_NO_ENTRY_DAY_EXIT,A-share T+1,CRITICAL,"[""2010-01-12 00:00:00"", ""2010-01-13 00:00:00""]",true,,PASS,True,"""exit must follow entry date""",OpenCode (assistant),2026-07-18T13:40:16.915473+00:00,"Reviewed against locked signal, frozen qfq layer, remediation raw/hfq layers, and independent reconstruction."
STOCK_RS_PULLBACK_v1:000960.SZ:2010-01-11:2010-01-12,EXIT_DATE_REASON_RECONSTRUCTION,Independent exit date and reason,CRITICAL,"[""2010-01-13 00:00:00"", ""stop_loss""]","[""2010-01-13 00:00:00"", ""stop_loss""]",,PASS,True,"""full post-entry replay with T+1 and sellability""",OpenCode (assistant),2026-07-18T13:40:16.915473+00:00,"Reviewed against locked signal, frozen qfq layer, remediation raw/hfq layers, and independent reconstruction."
STOCK_RS_PULLBACK_v1:000960.SZ:2010-01-11:2010-01-12,HOLDING_DAYS_RECONSTRUCTION,Holding days including deferred fills,CRITICAL,2,2,0.0,PASS,True,"""stop_loss""",OpenCode (assistant),2026-07-18T13:40:16.915473+00:00,"Reviewed against locked signal, frozen qfq layer, remediation raw/hfq layers, and independent reconstruction."
STOCK_RS_PULLBACK_v1:000960.SZ:2010-01-11:2010-01-12,EXIT_PRICE_RECONSTRUCTION,Independent adjusted exit price,CRITICAL,24.31,24.31,0.0,PASS,True,"""full post-entry replay""",OpenCode (assistant),2026-07-18T13:40:16.915473+00:00,"Reviewed against locked signal, frozen qfq layer, remediation raw/hfq layers, and independent reconstruction."
STOCK_RS_PULLBACK_v1:000960.SZ:2010-01-11:2010-01-12,GROSS_RETURN_RECALCULATION,Gross return,CRITICAL,-0.08505833646970273,-0.08505833646970273,0.0,PASS,True,"""round_trip_cost=0.002""",OpenCode (assistant),2026-07-18T13:40:16.915473+00:00,"Reviewed against locked signal, frozen qfq layer, remediation raw/hfq layers, and independent reconstruction."
STOCK_RS_PULLBACK_v1:000960.SZ:2010-01-11:2010-01-12,NET_RETURN_AND_COST_RECALCULATION,Net return and one cost deduction,CRITICAL,-0.08705833646970274,-0.08705833646970274,0.0,PASS,True,"""round_trip_cost=0.002""",OpenCode (assistant),2026-07-18T13:40:16.915473+00:00,"Reviewed against locked signal, frozen qfq layer, remediation raw/hfq layers, and independent reconstruction."
STOCK_RS_PULLBACK_v1:000960.SZ:2010-01-11:2010-01-12,R_MULTIPLE_RECALCULATION,R multiple,CRITICAL,-1.0,-1.0,0.0,PASS,True,"""round_trip_cost=0.002""",OpenCode (assistant),2026-07-18T13:40:16.915473+00:00,"Reviewed against locked signal, frozen qfq layer, remediation raw/hfq layers, and independent reconstruction."
STOCK_RS_PULLBACK_v1:000960.SZ:2010-01-11:2010-01-12,PRICE_ADJUSTMENT_CONSISTENCY,Adjustment series consistency,CRITICAL,"[""qfq""]","[""qfq""]",,PASS,True,"""signal/entry/exit adj_type""",OpenCode (assistant),2026-07-18T13:40:16.915473+00:00,"Reviewed against locked signal, frozen qfq layer, remediation raw/hfq layers, and independent reconstruction."
STOCK_RS_PULLBACK_v1:000960.SZ:2010-01-11:2010-01-12,EXECUTION_REALISM,Raw execution-price realism,BLOCKING_DATA,"[""True"", ""True"", ""True"", true]",true,,PASS,True,"""requires consistent raw and adjusted OHLC plus adjustment factors""",OpenCode (assistant),2026-07-18T13:40:16.915473+00:00,"Reviewed against locked signal, frozen qfq layer, remediation raw/hfq layers, and independent reconstruction."
STOCK_RS_PULLBACK_v1:000960.SZ:2010-01-11:2010-01-12,HISTORICAL_ST_STATUS,Historical ST execution branch,BLOCKING_DATA,null,"{""branch_invariant_rows"": 3, ""known_rows"": 0, ""rows"": 3}",,PASS_BRANCH_INVARIANT,False,"""ST/non-ST branches compared; non-execution-time differences remain non-blocking after complete trade replay""",OpenCode (assistant),2026-07-18T13:40:16.915473+00:00,"Reviewed against locked signal, frozen qfq layer, remediation raw/hfq layers, and independent reconstruction."
STOCK_RS_PULLBACK_v1:000960.SZ:2010-01-11:2010-01-12,LIMIT_PRICE_VERIFICATION,Board/date-specific limit price,BLOCKING_DATA,null,"{""branch_invariant_rows"": 3, ""known_rows"": 0}",,NOT_EVALUABLE_LIMIT_PRICE_BRANCH_INVARIANT,False,"""exact limits retained as check limitations; complete fail-closed trade replay determines materiality""",OpenCode (assistant),2026-07-18T13:40:16.915473+00:00,Confirmed blocking data limitation; no value imputed.
STOCK_RS_PULLBACK_v1:002052.SZ:2015-02-09:2015-02-10,UNIVERSE_TRADABLE_AT_SIGNAL,Signal-day universe,CRITICAL,"""002052.SZ""",true,,PASS,True,"""signal_date=2015-02-09 00:00:00""",OpenCode (assistant),2026-07-18T13:40:16.915473+00:00,"Reviewed against locked signal, frozen qfq layer, remediation raw/hfq layers, and independent reconstruction."
STOCK_RS_PULLBACK_v1:002052.SZ:2015-02-09:2015-02-10,DATE_ORDER_VALID,Pullback/trigger/entry order,CRITICAL,"[""2015-02-04 00:00:00"", ""2015-02-09 00:00:00"", ""2015-02-10 00:00:00""]",true,,PASS,True,"""strictly increasing dates""",OpenCode (assistant),2026-07-18T13:40:16.915473+00:00,"Reviewed against locked signal, frozen qfq layer, remediation raw/hfq layers, and independent reconstruction."
STOCK_RS_PULLBACK_v1:002052.SZ:2015-02-09:2015-02-10,NO_LOOKAHEAD_IN_INDICATORS,Prefix-only indicator reconstruction,CRITICAL,"{""high_10d"": 12.18, ""ma20"": 10.689, ""ma60"": 9.809166666666666, ""ret20"": 0.24789915966386578, ""vol_ma5"": 35696159.0}","{""high_10d"": 12.18, ""ma20"": 10.689, ""ma60"": 9.809166666666664, ""ret20"": 0.24789915966386578, ""vol_ma5"": 35696159.0}",,PASS,True,"""prefix-only rolling recomputation""",OpenCode (assistant),2026-07-18T13:40:16.915473+00:00,"Reviewed against locked signal, frozen qfq layer, remediation raw/hfq layers, and independent reconstruction."
STOCK_RS_PULLBACK_v1:002052.SZ:2015-02-09:2015-02-10,ENTRY_IS_NEXT_TRADING_DAY_OPEN,Next trading-day raw open entry,CRITICAL,"[""2015-02-10"", 11.86]","[""2015-02-10 00:00:00"", 11.86]",,PASS,True,"""first stock bar after trigger; raw open required""",OpenCode (assistant),2026-07-18T13:40:16.915473+00:00,"Reviewed against locked signal, frozen qfq layer, remediation raw/hfq layers, and independent reconstruction."
STOCK_RS_PULLBACK_v1:002052.SZ:2015-02-09:2015-02-10,ENTRY_DAY_EXECUTABLE,Entry-day execution status,CRITICAL,"{""adj_close"": 11.66, ""adj_factor"": 1.0, ""adj_high"": 11.98, ""adj_low"": 11.23, ""adj_offset"": 0.0, ""adj_open"": 11.86, ""adj_type"": ""qfq"", ""adjustment_fit_error"": 0.0, ""adjustment_status"": ""KNOWN_AFFINE_TDX_QFQ_HFQ_VALIDATED"", ""board"": ""MAIN_SZ"", ""can_buy_at_open"": ""TRUE"", ""can_sell_at_close"": ""TRUE"", ""can_sell_at_open"": ""TRUE"", ""can_sell_intraday"": ""TRUE"", ""close"": 11.66, ""close_at_limit_down"": ""FALSE"", ""close_at_limit_up"": ""FALSE"", ""closing_auction_fill_status"": ""UNKNOWN"", ""code"": ""002052.SZ"", ""date"": ""2015-02-10 00:00:00"", ""hfq_close"": 79.26, ""hfq_fit_error"": 0.0021097532856941825, ""hfq_high"": 81.42, ""hfq_low"": 76.35, ""hfq_open"": 80.61, ""high"": 11.98, ""historical_st_branch_status"": ""PASS_BRANCH_INVARIANT"", ""historical_st_status"": ""UNKNOWN"", ""is_suspended"": false, ""limit_down_price"": NaN, ""limit_rule_reason"": ""point-in-time ST status unavailable; execution state resolved only where both ST rule candidates agree"", ""limit_rule_status"": ""UNKNOWN_MISSING_HISTORICAL_ST"", ""limit_up_price"": NaN, ""listing_date"": ""2006-06-27 00:00:00"", ""listing_trading_day"": 2041.0, ""low"": 11.23, ""one_price_limit_down"": ""FALSE"", ""one_price_limit_up"": ""FALSE"", ""open"": 11.86, ""open_at_limit_down"": ""FALSE"", ""open_at_limit_up"": ""FALSE"", ""opening_auction_fill_status"": ""UNKNOWN"", ""raw_close"": 11.66, ""raw_high"": 11.98, ""raw_low"": 11.23, ""raw_open"": 11.86, ""raw_pre_close"": 11.88, ""scheduled_close_fill_status"": ""FILLED_AT_CLOSE"", ""volume"": 19711896.0}","{""executable"": true, ""expected_outcome"": ""valid trade requires executable entry""}",,PASS,True,"""raw open, adjustment factor, trade status, and explicit open fillability""",OpenCode (assistant),2026-07-18T13:40:16.915473+00:00,"Reviewed against locked signal, frozen qfq layer, remediation raw/hfq layers, and independent reconstruction."
STOCK_RS_PULLBACK_v1:002052.SZ:2015-02-09:2015-02-10,T1_NO_ENTRY_DAY_EXIT,A-share T+1,CRITICAL,"[""2015-02-10 00:00:00"", ""2015-03-02 00:00:00""]",true,,PASS,True,"""exit must follow entry date""",OpenCode (assistant),2026-07-18T13:40:16.915473+00:00,"Reviewed against locked signal, frozen qfq layer, remediation raw/hfq layers, and independent reconstruction."
STOCK_RS_PULLBACK_v1:002052.SZ:2015-02-09:2015-02-10,EXIT_DATE_REASON_RECONSTRUCTION,Independent exit date and reason,CRITICAL,"[""2015-03-02 00:00:00"", ""max_holding_exit""]","[""2015-03-02 00:00:00"", ""max_holding_exit""]",,PASS,True,"""full post-entry replay with T+1 and sellability""",OpenCode (assistant),2026-07-18T13:40:16.915473+00:00,"Reviewed against locked signal, frozen qfq layer, remediation raw/hfq layers, and independent reconstruction."
STOCK_RS_PULLBACK_v1:002052.SZ:2015-02-09:2015-02-10,HOLDING_DAYS_RECONSTRUCTION,Holding days including deferred fills,CRITICAL,10,10,0.0,PASS,True,"""max_holding_exit""",OpenCode (assistant),2026-07-18T13:40:16.915473+00:00,"Reviewed against locked signal, frozen qfq layer, remediation raw/hfq layers, and independent reconstruction."
STOCK_RS_PULLBACK_v1:002052.SZ:2015-02-09:2015-02-10,EXIT_PRICE_RECONSTRUCTION,Independent adjusted exit price,CRITICAL,12.5,12.5,0.0,PASS,True,"""full post-entry replay""",OpenCode (assistant),2026-07-18T13:40:16.915473+00:00,"Reviewed against locked signal, frozen qfq layer, remediation raw/hfq layers, and independent reconstruction."
STOCK_RS_PULLBACK_v1:002052.SZ:2015-02-09:2015-02-10,GROSS_RETURN_RECALCULATION,Gross return,CRITICAL,0.053962900505902134,0.053962900505902134,0.0,PASS,True,"""round_trip_cost=0.002""",OpenCode (assistant),2026-07-18T13:40:16.915473+00:00,"Reviewed against locked signal, frozen qfq layer, remediation raw/hfq layers, and independent reconstruction."
STOCK_RS_PULLBACK_v1:002052.SZ:2015-02-09:2015-02-10,NET_RETURN_AND_COST_RECALCULATION,Net return and one cost deduction,CRITICAL,0.05196290050590213,0.05196290050590213,0.0,PASS,True,"""round_trip_cost=0.002""",OpenCode (assistant),2026-07-18T13:40:16.915473+00:00,"Reviewed against locked signal, frozen qfq layer, remediation raw/hfq layers, and independent reconstruction."
STOCK_RS_PULLBACK_v1:002052.SZ:2015-02-09:2015-02-10,R_MULTIPLE_RECALCULATION,R multiple,CRITICAL,1.2075471698113234,1.2075471698113234,0.0,PASS,True,"""round_trip_cost=0.002""",OpenCode (assistant),2026-07-18T13:40:16.915473+00:00,"Reviewed against locked signal, frozen qfq layer, remediation raw/hfq layers, and independent reconstruction."
STOCK_RS_PULLBACK_v1:002052.SZ:2015-02-09:2015-02-10,PRICE_ADJUSTMENT_CONSISTENCY,Adjustment series consistency,CRITICAL,"[""qfq""]","[""qfq""]",,PASS,True,"""signal/entry/exit adj_type""",OpenCode (assistant),2026-07-18T13:40:16.915473+00:00,"Reviewed against locked signal, frozen qfq layer, remediation raw/hfq layers, and independent reconstruction."
STOCK_RS_PULLBACK_v1:002052.SZ:2015-02-09:2015-02-10,EXECUTION_REALISM,Raw execution-price realism,BLOCKING_DATA,"[""True"", ""True"", ""True"", true]",true,,PASS,True,"""requires consistent raw and adjusted OHLC plus adjustment factors""",OpenCode (assistant),2026-07-18T13:40:16.915473+00:00,"Reviewed against locked signal, frozen qfq layer, remediation raw/hfq layers, and independent reconstruction."
STOCK_RS_PULLBACK_v1:002052.SZ:2015-02-09:2015-02-10,HISTORICAL_ST_STATUS,Historical ST execution branch,BLOCKING_DATA,null,"{""branch_invariant_rows"": 11, ""known_rows"": 0, ""rows"": 11}",,PASS_BRANCH_INVARIANT,False,"""ST/non-ST branches compared; non-execution-time differences remain non-blocking after complete trade replay""",OpenCode (assistant),2026-07-18T13:40:16.915473+00:00,"Reviewed against locked signal, frozen qfq layer, remediation raw/hfq layers, and independent reconstruction."
STOCK_RS_PULLBACK_v1:002052.SZ:2015-02-09:2015-02-10,LIMIT_PRICE_VERIFICATION,Board/date-specific limit price,BLOCKING_DATA,null,"{""branch_invariant_rows"": 11, ""known_rows"": 0}",,NOT_EVALUABLE_LIMIT_PRICE_BRANCH_INVARIANT,False,"""exact limits retained as check limitations; complete fail-closed trade replay determines materiality""",OpenCode (assistant),2026-07-18T13:40:16.915473+00:00,Confirmed blocking data limitation; no value imputed.
STOCK_RS_PULLBACK_v1:002142.SZ:2025-01-23:2025-01-24,UNIVERSE_TRADABLE_AT_SIGNAL,Signal-day universe,CRITICAL,"""002142.SZ""",true,,PASS,True,"""signal_date=2025-01-23 00:00:00""",OpenCode (assistant),2026-07-18T13:40:16.915473+00:00,"Reviewed against locked signal, frozen qfq layer, remediation raw/hfq layers, and independent reconstruction."
STOCK_RS_PULLBACK_v1:002142.SZ:2025-01-23:2025-01-24,DATE_ORDER_VALID,Pullback/trigger/entry order,CRITICAL,"[""2025-01-22 00:00:00"", ""2025-01-23 00:00:00"", ""2025-01-24 00:00:00""]",true,,PASS,True,"""strictly increasing dates""",OpenCode (assistant),2026-07-18T13:40:16.915473+00:00,"Reviewed against locked signal, frozen qfq layer, remediation raw/hfq layers, and independent reconstruction."
STOCK_RS_PULLBACK_v1:002142.SZ:2025-01-23:2025-01-24,NO_LOOKAHEAD_IN_INDICATORS,Prefix-only indicator reconstruction,CRITICAL,"{""high_10d"": 24.18, ""ma20"": 22.842, ""ma60"": 22.772499999999997, ""ret20"": 0.06155218554861719, ""vol_ma5"": 18548902.6}","{""high_10d"": 24.18, ""ma20"": 22.842000000000002, ""ma60"": 22.7725, ""ret20"": 0.06155218554861719, ""vol_ma5"": 18548902.6}",,PASS,True,"""prefix-only rolling recomputation""",OpenCode (assistant),2026-07-18T13:40:16.915473+00:00,"Reviewed against locked signal, frozen qfq layer, remediation raw/hfq layers, and independent reconstruction."
STOCK_RS_PULLBACK_v1:002142.SZ:2025-01-23:2025-01-24,ENTRY_IS_NEXT_TRADING_DAY_OPEN,Next trading-day raw open entry,CRITICAL,"[""2025-01-24"", 25.8]","[""2025-01-24 00:00:00"", 25.8]",,PASS,True,"""first stock bar after trigger; raw open required""",OpenCode (assistant),2026-07-18T13:40:16.915473+00:00,"Reviewed against locked signal, frozen qfq layer, remediation raw/hfq layers, and independent reconstruction."
STOCK_RS_PULLBACK_v1:002142.SZ:2025-01-23:2025-01-24,ENTRY_DAY_EXECUTABLE,Entry-day execution status,CRITICAL,"{""adj_close"": 23.78, ""adj_factor"": 1.0000000000000029, ""adj_high"": 23.81, ""adj_low"": 23.34, ""adj_offset"": -2.100000000000076, ""adj_open"": 23.7, ""adj_type"": ""qfq"", ""adjustment_fit_error"": 3.552713678800501e-15, ""adjustment_status"": ""KNOWN_AFFINE_TDX_QFQ_HFQ_VALIDATED"", ""board"": ""MAIN_SZ"", ""can_buy_at_open"": ""TRUE"", ""can_sell_at_close"": ""TRUE"", ""can_sell_at_open"": ""TRUE"", ""can_sell_intraday"": ""TRUE"", ""close"": 23.78, ""close_at_limit_down"": ""FALSE"", ""close_at_limit_up"": ""FALSE"", ""closing_auction_fill_status"": ""UNKNOWN"", ""code"": ""002142.SZ"", ""date"": ""2025-01-24 00:00:00"", ""hfq_close"": 49.91, ""hfq_fit_error"": 0.001217391304344062, ""hfq_high"": 49.96, ""hfq_low"": 49.15, ""hfq_open"": 49.77, ""high"": 23.81, ""historical_st_branch_status"": ""PASS_BRANCH_INVARIANT"", ""historical_st_status"": ""UNKNOWN"", ""is_suspended"": false, ""limit_down_price"": NaN, ""limit_rule_reason"": ""point-in-time ST status unavailable; execution state resolved only where both ST rule candidates agree"", ""limit_rule_status"": ""UNKNOWN_MISSING_HISTORICAL_ST"", ""limit_up_price"": NaN, ""listing_date"": ""2007-07-19 00:00:00"", ""listing_trading_day"": 4239.0, ""low"": 23.34, ""one_price_limit_down"": ""FALSE"", ""one_price_limit_up"": ""FALSE"", ""open"": 23.7, ""open_at_limit_down"": ""FALSE"", ""open_at_limit_up"": ""FALSE"", ""opening_auction_fill_status"": ""UNKNOWN"", ""raw_close"": 25.88, ""raw_high"": 25.91, ""raw_low"": 25.44, ""raw_open"": 25.8, ""raw_pre_close"": 25.9, ""scheduled_close_fill_status"": ""FILLED_AT_CLOSE"", ""volume"": 21216170.0}","{""executable"": true, ""expected_outcome"": ""valid trade requires executable entry""}",,PASS,True,"""raw open, adjustment factor, trade status, and explicit open fillability""",OpenCode (assistant),2026-07-18T13:40:16.915473+00:00,"Reviewed against locked signal, frozen qfq layer, remediation raw/hfq layers, and independent reconstruction."
STOCK_RS_PULLBACK_v1:002142.SZ:2025-01-23:2025-01-24,T1_NO_ENTRY_DAY_EXIT,A-share T+1,CRITICAL,"[""2025-01-24 00:00:00"", ""2025-02-06 00:00:00""]",true,,PASS,True,"""exit must follow entry date""",OpenCode (assistant),2026-07-18T13:40:16.915473+00:00,"Reviewed against locked signal, frozen qfq layer, remediation raw/hfq layers, and independent reconstruction."
STOCK_RS_PULLBACK_v1:002142.SZ:2025-01-23:2025-01-24,EXIT_DATE_REASON_RECONSTRUCTION,Independent exit date and reason,CRITICAL,"[""2025-02-06 00:00:00"", ""stop_loss""]","[""2025-02-06 00:00:00"", ""stop_loss""]",,PASS,True,"""full post-entry replay with T+1 and sellability""",OpenCode (assistant),2026-07-18T13:40:16.915473+00:00,"Reviewed against locked signal, frozen qfq layer, remediation raw/hfq layers, and independent reconstruction."
STOCK_RS_PULLBACK_v1:002142.SZ:2025-01-23:2025-01-24,HOLDING_DAYS_RECONSTRUCTION,Holding days including deferred fills,CRITICAL,4,4,0.0,PASS,True,"""stop_loss""",OpenCode (assistant),2026-07-18T13:40:16.915473+00:00,"Reviewed against locked signal, frozen qfq layer, remediation raw/hfq layers, and independent reconstruction."
STOCK_RS_PULLBACK_v1:002142.SZ:2025-01-23:2025-01-24,EXIT_PRICE_RECONSTRUCTION,Independent adjusted exit price,CRITICAL,23.21,23.21,0.0,PASS,True,"""full post-entry replay""",OpenCode (assistant),2026-07-18T13:40:16.915473+00:00,"Reviewed against locked signal, frozen qfq layer, remediation raw/hfq layers, and independent reconstruction."
STOCK_RS_PULLBACK_v1:002142.SZ:2025-01-23:2025-01-24,GROSS_RETURN_RECALCULATION,Gross return,CRITICAL,-0.020675105485231993,-0.020675105485231993,0.0,PASS,True,"""round_trip_cost=0.002""",OpenCode (assistant),2026-07-18T13:40:16.915473+00:00,"Reviewed against locked signal, frozen qfq layer, remediation raw/hfq layers, and independent reconstruction."
STOCK_RS_PULLBACK_v1:002142.SZ:2025-01-23:2025-01-24,NET_RETURN_AND_COST_RECALCULATION,Net return and one cost deduction,CRITICAL,-0.022675105485231994,-0.022675105485231994,0.0,PASS,True,"""round_trip_cost=0.002""",OpenCode (assistant),2026-07-18T13:40:16.915473+00:00,"Reviewed against locked signal, frozen qfq layer, remediation raw/hfq layers, and independent reconstruction."
STOCK_RS_PULLBACK_v1:002142.SZ:2025-01-23:2025-01-24,R_MULTIPLE_RECALCULATION,R multiple,CRITICAL,-1.0,-1.0,0.0,PASS,True,"""round_trip_cost=0.002""",OpenCode (assistant),2026-07-18T13:40:16.915473+00:00,"Reviewed against locked signal, frozen qfq layer, remediation raw/hfq layers, and independent reconstruction."
STOCK_RS_PULLBACK_v1:002142.SZ:2025-01-23:2025-01-24,PRICE_ADJUSTMENT_CONSISTENCY,Adjustment series consistency,CRITICAL,"[""qfq""]","[""qfq""]",,PASS,True,"""signal/entry/exit adj_type""",OpenCode (assistant),2026-07-18T13:40:16.915473+00:00,"Reviewed against locked signal, frozen qfq layer, remediation raw/hfq layers, and independent reconstruction."
STOCK_RS_PULLBACK_v1:002142.SZ:2025-01-23:2025-01-24,EXECUTION_REALISM,Raw execution-price realism,BLOCKING_DATA,"[""True"", ""True"", ""True"", true]",true,,PASS,True,"""requires consistent raw and adjusted OHLC plus adjustment factors""",OpenCode (assistant),2026-07-18T13:40:16.915473+00:00,"Reviewed against locked signal, frozen qfq layer, remediation raw/hfq layers, and independent reconstruction."
STOCK_RS_PULLBACK_v1:002142.SZ:2025-01-23:2025-01-24,HISTORICAL_ST_STATUS,Historical ST execution branch,BLOCKING_DATA,null,"{""branch_invariant_rows"": 5, ""known_rows"": 0, ""rows"": 5}",,PASS_BRANCH_INVARIANT,False,"""ST/non-ST branches compared; non-execution-time differences remain non-blocking after complete trade replay""",OpenCode (assistant),2026-07-18T13:40:16.915473+00:00,"Reviewed against locked signal, frozen qfq layer, remediation raw/hfq layers, and independent reconstruction."
STOCK_RS_PULLBACK_v1:002142.SZ:2025-01-23:2025-01-24,LIMIT_PRICE_VERIFICATION,Board/date-specific limit price,BLOCKING_DATA,null,"{""branch_invariant_rows"": 5, ""known_rows"": 0}",,NOT_EVALUABLE_LIMIT_PRICE_BRANCH_INVARIANT,False,"""exact limits retained as check limitations; complete fail-closed trade replay determines materiality""",OpenCode (assistant),2026-07-18T13:40:16.915473+00:00,Confirmed blocking data limitation; no value imputed.
STOCK_RS_PULLBACK_v1:002153.SZ:2017-11-28:2017-11-29,UNIVERSE_TRADABLE_AT_SIGNAL,Signal-day universe,CRITICAL,"""002153.SZ""",true,,PASS,True,"""signal_date=2017-11-28 00:00:00""",OpenCode (assistant),2026-07-18T13:40:16.915473+00:00,"Reviewed against locked signal, frozen qfq layer, remediation raw/hfq layers, and independent reconstruction."
STOCK_RS_PULLBACK_v1:002153.SZ:2017-11-28:2017-11-29,DATE_ORDER_VALID,Pullback/trigger/entry order,CRITICAL,"[""2017-11-27 00:00:00"", ""2017-11-28 00:00:00"", ""2017-11-29 00:00:00""]",true,,PASS,True,"""strictly increasing dates""",OpenCode (assistant),2026-07-18T13:40:16.915473+00:00,"Reviewed against locked signal, frozen qfq layer, remediation raw/hfq layers, and independent reconstruction."
STOCK_RS_PULLBACK_v1:002153.SZ:2017-11-28:2017-11-29,NO_LOOKAHEAD_IN_INDICATORS,Prefix-only indicator reconstruction,CRITICAL,"{""high_10d"": 11.81, ""ma20"": 10.2655, ""ma60"": 9.529166666666667, ""ret20"": 0.2906077348066296, ""vol_ma5"": 16915015.6}","{""high_10d"": 11.81, ""ma20"": 10.2655, ""ma60"": 9.529166666666665, ""ret20"": 0.2906077348066296, ""vol_ma5"": 16915015.6}",,PASS,True,"""prefix-only rolling recomputation""",OpenCode (assistant),2026-07-18T13:40:16.915473+00:00,"Reviewed against locked signal, frozen qfq layer, remediation raw/hfq layers, and independent reconstruction."
STOCK_RS_PULLBACK_v1:002153.SZ:2017-11-28:2017-11-29,ENTRY_IS_NEXT_TRADING_DAY_OPEN,Next trading-day raw open entry,CRITICAL,"[""2017-11-29"", 29.88]","[""2017-11-29 00:00:00"", 29.88]",,PASS,True,"""first stock bar after trigger; raw open required""",OpenCode (assistant),2026-07-18T13:40:16.915473+00:00,"Reviewed against locked signal, frozen qfq layer, remediation raw/hfq layers, and independent reconstruction."
STOCK_RS_PULLBACK_v1:002153.SZ:2017-11-28:2017-11-29,ENTRY_DAY_EXECUTABLE,Entry-day execution status,CRITICAL,"{""adj_close"": 11.53, ""adj_factor"": 0.39278131634819613, ""adj_high"": 11.67, ""adj_low"": 11.27, ""adj_offset"": -0.16738853503187023, ""adj_open"": 11.57, ""adj_type"": ""qfq"", ""adjustment_fit_error"": 0.0010828025477707115, ""adjustment_status"": ""KNOWN_AFFINE_TDX_QFQ_HFQ_VALIDATED"", ""board"": ""MAIN_SZ"", ""can_buy_at_open"": ""TRUE"", ""can_sell_at_close"": ""TRUE"", ""can_sell_at_open"": ""TRUE"", ""can_sell_intraday"": ""TRUE"", ""close"": 11.53, ""close_at_limit_down"": ""FALSE"", ""close_at_limit_up"": ""FALSE"", ""closing_auction_fill_status"": ""UNKNOWN"", ""code"": ""002153.SZ"", ""date"": ""2017-11-29 00:00:00"", ""hfq_close"": 500.71, ""hfq_fit_error"": 0.003379334748842666, ""hfq_high"": 506.68, ""hfq_low"": 489.78, ""hfq_open"": 502.37, ""high"": 11.67, ""historical_st_branch_status"": ""PASS_BRANCH_INVARIANT"", ""historical_st_status"": ""UNKNOWN"", ""is_suspended"": false, ""limit_down_price"": NaN, ""limit_rule_reason"": ""point-in-time ST status unavailable; execution state resolved only where both ST rule candidates agree"", ""limit_rule_status"": ""UNKNOWN_MISSING_HISTORICAL_ST"", ""limit_up_price"": NaN, ""listing_date"": ""2007-08-13 00:00:00"", ""listing_trading_day"": 2381.0, ""low"": 11.27, ""one_price_limit_down"": ""FALSE"", ""one_price_limit_up"": ""FALSE"", ""open"": 11.57, ""open_at_limit_down"": ""FALSE"", ""open_at_limit_up"": ""FALSE"", ""opening_auction_fill_status"": ""UNKNOWN"", ""raw_close"": 29.78, ""raw_high"": 30.14, ""raw_low"": 29.12, ""raw_open"": 29.88, ""raw_pre_close"": 30.15, ""scheduled_close_fill_status"": ""FILLED_AT_CLOSE"", ""volume"": 14762697.0}","{""executable"": true, ""expected_outcome"": ""valid trade requires executable entry""}",,PASS,True,"""raw open, adjustment factor, trade status, and explicit open fillability""",OpenCode (assistant),2026-07-18T13:40:16.915473+00:00,"Reviewed against locked signal, frozen qfq layer, remediation raw/hfq layers, and independent reconstruction."
STOCK_RS_PULLBACK_v1:002153.SZ:2017-11-28:2017-11-29,T1_NO_ENTRY_DAY_EXIT,A-share T+1,CRITICAL,"[""2017-11-29 00:00:00"", ""2017-12-05 00:00:00""]",true,,PASS,True,"""exit must follow entry date""",OpenCode (assistant),2026-07-18T13:40:16.915473+00:00,"Reviewed against locked signal, frozen qfq layer, remediation raw/hfq layers, and independent reconstruction."
STOCK_RS_PULLBACK_v1:002153.SZ:2017-11-28:2017-11-29,EXIT_DATE_REASON_RECONSTRUCTION,Independent exit date and reason,CRITICAL,"[""2017-12-05 00:00:00"", ""stop_loss""]","[""2017-12-05 00:00:00"", ""stop_loss""]",,PASS,True,"""full post-entry replay with T+1 and sellability""",OpenCode (assistant),2026-07-18T13:40:16.915473+00:00,"Reviewed against locked signal, frozen qfq layer, remediation raw/hfq layers, and independent reconstruction."
STOCK_RS_PULLBACK_v1:002153.SZ:2017-11-28:2017-11-29,HOLDING_DAYS_RECONSTRUCTION,Holding days including deferred fills,CRITICAL,5,5,0.0,PASS,True,"""stop_loss""",OpenCode (assistant),2026-07-18T13:40:16.915473+00:00,"Reviewed against locked signal, frozen qfq layer, remediation raw/hfq layers, and independent reconstruction."
STOCK_RS_PULLBACK_v1:002153.SZ:2017-11-28:2017-11-29,EXIT_PRICE_RECONSTRUCTION,Independent adjusted exit price,CRITICAL,10.49,10.49,0.0,PASS,True,"""full post-entry replay""",OpenCode (assistant),2026-07-18T13:40:16.915473+00:00,"Reviewed against locked signal, frozen qfq layer, remediation raw/hfq layers, and independent reconstruction."
STOCK_RS_PULLBACK_v1:002153.SZ:2017-11-28:2017-11-29,GROSS_RETURN_RECALCULATION,Gross return,CRITICAL,-0.09334485738980125,-0.09334485738980125,0.0,PASS,True,"""round_trip_cost=0.002""",OpenCode (assistant),2026-07-18T13:40:16.915473+00:00,"Reviewed against locked signal, frozen qfq layer, remediation raw/hfq layers, and independent reconstruction."
STOCK_RS_PULLBACK_v1:002153.SZ:2017-11-28:2017-11-29,NET_RETURN_AND_COST_RECALCULATION,Net return and one cost deduction,CRITICAL,-0.09534485738980125,-0.09534485738980125,0.0,PASS,True,"""round_trip_cost=0.002""",OpenCode (assistant),2026-07-18T13:40:16.915473+00:00,"Reviewed against locked signal, frozen qfq layer, remediation raw/hfq layers, and independent reconstruction."
STOCK_RS_PULLBACK_v1:002153.SZ:2017-11-28:2017-11-29,R_MULTIPLE_RECALCULATION,R multiple,CRITICAL,-1.0,-1.0,0.0,PASS,True,"""round_trip_cost=0.002""",OpenCode (assistant),2026-07-18T13:40:16.915473+00:00,"Reviewed against locked signal, frozen qfq layer, remediation raw/hfq layers, and independent reconstruction."
STOCK_RS_PULLBACK_v1:002153.SZ:2017-11-28:2017-11-29,PRICE_ADJUSTMENT_CONSISTENCY,Adjustment series consistency,CRITICAL,"[""qfq""]","[""qfq""]",,PASS,True,"""signal/entry/exit adj_type""",OpenCode (assistant),2026-07-18T13:40:16.915473+00:00,"Reviewed against locked signal, frozen qfq layer, remediation raw/hfq layers, and independent reconstruction."
STOCK_RS_PULLBACK_v1:002153.SZ:2017-11-28:2017-11-29,EXECUTION_REALISM,Raw execution-price realism,BLOCKING_DATA,"[""True"", ""True"", ""True"", true]",true,,PASS,True,"""requires consistent raw and adjusted OHLC plus adjustment factors""",OpenCode (assistant),2026-07-18T13:40:16.915473+00:00,"Reviewed against locked signal, frozen qfq layer, remediation raw/hfq layers, and independent reconstruction."
STOCK_RS_PULLBACK_v1:002153.SZ:2017-11-28:2017-11-29,HISTORICAL_ST_STATUS,Historical ST execution branch,BLOCKING_DATA,null,"{""branch_invariant_rows"": 6, ""known_rows"": 0, ""rows"": 6}",,PASS_BRANCH_INVARIANT,False,"""ST/non-ST branches compared; non-execution-time differences remain non-blocking after complete trade replay""",OpenCode (assistant),2026-07-18T13:40:16.915473+00:00,"Reviewed against locked signal, frozen qfq layer, remediation raw/hfq layers, and independent reconstruction."
STOCK_RS_PULLBACK_v1:002153.SZ:2017-11-28:2017-11-29,LIMIT_PRICE_VERIFICATION,Board/date-specific limit price,BLOCKING_DATA,null,"{""branch_invariant_rows"": 6, ""known_rows"": 0}",,NOT_EVALUABLE_LIMIT_PRICE_BRANCH_INVARIANT,False,"""exact limits retained as check limitations; complete fail-closed trade replay determines materiality""",OpenCode (assistant),2026-07-18T13:40:16.915473+00:00,Confirmed blocking data limitation; no value imputed.
STOCK_RS_PULLBACK_v1:002271.SZ:2020-01-16:2020-01-17,UNIVERSE_TRADABLE_AT_SIGNAL,Signal-day universe,CRITICAL,"""002271.SZ""",true,,PASS,True,"""signal_date=2020-01-16 00:00:00""",OpenCode (assistant),2026-07-18T13:40:16.915473+00:00,"Reviewed against locked signal, frozen qfq layer, remediation raw/hfq layers, and independent reconstruction."
STOCK_RS_PULLBACK_v1:002271.SZ:2020-01-16:2020-01-17,DATE_ORDER_VALID,Pullback/trigger/entry order,CRITICAL,"[""2020-01-14 00:00:00"", ""2020-01-16 00:00:00"", ""2020-01-17 00:00:00""]",true,,PASS,True,"""strictly increasing dates""",OpenCode (assistant),2026-07-18T13:40:16.915473+00:00,"Reviewed against locked signal, frozen qfq layer, remediation raw/hfq layers, and independent reconstruction."
STOCK_RS_PULLBACK_v1:002271.SZ:2020-01-16:2020-01-17,NO_LOOKAHEAD_IN_INDICATORS,Prefix-only indicator reconstruction,CRITICAL,"{""high_10d"": 14.84, ""ma20"": 13.3265, ""ma60"": 12.443833333333334, ""ret20"": 0.20554649265905378, ""vol_ma5"": 15079618.8}","{""high_10d"": 14.84, ""ma20"": 13.3265, ""ma60"": 12.443833333333334, ""ret20"": 0.20554649265905378, ""vol_ma5"": 15079618.8}",,PASS,True,"""prefix-only rolling recomputation""",OpenCode (assistant),2026-07-18T13:40:16.915473+00:00,"Reviewed against locked signal, frozen qfq layer, remediation raw/hfq layers, and independent reconstruction."
STOCK_RS_PULLBACK_v1:002271.SZ:2020-01-16:2020-01-17,ENTRY_IS_NEXT_TRADING_DAY_OPEN,Next trading-day raw open entry,CRITICAL,"[""2020-01-17"", 28.49]","[""2020-01-17 00:00:00"", 28.49]",,PASS,True,"""first stock bar after trigger; raw open required""",OpenCode (assistant),2026-07-18T13:40:16.915473+00:00,"Reviewed against locked signal, frozen qfq layer, remediation raw/hfq layers, and independent reconstruction."
STOCK_RS_PULLBACK_v1:002271.SZ:2020-01-16:2020-01-17,ENTRY_DAY_EXECUTABLE,Entry-day execution status,CRITICAL,"{""adj_close"": 14.8, ""adj_factor"": 0.6689943300507327, ""adj_high"": 15.05, ""adj_low"": 14.52, ""adj_offset"": -4.018157564906041, ""adj_open"": 15.04, ""adj_type"": ""qfq"", ""adjustment_fit_error"": 0.0018191584601581212, ""adjustment_status"": ""KNOWN_AFFINE_TDX_QFQ_HFQ_VALIDATED"", ""board"": ""MAIN_SZ"", ""can_buy_at_open"": ""TRUE"", ""can_sell_at_close"": ""TRUE"", ""can_sell_at_open"": ""TRUE"", ""can_sell_intraday"": ""TRUE"", ""close"": 14.8, ""close_at_limit_down"": ""FALSE"", ""close_at_limit_up"": ""FALSE"", ""closing_auction_fill_status"": ""UNKNOWN"", ""code"": ""002271.SZ"", ""date"": ""2020-01-17 00:00:00"", ""hfq_close"": 590.52, ""hfq_fit_error"": 0.003303491495103117, ""hfq_high"": 598.07, ""hfq_low"": 581.95, ""hfq_open"": 597.86, ""high"": 15.05, ""historical_st_branch_status"": ""PASS_BRANCH_INVARIANT"", ""historical_st_status"": ""UNKNOWN"", ""is_suspended"": false, ""limit_down_price"": NaN, ""limit_rule_reason"": ""point-in-time ST status unavailable; execution state resolved only where both ST rule candidates agree"", ""limit_rule_status"": ""UNKNOWN_MISSING_HISTORICAL_ST"", ""limit_up_price"": NaN, ""listing_date"": ""2013-07-16 00:00:00"", ""listing_trading_day"": 2735.0, ""low"": 14.52, ""one_price_limit_down"": ""FALSE"", ""one_price_limit_up"": ""FALSE"", ""open"": 15.04, ""open_at_limit_down"": ""FALSE"", ""open_at_limit_up"": ""FALSE"", ""opening_auction_fill_status"": ""UNKNOWN"", ""raw_close"": 28.13, ""raw_high"": 28.5, ""raw_low"": 27.71, ""raw_open"": 28.49, ""raw_pre_close"": 28.09, ""scheduled_close_fill_status"": ""FILLED_AT_CLOSE"", ""volume"": 17343218.0}","{""executable"": true, ""expected_outcome"": ""valid trade requires executable entry""}",,PASS,True,"""raw open, adjustment factor, trade status, and explicit open fillability""",OpenCode (assistant),2026-07-18T13:40:16.915473+00:00,"Reviewed against locked signal, frozen qfq layer, remediation raw/hfq layers, and independent reconstruction."
STOCK_RS_PULLBACK_v1:002271.SZ:2020-01-16:2020-01-17,T1_NO_ENTRY_DAY_EXIT,A-share T+1,CRITICAL,"[""2020-01-17 00:00:00"", ""2020-01-23 00:00:00""]",true,,PASS,True,"""exit must follow entry date""",OpenCode (assistant),2026-07-18T13:40:16.915473+00:00,"Reviewed against locked signal, frozen qfq layer, remediation raw/hfq layers, and independent reconstruction."
STOCK_RS_PULLBACK_v1:002271.SZ:2020-01-16:2020-01-17,EXIT_DATE_REASON_RECONSTRUCTION,Independent exit date and reason,CRITICAL,"[""2020-01-23 00:00:00"", ""time_stop_no_upside_progress""]","[""2020-01-23 00:00:00"", ""time_stop_no_upside_progress""]",,PASS,True,"""full post-entry replay with T+1 and sellability""",OpenCode (assistant),2026-07-18T13:40:16.915473+00:00,"Reviewed against locked signal, frozen qfq layer, remediation raw/hfq layers, and independent reconstruction."
STOCK_RS_PULLBACK_v1:002271.SZ:2020-01-16:2020-01-17,HOLDING_DAYS_RECONSTRUCTION,Holding days including deferred fills,CRITICAL,5,5,0.0,PASS,True,"""time_stop_no_upside_progress""",OpenCode (assistant),2026-07-18T13:40:16.915473+00:00,"Reviewed against locked signal, frozen qfq layer, remediation raw/hfq layers, and independent reconstruction."
STOCK_RS_PULLBACK_v1:002271.SZ:2020-01-16:2020-01-17,EXIT_PRICE_RECONSTRUCTION,Independent adjusted exit price,CRITICAL,14.16245265000796,14.16,0.0024526500079602442,PASS,True,"""full post-entry replay""",OpenCode (assistant),2026-07-18T13:40:16.915473+00:00,"Reviewed against locked signal, frozen qfq layer, remediation raw/hfq layers, and independent reconstruction."
STOCK_RS_PULLBACK_v1:002271.SZ:2020-01-16:2020-01-17,GROSS_RETURN_RECALCULATION,Gross return,CRITICAL,-0.05834756316436429,-0.058510638297872286,0.00016307513350799496,PASS,True,"""round_trip_cost=0.002""",OpenCode (assistant),2026-07-18T13:40:16.915473+00:00,"Reviewed against locked signal, frozen qfq layer, remediation raw/hfq layers, and independent reconstruction."
STOCK_RS_PULLBACK_v1:002271.SZ:2020-01-16:2020-01-17,NET_RETURN_AND_COST_RECALCULATION,Net return and one cost deduction,CRITICAL,-0.06034756316436429,-0.06051063829787229,0.00016307513350799496,PASS,True,"""round_trip_cost=0.002""",OpenCode (assistant),2026-07-18T13:40:16.915473+00:00,"Reviewed against locked signal, frozen qfq layer, remediation raw/hfq layers, and independent reconstruction."
STOCK_RS_PULLBACK_v1:002271.SZ:2020-01-16:2020-01-17,R_MULTIPLE_RECALCULATION,R multiple,CRITICAL,-0.664808598478818,-0.6666666666666666,0.001858068187848616,PASS,True,"""round_trip_cost=0.002""",OpenCode (assistant),2026-07-18T13:40:16.915473+00:00,"Reviewed against locked signal, frozen qfq layer, remediation raw/hfq layers, and independent reconstruction."
STOCK_RS_PULLBACK_v1:002271.SZ:2020-01-16:2020-01-17,PRICE_ADJUSTMENT_CONSISTENCY,Adjustment series consistency,CRITICAL,"[""qfq""]","[""qfq""]",,PASS,True,"""signal/entry/exit adj_type""",OpenCode (assistant),2026-07-18T13:40:16.915473+00:00,"Reviewed against locked signal, frozen qfq layer, remediation raw/hfq layers, and independent reconstruction."
STOCK_RS_PULLBACK_v1:002271.SZ:2020-01-16:2020-01-17,EXECUTION_REALISM,Raw execution-price realism,BLOCKING_DATA,"[""True"", ""True"", ""True"", true]",true,,PASS,True,"""requires consistent raw and adjusted OHLC plus adjustment factors""",OpenCode (assistant),2026-07-18T13:40:16.915473+00:00,"Reviewed against locked signal, frozen qfq layer, remediation raw/hfq layers, and independent reconstruction."
STOCK_RS_PULLBACK_v1:002271.SZ:2020-01-16:2020-01-17,HISTORICAL_ST_STATUS,Historical ST execution branch,BLOCKING_DATA,null,"{""branch_invariant_rows"": 6, ""known_rows"": 0, ""rows"": 6}",,PASS_BRANCH_INVARIANT,False,"""ST/non-ST branches compared; non-execution-time differences remain non-blocking after complete trade replay""",OpenCode (assistant),2026-07-18T13:40:16.915473+00:00,"Reviewed against locked signal, frozen qfq layer, remediation raw/hfq layers, and independent reconstruction."
STOCK_RS_PULLBACK_v1:002271.SZ:2020-01-16:2020-01-17,LIMIT_PRICE_VERIFICATION,Board/date-specific limit price,BLOCKING_DATA,null,"{""branch_invariant_rows"": 6, ""known_rows"": 0}",,NOT_EVALUABLE_LIMIT_PRICE_BRANCH_INVARIANT,False,"""exact limits retained as check limitations; complete fail-closed trade replay determines materiality""",OpenCode (assistant),2026-07-18T13:40:16.915473+00:00,Confirmed blocking data limitation; no value imputed.
STOCK_RS_PULLBACK_v1:002283.SZ:2020-07-30:2020-07-31,UNIVERSE_TRADABLE_AT_SIGNAL,Signal-day universe,CRITICAL,"""002283.SZ""",true,,PASS,True,"""signal_date=2020-07-30 00:00:00""",OpenCode (assistant),2026-07-18T13:40:16.915473+00:00,"Reviewed against locked signal, frozen qfq layer, remediation raw/hfq layers, and independent reconstruction."
STOCK_RS_PULLBACK_v1:002283.SZ:2020-07-30:2020-07-31,DATE_ORDER_VALID,Pullback/trigger/entry order,CRITICAL,"[""2020-07-29 00:00:00"", ""2020-07-30 00:00:00"", ""2020-07-31 00:00:00""]",true,,PASS,True,"""strictly increasing dates""",OpenCode (assistant),2026-07-18T13:40:16.915473+00:00,"Reviewed against locked signal, frozen qfq layer, remediation raw/hfq layers, and independent reconstruction."
STOCK_RS_PULLBACK_v1:002283.SZ:2020-07-30:2020-07-31,NO_LOOKAHEAD_IN_INDICATORS,Prefix-only indicator reconstruction,CRITICAL,"{""high_10d"": 6.51, ""ma20"": 4.923500000000001, ""ma60"": 3.942833333333333, ""ret20"": 0.7570621468926553, ""vol_ma5"": 63738300.0}","{""high_10d"": 6.51, ""ma20"": 4.9235, ""ma60"": 3.942833333333333, ""ret20"": 0.7570621468926553, ""vol_ma5"": 63738300.0}",,PASS,True,"""prefix-only rolling recomputation""",OpenCode (assistant),2026-07-18T13:40:16.915473+00:00,"Reviewed against locked signal, frozen qfq layer, remediation raw/hfq layers, and independent reconstruction."
STOCK_RS_PULLBACK_v1:002283.SZ:2020-07-30:2020-07-31,ENTRY_IS_NEXT_TRADING_DAY_OPEN,Next trading-day raw open entry,CRITICAL,"[""2020-07-31"", 6.93]","[""2020-07-31 00:00:00"", 6.93]",,PASS,True,"""first stock bar after trigger; raw open required""",OpenCode (assistant),2026-07-18T13:40:16.915473+00:00,"Reviewed against locked signal, frozen qfq layer, remediation raw/hfq layers, and independent reconstruction."
STOCK_RS_PULLBACK_v1:002283.SZ:2020-07-30:2020-07-31,ENTRY_DAY_EXECUTABLE,Entry-day execution status,CRITICAL,"{""adj_close"": 6.61, ""adj_factor"": 0.9999999999999991, ""adj_high"": 6.75, ""adj_low"": 5.95, ""adj_offset"": -0.8999999999999932, ""adj_open"": 6.03, ""adj_type"": ""qfq"", ""adjustment_fit_error"": 8.881784197001252e-16, ""adjustment_status"": ""KNOWN_AFFINE_TDX_QFQ_HFQ_VALIDATED"", ""board"": ""MAIN_SZ"", ""can_buy_at_open"": ""TRUE"", ""can_sell_at_close"": ""TRUE"", ""can_sell_at_open"": ""TRUE"", ""can_sell_intraday"": ""TRUE"", ""close"": 6.61, ""close_at_limit_down"": ""FALSE"", ""close_at_limit_up"": ""FALSE"", ""closing_auction_fill_status"": ""UNKNOWN"", ""code"": ""002283.SZ"", ""date"": ""2020-07-31 00:00:00"", ""hfq_close"": 30.93, ""hfq_fit_error"": 3.552713678800501e-15, ""hfq_high"": 31.49, ""hfq_low"": 28.29, ""hfq_open"": 28.61, ""high"": 6.75, ""historical_st_branch_status"": ""PASS_BRANCH_INVARIANT"", ""historical_st_status"": ""UNKNOWN"", ""is_suspended"": false, ""limit_down_price"": NaN, ""limit_rule_reason"": ""point-in-time ST status unavailable; execution state resolved only where both ST rule candidates agree"", ""limit_rule_status"": ""UNKNOWN_MISSING_HISTORICAL_ST"", ""limit_up_price"": NaN, ""listing_date"": ""2009-08-21 00:00:00"", ""listing_trading_day"": 2509.0, ""low"": 5.95, ""one_price_limit_down"": ""FALSE"", ""one_price_limit_up"": ""FALSE"", ""open"": 6.03, ""open_at_limit_down"": ""FALSE"", ""open_at_limit_up"": ""FALSE"", ""opening_auction_fill_status"": ""UNKNOWN"", ""raw_close"": 7.51, ""raw_high"": 7.65, ""raw_low"": 6.85, ""raw_open"": 6.93, ""raw_pre_close"": 7.12, ""scheduled_close_fill_status"": ""FILLED_AT_CLOSE"", ""volume"": 74567456.0}","{""executable"": true, ""expected_outcome"": ""valid trade requires executable entry""}",,PASS,True,"""raw open, adjustment factor, trade status, and explicit open fillability""",OpenCode (assistant),2026-07-18T13:40:16.915473+00:00,"Reviewed against locked signal, frozen qfq layer, remediation raw/hfq layers, and independent reconstruction."
STOCK_RS_PULLBACK_v1:002283.SZ:2020-07-30:2020-07-31,T1_NO_ENTRY_DAY_EXIT,A-share T+1,CRITICAL,"[""2020-07-31 00:00:00"", ""2020-08-13 00:00:00""]",true,,PASS,True,"""exit must follow entry date""",OpenCode (assistant),2026-07-18T13:40:16.915473+00:00,"Reviewed against locked signal, frozen qfq layer, remediation raw/hfq layers, and independent reconstruction."
STOCK_RS_PULLBACK_v1:002283.SZ:2020-07-30:2020-07-31,EXIT_DATE_REASON_RECONSTRUCTION,Independent exit date and reason,CRITICAL,"[""2020-08-13 00:00:00"", ""max_holding_exit""]","[""2020-08-13 00:00:00"", ""max_holding_exit""]",,PASS,True,"""full post-entry replay with T+1 and sellability""",OpenCode (assistant),2026-07-18T13:40:16.915473+00:00,"Reviewed against locked signal, frozen qfq layer, remediation raw/hfq layers, and independent reconstruction."
STOCK_RS_PULLBACK_v1:002283.SZ:2020-07-30:2020-07-31,HOLDING_DAYS_RECONSTRUCTION,Holding days including deferred fills,CRITICAL,10,10,0.0,PASS,True,"""max_holding_exit""",OpenCode (assistant),2026-07-18T13:40:16.915473+00:00,"Reviewed against locked signal, frozen qfq layer, remediation raw/hfq layers, and independent reconstruction."
STOCK_RS_PULLBACK_v1:002283.SZ:2020-07-30:2020-07-31,EXIT_PRICE_RECONSTRUCTION,Independent adjusted exit price,CRITICAL,6.2,6.2,0.0,PASS,True,"""full post-entry replay""",OpenCode (assistant),2026-07-18T13:40:16.915473+00:00,"Reviewed against locked signal, frozen qfq layer, remediation raw/hfq layers, and independent reconstruction."
STOCK_RS_PULLBACK_v1:002283.SZ:2020-07-30:2020-07-31,GROSS_RETURN_RECALCULATION,Gross return,CRITICAL,0.028192371475953548,0.028192371475953548,0.0,PASS,True,"""round_trip_cost=0.002""",OpenCode (assistant),2026-07-18T13:40:16.915473+00:00,"Reviewed against locked signal, frozen qfq layer, remediation raw/hfq layers, and independent reconstruction."
STOCK_RS_PULLBACK_v1:002283.SZ:2020-07-30:2020-07-31,NET_RETURN_AND_COST_RECALCULATION,Net return and one cost deduction,CRITICAL,0.026192371475953546,0.026192371475953546,0.0,PASS,True,"""round_trip_cost=0.002""",OpenCode (assistant),2026-07-18T13:40:16.915473+00:00,"Reviewed against locked signal, frozen qfq layer, remediation raw/hfq layers, and independent reconstruction."
STOCK_RS_PULLBACK_v1:002283.SZ:2020-07-30:2020-07-31,R_MULTIPLE_RECALCULATION,R multiple,CRITICAL,0.33333333333333276,0.33333333333333276,0.0,PASS,True,"""round_trip_cost=0.002""",OpenCode (assistant),2026-07-18T13:40:16.915473+00:00,"Reviewed against locked signal, frozen qfq layer, remediation raw/hfq layers, and independent reconstruction."
STOCK_RS_PULLBACK_v1:002283.SZ:2020-07-30:2020-07-31,PRICE_ADJUSTMENT_CONSISTENCY,Adjustment series consistency,CRITICAL,"[""qfq""]","[""qfq""]",,PASS,True,"""signal/entry/exit adj_type""",OpenCode (assistant),2026-07-18T13:40:16.915473+00:00,"Reviewed against locked signal, frozen qfq layer, remediation raw/hfq layers, and independent reconstruction."
STOCK_RS_PULLBACK_v1:002283.SZ:2020-07-30:2020-07-31,EXECUTION_REALISM,Raw execution-price realism,BLOCKING_DATA,"[""True"", ""True"", ""True"", true]",true,,PASS,True,"""requires consistent raw and adjusted OHLC plus adjustment factors""",OpenCode (assistant),2026-07-18T13:40:16.915473+00:00,"Reviewed against locked signal, frozen qfq layer, remediation raw/hfq layers, and independent reconstruction."
STOCK_RS_PULLBACK_v1:002283.SZ:2020-07-30:2020-07-31,HISTORICAL_ST_STATUS,Historical ST execution branch,BLOCKING_DATA,null,"{""branch_invariant_rows"": 10, ""known_rows"": 0, ""rows"": 11}",,NOT_EVALUABLE_MISSING_HISTORICAL_ST,False,"""ST/non-ST branches compared; non-execution-time differences remain non-blocking after complete trade replay""",OpenCode (assistant),2026-07-18T13:40:16.915473+00:00,Confirmed blocking data limitation; no value imputed.
STOCK_RS_PULLBACK_v1:002283.SZ:2020-07-30:2020-07-31,LIMIT_PRICE_VERIFICATION,Board/date-specific limit price,BLOCKING_DATA,null,"""UNKNOWN_MISSING_HISTORICAL_ST""",,NOT_EVALUABLE_LIMIT_PRICE,False,"""exact limits retained as check limitations; complete fail-closed trade replay determines materiality""",OpenCode (assistant),2026-07-18T13:40:16.915473+00:00,Confirmed blocking data limitation; no value imputed.
STOCK_RS_PULLBACK_v1:002404.SZ:2015-12-18:2015-12-21,UNIVERSE_TRADABLE_AT_SIGNAL,Signal-day universe,CRITICAL,"""002404.SZ""",true,,PASS,True,"""signal_date=2015-12-18 00:00:00""",OpenCode (assistant),2026-07-18T13:40:16.915473+00:00,"Reviewed against locked signal, frozen qfq layer, remediation raw/hfq layers, and independent reconstruction."
STOCK_RS_PULLBACK_v1:002404.SZ:2015-12-18:2015-12-21,DATE_ORDER_VALID,Pullback/trigger/entry order,CRITICAL,"[""2015-12-14 00:00:00"", ""2015-12-18 00:00:00"", ""2015-12-21 00:00:00""]",true,,PASS,True,"""strictly increasing dates""",OpenCode (assistant),2026-07-18T13:40:16.915473+00:00,"Reviewed against locked signal, frozen qfq layer, remediation raw/hfq layers, and independent reconstruction."
STOCK_RS_PULLBACK_v1:002404.SZ:2015-12-18:2015-12-21,NO_LOOKAHEAD_IN_INDICATORS,Prefix-only indicator reconstruction,CRITICAL,"{""high_10d"": 9.65, ""ma20"": 8.327, ""ma60"": 6.698499999999999, ""ret20"": 0.173198482932996, ""vol_ma5"": 31323787.6}","{""high_10d"": 9.65, ""ma20"": 8.327, ""ma60"": 6.698499999999999, ""ret20"": 0.173198482932996, ""vol_ma5"": 31323787.6}",,PASS,True,"""prefix-only rolling recomputation""",OpenCode (assistant),2026-07-18T13:40:16.915473+00:00,"Reviewed against locked signal, frozen qfq layer, remediation raw/hfq layers, and independent reconstruction."
STOCK_RS_PULLBACK_v1:002404.SZ:2015-12-18:2015-12-21,ENTRY_IS_NEXT_TRADING_DAY_OPEN,Next trading-day raw open entry,CRITICAL,"[""2015-12-21"", 11.55]","[""2015-12-21 00:00:00"", 11.55]",,PASS,True,"""first stock bar after trigger; raw open required""",OpenCode (assistant),2026-07-18T13:40:16.915473+00:00,"Reviewed against locked signal, frozen qfq layer, remediation raw/hfq layers, and independent reconstruction."
STOCK_RS_PULLBACK_v1:002404.SZ:2015-12-18:2015-12-21,ENTRY_DAY_EXECUTABLE,Entry-day execution status,CRITICAL,"{""adj_close"": 9.12, ""adj_factor"": 1.000000000000004, ""adj_high"": 9.48, ""adj_low"": 9.0, ""adj_offset"": -2.380000000000047, ""adj_open"": 9.17, ""adj_type"": ""qfq"", ""adjustment_fit_error"": 0.0, ""adjustment_status"": ""KNOWN_AFFINE_TDX_QFQ_HFQ_VALIDATED"", ""board"": ""MAIN_SZ"", ""can_buy_at_open"": ""TRUE"", ""can_sell_at_close"": ""TRUE"", ""can_sell_at_open"": ""TRUE"", ""can_sell_intraday"": ""TRUE"", ""close"": 9.12, ""close_at_limit_down"": ""FALSE"", ""close_at_limit_up"": ""FALSE"", ""closing_auction_fill_status"": ""UNKNOWN"", ""code"": ""002404.SZ"", ""date"": ""2015-12-21 00:00:00"", ""hfq_close"": 46.99, ""hfq_fit_error"": 0.002372982665868051, ""hfq_high"": 48.39, ""hfq_low"": 46.52, ""hfq_open"": 47.18, ""high"": 9.48, ""historical_st_branch_status"": ""PASS_BRANCH_INVARIANT"", ""historical_st_status"": ""UNKNOWN"", ""is_suspended"": false, ""limit_down_price"": NaN, ""limit_rule_reason"": ""point-in-time ST status unavailable; execution state resolved only where both ST rule candidates agree"", ""limit_rule_status"": ""UNKNOWN_MISSING_HISTORICAL_ST"", ""limit_up_price"": NaN, ""listing_date"": ""2010-05-11 00:00:00"", ""listing_trading_day"": 1326.0, ""low"": 9.0, ""one_price_limit_down"": ""FALSE"", ""one_price_limit_up"": ""FALSE"", ""open"": 9.17, ""open_at_limit_down"": ""FALSE"", ""open_at_limit_up"": ""FALSE"", ""opening_auction_fill_status"": ""UNKNOWN"", ""raw_close"": 11.5, ""raw_high"": 11.86, ""raw_low"": 11.38, ""raw_open"": 11.55, ""raw_pre_close"": 11.66, ""scheduled_close_fill_status"": ""FILLED_AT_CLOSE"", ""volume"": 24765945.0}","{""executable"": true, ""expected_outcome"": ""valid trade requires executable entry""}",,PASS,True,"""raw open, adjustment factor, trade status, and explicit open fillability""",OpenCode (assistant),2026-07-18T13:40:16.915473+00:00,"Reviewed against locked signal, frozen qfq layer, remediation raw/hfq layers, and independent reconstruction."
STOCK_RS_PULLBACK_v1:002404.SZ:2015-12-18:2015-12-21,T1_NO_ENTRY_DAY_EXIT,A-share T+1,CRITICAL,"[""2015-12-21 00:00:00"", ""2015-12-25 00:00:00""]",true,,PASS,True,"""exit must follow entry date""",OpenCode (assistant),2026-07-18T13:40:16.915473+00:00,"Reviewed against locked signal, frozen qfq layer, remediation raw/hfq layers, and independent reconstruction."
STOCK_RS_PULLBACK_v1:002404.SZ:2015-12-18:2015-12-21,EXIT_DATE_REASON_RECONSTRUCTION,Independent exit date and reason,CRITICAL,"[""2015-12-25 00:00:00"", ""time_stop_no_upside_progress""]","[""2015-12-25 00:00:00"", ""time_stop_no_upside_progress""]",,PASS,True,"""full post-entry replay with T+1 and sellability""",OpenCode (assistant),2026-07-18T13:40:16.915473+00:00,"Reviewed against locked signal, frozen qfq layer, remediation raw/hfq layers, and independent reconstruction."
STOCK_RS_PULLBACK_v1:002404.SZ:2015-12-18:2015-12-21,HOLDING_DAYS_RECONSTRUCTION,Holding days including deferred fills,CRITICAL,5,5,0.0,PASS,True,"""time_stop_no_upside_progress""",OpenCode (assistant),2026-07-18T13:40:16.915473+00:00,"Reviewed against locked signal, frozen qfq layer, remediation raw/hfq layers, and independent reconstruction."
STOCK_RS_PULLBACK_v1:002404.SZ:2015-12-18:2015-12-21,EXIT_PRICE_RECONSTRUCTION,Independent adjusted exit price,CRITICAL,8.719999999999999,8.72,-1.7763568394002505e-15,PASS,True,"""full post-entry replay""",OpenCode (assistant),2026-07-18T13:40:16.915473+00:00,"Reviewed against locked signal, frozen qfq layer, remediation raw/hfq layers, and independent reconstruction."
STOCK_RS_PULLBACK_v1:002404.SZ:2015-12-18:2015-12-21,GROSS_RETURN_RECALCULATION,Gross return,CRITICAL,-0.04907306434024006,-0.049073064340239836,-2.220446049250313e-16,PASS,True,"""round_trip_cost=0.002""",OpenCode (assistant),2026-07-18T13:40:16.915473+00:00,"Reviewed against locked signal, frozen qfq layer, remediation raw/hfq layers, and independent reconstruction."
STOCK_RS_PULLBACK_v1:002404.SZ:2015-12-18:2015-12-21,NET_RETURN_AND_COST_RECALCULATION,Net return and one cost deduction,CRITICAL,-0.05107306434024006,-0.05107306434023984,-2.220446049250313e-16,PASS,True,"""round_trip_cost=0.002""",OpenCode (assistant),2026-07-18T13:40:16.915473+00:00,"Reviewed against locked signal, frozen qfq layer, remediation raw/hfq layers, and independent reconstruction."
STOCK_RS_PULLBACK_v1:002404.SZ:2015-12-18:2015-12-21,R_MULTIPLE_RECALCULATION,R multiple,CRITICAL,-0.6923076923076936,-0.6923076923076908,-2.7755575615628914e-15,PASS,True,"""round_trip_cost=0.002""",OpenCode (assistant),2026-07-18T13:40:16.915473+00:00,"Reviewed against locked signal, frozen qfq layer, remediation raw/hfq layers, and independent reconstruction."
STOCK_RS_PULLBACK_v1:002404.SZ:2015-12-18:2015-12-21,PRICE_ADJUSTMENT_CONSISTENCY,Adjustment series consistency,CRITICAL,"[""qfq""]","[""qfq""]",,PASS,True,"""signal/entry/exit adj_type""",OpenCode (assistant),2026-07-18T13:40:16.915473+00:00,"Reviewed against locked signal, frozen qfq layer, remediation raw/hfq layers, and independent reconstruction."
STOCK_RS_PULLBACK_v1:002404.SZ:2015-12-18:2015-12-21,EXECUTION_REALISM,Raw execution-price realism,BLOCKING_DATA,"[""True"", ""True"", ""True"", true]",true,,PASS,True,"""requires consistent raw and adjusted OHLC plus adjustment factors""",OpenCode (assistant),2026-07-18T13:40:16.915473+00:00,"Reviewed against locked signal, frozen qfq layer, remediation raw/hfq layers, and independent reconstruction."
STOCK_RS_PULLBACK_v1:002404.SZ:2015-12-18:2015-12-21,HISTORICAL_ST_STATUS,Historical ST execution branch,BLOCKING_DATA,null,"{""branch_invariant_rows"": 6, ""known_rows"": 0, ""rows"": 6}",,PASS_BRANCH_INVARIANT,False,"""ST/non-ST branches compared; non-execution-time differences remain non-blocking after complete trade replay""",OpenCode (assistant),2026-07-18T13:40:16.915473+00:00,"Reviewed against locked signal, frozen qfq layer, remediation raw/hfq layers, and independent reconstruction."
STOCK_RS_PULLBACK_v1:002404.SZ:2015-12-18:2015-12-21,LIMIT_PRICE_VERIFICATION,Board/date-specific limit price,BLOCKING_DATA,null,"{""branch_invariant_rows"": 6, ""known_rows"": 0}",,NOT_EVALUABLE_LIMIT_PRICE_BRANCH_INVARIANT,False,"""exact limits retained as check limitations; complete fail-closed trade replay determines materiality""",OpenCode (assistant),2026-07-18T13:40:16.915473+00:00,Confirmed blocking data limitation; no value imputed.
STOCK_RS_PULLBACK_v1:002407.SZ:2020-12-18:2020-12-21,UNIVERSE_TRADABLE_AT_SIGNAL,Signal-day universe,CRITICAL,"""002407.SZ""",true,,PASS,True,"""signal_date=2020-12-18 00:00:00""",OpenCode (assistant),2026-07-18T13:40:16.915473+00:00,"Reviewed against locked signal, frozen qfq layer, remediation raw/hfq layers, and independent reconstruction."
STOCK_RS_PULLBACK_v1:002407.SZ:2020-12-18:2020-12-21,DATE_ORDER_VALID,Pullback/trigger/entry order,CRITICAL,"[""2020-12-17 00:00:00"", ""2020-12-18 00:00:00"", ""2020-12-21 00:00:00""]",true,,PASS,True,"""strictly increasing dates""",OpenCode (assistant),2026-07-18T13:40:16.915473+00:00,"Reviewed against locked signal, frozen qfq layer, remediation raw/hfq layers, and independent reconstruction."
STOCK_RS_PULLBACK_v1:002407.SZ:2020-12-18:2020-12-21,NO_LOOKAHEAD_IN_INDICATORS,Prefix-only indicator reconstruction,CRITICAL,"{""high_10d"": 11.15, ""ma20"": 10.2185, ""ma60"": 9.465499999999999, ""ret20"": 0.21029082774049224, ""vol_ma5"": 58957299.0}","{""high_10d"": 11.15, ""ma20"": 10.2185, ""ma60"": 9.465499999999999, ""ret20"": 0.21029082774049224, ""vol_ma5"": 58957299.0}",,PASS,True,"""prefix-only rolling recomputation""",OpenCode (assistant),2026-07-18T13:40:16.915473+00:00,"Reviewed against locked signal, frozen qfq layer, remediation raw/hfq layers, and independent reconstruction."
STOCK_RS_PULLBACK_v1:002407.SZ:2020-12-18:2020-12-21,ENTRY_IS_NEXT_TRADING_DAY_OPEN,Next trading-day raw open entry,CRITICAL,"[""2020-12-21"", 17.2]","[""2020-12-21 00:00:00"", 17.2]",,PASS,True,"""first stock bar after trigger; raw open required""",OpenCode (assistant),2026-07-18T13:40:16.915473+00:00,"Reviewed against locked signal, frozen qfq layer, remediation raw/hfq layers, and independent reconstruction."
STOCK_RS_PULLBACK_v1:002407.SZ:2020-12-18:2020-12-21,ENTRY_DAY_EXECUTABLE,Entry-day execution status,CRITICAL,"{""adj_close"": 11.66, ""adj_factor"": 0.7136752136752129, ""adj_high"": 12.04, ""adj_low"": 10.7, ""adj_offset"": -1.4747863247863098, ""adj_open"": 10.8, ""adj_type"": ""qfq"", ""adjustment_fit_error"": 0.0031623931623929735, ""adjustment_status"": ""KNOWN_AFFINE_TDX_QFQ_HFQ_VALIDATED"", ""board"": ""MAIN_SZ"", ""can_buy_at_open"": ""TRUE"", ""can_sell_at_close"": ""TRUE"", ""can_sell_at_open"": ""TRUE"", ""can_sell_intraday"": ""TRUE"", ""close"": 11.66, ""close_at_limit_down"": ""FALSE"", ""close_at_limit_up"": ""FALSE"", ""closing_auction_fill_status"": ""UNKNOWN"", ""code"": ""002407.SZ"", ""date"": ""2020-12-21 00:00:00"", ""hfq_close"": 100.63, ""hfq_fit_error"": 0.0010414688192383892, ""hfq_high"": 103.44, ""hfq_low"": 93.66, ""hfq_open"": 94.39, ""high"": 12.04, ""historical_st_branch_status"": ""PASS_BRANCH_INVARIANT"", ""historical_st_status"": ""UNKNOWN"", ""is_suspended"": false, ""limit_down_price"": NaN, ""limit_rule_reason"": ""point-in-time ST status unavailable; execution state resolved only where both ST rule candidates agree"", ""limit_rule_status"": ""UNKNOWN_MISSING_HISTORICAL_ST"", ""limit_up_price"": NaN, ""listing_date"": ""2010-05-18 00:00:00"", ""listing_trading_day"": 2480.0, ""low"": 10.7, ""one_price_limit_down"": ""FALSE"", ""one_price_limit_up"": ""FALSE"", ""open"": 10.8, ""open_at_limit_down"": ""FALSE"", ""open_at_limit_up"": ""FALSE"", ""opening_auction_fill_status"": ""UNKNOWN"", ""raw_close"": 18.4, ""raw_high"": 18.94, ""raw_low"": 17.06, ""raw_open"": 17.2, ""raw_pre_close"": 17.23, ""scheduled_close_fill_status"": ""FILLED_AT_CLOSE"", ""volume"": 105463746.0}","{""executable"": true, ""expected_outcome"": ""valid trade requires executable entry""}",,PASS,True,"""raw open, adjustment factor, trade status, and explicit open fillability""",OpenCode (assistant),2026-07-18T13:40:16.915473+00:00,"Reviewed against locked signal, frozen qfq layer, remediation raw/hfq layers, and independent reconstruction."
STOCK_RS_PULLBACK_v1:002407.SZ:2020-12-18:2020-12-21,T1_NO_ENTRY_DAY_EXIT,A-share T+1,CRITICAL,"[""2020-12-21 00:00:00"", ""2020-12-22 00:00:00""]",true,,PASS,True,"""exit must follow entry date""",OpenCode (assistant),2026-07-18T13:40:16.915473+00:00,"Reviewed against locked signal, frozen qfq layer, remediation raw/hfq layers, and independent reconstruction."
STOCK_RS_PULLBACK_v1:002407.SZ:2020-12-18:2020-12-21,EXIT_DATE_REASON_RECONSTRUCTION,Independent exit date and reason,CRITICAL,"[""2020-12-22 00:00:00"", ""target_2r""]","[""2020-12-22 00:00:00"", ""target_2r""]",,PASS,True,"""full post-entry replay with T+1 and sellability""",OpenCode (assistant),2026-07-18T13:40:16.915473+00:00,"Reviewed against locked signal, frozen qfq layer, remediation raw/hfq layers, and independent reconstruction."
STOCK_RS_PULLBACK_v1:002407.SZ:2020-12-18:2020-12-21,HOLDING_DAYS_RECONSTRUCTION,Holding days including deferred fills,CRITICAL,2,2,0.0,PASS,True,"""target_2r""",OpenCode (assistant),2026-07-18T13:40:16.915473+00:00,"Reviewed against locked signal, frozen qfq layer, remediation raw/hfq layers, and independent reconstruction."
STOCK_RS_PULLBACK_v1:002407.SZ:2020-12-18:2020-12-21,EXIT_PRICE_RECONSTRUCTION,Independent adjusted exit price,CRITICAL,12.520000000000005,12.520000000000003,1.7763568394002505e-15,PASS,True,"""full post-entry replay""",OpenCode (assistant),2026-07-18T13:40:16.915473+00:00,"Reviewed against locked signal, frozen qfq layer, remediation raw/hfq layers, and independent reconstruction."
STOCK_RS_PULLBACK_v1:002407.SZ:2020-12-18:2020-12-21,GROSS_RETURN_RECALCULATION,Gross return,CRITICAL,0.15925925925925966,0.15925925925925943,2.220446049250313e-16,PASS,True,"""round_trip_cost=0.002""",OpenCode (assistant),2026-07-18T13:40:16.915473+00:00,"Reviewed against locked signal, frozen qfq layer, remediation raw/hfq layers, and independent reconstruction."
STOCK_RS_PULLBACK_v1:002407.SZ:2020-12-18:2020-12-21,NET_RETURN_AND_COST_RECALCULATION,Net return and one cost deduction,CRITICAL,0.15725925925925965,0.15725925925925943,2.220446049250313e-16,PASS,True,"""round_trip_cost=0.002""",OpenCode (assistant),2026-07-18T13:40:16.915473+00:00,"Reviewed against locked signal, frozen qfq layer, remediation raw/hfq layers, and independent reconstruction."
STOCK_RS_PULLBACK_v1:002407.SZ:2020-12-18:2020-12-21,R_MULTIPLE_RECALCULATION,R multiple,CRITICAL,2.000000000000002,2.0,2.220446049250313e-15,PASS,True,"""round_trip_cost=0.002""",OpenCode (assistant),2026-07-18T13:40:16.915473+00:00,"Reviewed against locked signal, frozen qfq layer, remediation raw/hfq layers, and independent reconstruction."
STOCK_RS_PULLBACK_v1:002407.SZ:2020-12-18:2020-12-21,PRICE_ADJUSTMENT_CONSISTENCY,Adjustment series consistency,CRITICAL,"[""qfq""]","[""qfq""]",,PASS,True,"""signal/entry/exit adj_type""",OpenCode (assistant),2026-07-18T13:40:16.915473+00:00,"Reviewed against locked signal, frozen qfq layer, remediation raw/hfq layers, and independent reconstruction."
STOCK_RS_PULLBACK_v1:002407.SZ:2020-12-18:2020-12-21,EXECUTION_REALISM,Raw execution-price realism,BLOCKING_DATA,"[""True"", ""True"", ""True"", true]",true,,PASS,True,"""requires consistent raw and adjusted OHLC plus adjustment factors""",OpenCode (assistant),2026-07-18T13:40:16.915473+00:00,"Reviewed against locked signal, frozen qfq layer, remediation raw/hfq layers, and independent reconstruction."
STOCK_RS_PULLBACK_v1:002407.SZ:2020-12-18:2020-12-21,HISTORICAL_ST_STATUS,Historical ST execution branch,BLOCKING_DATA,null,"{""branch_invariant_rows"": 3, ""known_rows"": 0, ""rows"": 3}",,PASS_BRANCH_INVARIANT,False,"""ST/non-ST branches compared; non-execution-time differences remain non-blocking after complete trade replay""",OpenCode (assistant),2026-07-18T13:40:16.915473+00:00,"Reviewed against locked signal, frozen qfq layer, remediation raw/hfq layers, and independent reconstruction."
STOCK_RS_PULLBACK_v1:002407.SZ:2020-12-18:2020-12-21,LIMIT_PRICE_VERIFICATION,Board/date-specific limit price,BLOCKING_DATA,null,"{""branch_invariant_rows"": 3, ""known_rows"": 0}",,NOT_EVALUABLE_LIMIT_PRICE_BRANCH_INVARIANT,False,"""exact limits retained as check limitations; complete fail-closed trade replay determines materiality""",OpenCode (assistant),2026-07-18T13:40:16.915473+00:00,Confirmed blocking data limitation; no value imputed.
STOCK_RS_PULLBACK_v1:002444.SZ:2024-03-29:2024-04-01,UNIVERSE_TRADABLE_AT_SIGNAL,Signal-day universe,CRITICAL,"""002444.SZ""",true,,PASS,True,"""signal_date=2024-03-29 00:00:00""",OpenCode (assistant),2026-07-18T13:40:16.915473+00:00,"Reviewed against locked signal, frozen qfq layer, remediation raw/hfq layers, and independent reconstruction."
STOCK_RS_PULLBACK_v1:002444.SZ:2024-03-29:2024-04-01,DATE_ORDER_VALID,Pullback/trigger/entry order,CRITICAL,"[""2024-03-26 00:00:00"", ""2024-03-29 00:00:00"", ""2024-04-01 00:00:00""]",true,,PASS,True,"""strictly increasing dates""",OpenCode (assistant),2026-07-18T13:40:16.915473+00:00,"Reviewed against locked signal, frozen qfq layer, remediation raw/hfq layers, and independent reconstruction."
STOCK_RS_PULLBACK_v1:002444.SZ:2024-03-29:2024-04-01,NO_LOOKAHEAD_IN_INDICATORS,Prefix-only indicator reconstruction,CRITICAL,"{""high_10d"": 24.49, ""ma20"": 21.916500000000003, ""ma60"": 20.555833333333332, ""ret20"": 0.1777996070726917, ""vol_ma5"": 16566411.2}","{""high_10d"": 24.49, ""ma20"": 21.916500000000003, ""ma60"": 20.555833333333332, ""ret20"": 0.1777996070726917, ""vol_ma5"": 16566411.2}",,PASS,True,"""prefix-only rolling recomputation""",OpenCode (assistant),2026-07-18T13:40:16.915473+00:00,"Reviewed against locked signal, frozen qfq layer, remediation raw/hfq layers, and independent reconstruction."
STOCK_RS_PULLBACK_v1:002444.SZ:2024-03-29:2024-04-01,ENTRY_IS_NEXT_TRADING_DAY_OPEN,Next trading-day raw open entry,CRITICAL,"[""2024-04-01"", 25.66]","[""2024-04-01 00:00:00"", 25.66]",,PASS,True,"""first stock bar after trigger; raw open required""",OpenCode (assistant),2026-07-18T13:40:16.915473+00:00,"Reviewed against locked signal, frozen qfq layer, remediation raw/hfq layers, and independent reconstruction."
STOCK_RS_PULLBACK_v1:002444.SZ:2024-03-29:2024-04-01,ENTRY_DAY_EXECUTABLE,Entry-day execution status,CRITICAL,"{""adj_close"": 25.32, ""adj_factor"": 1.0, ""adj_high"": 25.56, ""adj_low"": 23.85, ""adj_offset"": -1.25, ""adj_open"": 24.41, ""adj_type"": ""qfq"", ""adjustment_fit_error"": 0.0, ""adjustment_status"": ""KNOWN_AFFINE_TDX_QFQ_HFQ_VALIDATED"", ""board"": ""MAIN_SZ"", ""can_buy_at_open"": ""TRUE"", ""can_sell_at_close"": ""TRUE"", ""can_sell_at_open"": ""TRUE"", ""can_sell_intraday"": ""TRUE"", ""close"": 25.32, ""close_at_limit_down"": ""FALSE"", ""close_at_limit_up"": ""FALSE"", ""closing_auction_fill_status"": ""UNKNOWN"", ""code"": ""002444.SZ"", ""date"": ""2024-04-01 00:00:00"", ""hfq_close"": 111.9, ""hfq_fit_error"": 1.4210854715202004e-14, ""hfq_high"": 112.86, ""hfq_low"": 106.02, ""hfq_open"": 108.26, ""high"": 25.56, ""historical_st_branch_status"": ""PASS_BRANCH_INVARIANT"", ""historical_st_status"": ""UNKNOWN"", ""is_suspended"": false, ""limit_down_price"": NaN, ""limit_rule_reason"": ""point-in-time ST status unavailable; execution state resolved only where both ST rule candidates agree"", ""limit_rule_status"": ""UNKNOWN_MISSING_HISTORICAL_ST"", ""limit_up_price"": NaN, ""listing_date"": ""2010-07-13 00:00:00"", ""listing_trading_day"": 3324.0, ""low"": 23.85, ""one_price_limit_down"": ""FALSE"", ""one_price_limit_up"": ""FALSE"", ""open"": 24.41, ""open_at_limit_down"": ""FALSE"", ""open_at_limit_up"": ""FALSE"", ""opening_auction_fill_status"": ""UNKNOWN"", ""raw_close"": 26.57, ""raw_high"": 26.81, ""raw_low"": 25.1, ""raw_open"": 25.66, ""raw_pre_close"": 25.23, ""scheduled_close_fill_status"": ""FILLED_AT_CLOSE"", ""volume"": 20401552.0}","{""executable"": true, ""expected_outcome"": ""valid trade requires executable entry""}",,PASS,True,"""raw open, adjustment factor, trade status, and explicit open fillability""",OpenCode (assistant),2026-07-18T13:40:16.915473+00:00,"Reviewed against locked signal, frozen qfq layer, remediation raw/hfq layers, and independent reconstruction."
STOCK_RS_PULLBACK_v1:002444.SZ:2024-03-29:2024-04-01,T1_NO_ENTRY_DAY_EXIT,A-share T+1,CRITICAL,"[""2024-04-01 00:00:00"", ""2024-04-16 00:00:00""]",true,,PASS,True,"""exit must follow entry date""",OpenCode (assistant),2026-07-18T13:40:16.915473+00:00,"Reviewed against locked signal, frozen qfq layer, remediation raw/hfq layers, and independent reconstruction."
STOCK_RS_PULLBACK_v1:002444.SZ:2024-03-29:2024-04-01,EXIT_DATE_REASON_RECONSTRUCTION,Independent exit date and reason,CRITICAL,"[""2024-04-16 00:00:00"", ""max_holding_exit""]","[""2024-04-16 00:00:00"", ""max_holding_exit""]",,PASS,True,"""full post-entry replay with T+1 and sellability""",OpenCode (assistant),2026-07-18T13:40:16.915473+00:00,"Reviewed against locked signal, frozen qfq layer, remediation raw/hfq layers, and independent reconstruction."
STOCK_RS_PULLBACK_v1:002444.SZ:2024-03-29:2024-04-01,HOLDING_DAYS_RECONSTRUCTION,Holding days including deferred fills,CRITICAL,10,10,0.0,PASS,True,"""max_holding_exit""",OpenCode (assistant),2026-07-18T13:40:16.915473+00:00,"Reviewed against locked signal, frozen qfq layer, remediation raw/hfq layers, and independent reconstruction."
STOCK_RS_PULLBACK_v1:002444.SZ:2024-03-29:2024-04-01,EXIT_PRICE_RECONSTRUCTION,Independent adjusted exit price,CRITICAL,25.47,25.47,0.0,PASS,True,"""full post-entry replay""",OpenCode (assistant),2026-07-18T13:40:16.915473+00:00,"Reviewed against locked signal, frozen qfq layer, remediation raw/hfq layers, and independent reconstruction."
STOCK_RS_PULLBACK_v1:002444.SZ:2024-03-29:2024-04-01,GROSS_RETURN_RECALCULATION,Gross return,CRITICAL,0.04342482589102814,0.04342482589102814,0.0,PASS,True,"""round_trip_cost=0.002""",OpenCode (assistant),2026-07-18T13:40:16.915473+00:00,"Reviewed against locked signal, frozen qfq layer, remediation raw/hfq layers, and independent reconstruction."
STOCK_RS_PULLBACK_v1:002444.SZ:2024-03-29:2024-04-01,NET_RETURN_AND_COST_RECALCULATION,Net return and one cost deduction,CRITICAL,0.04142482589102814,0.04142482589102814,0.0,PASS,True,"""round_trip_cost=0.002""",OpenCode (assistant),2026-07-18T13:40:16.915473+00:00,"Reviewed against locked signal, frozen qfq layer, remediation raw/hfq layers, and independent reconstruction."
STOCK_RS_PULLBACK_v1:002444.SZ:2024-03-29:2024-04-01,R_MULTIPLE_RECALCULATION,R multiple,CRITICAL,0.7066666666666658,0.7066666666666658,0.0,PASS,True,"""round_trip_cost=0.002""",OpenCode (assistant),2026-07-18T13:40:16.915473+00:00,"Reviewed against locked signal, frozen qfq layer, remediation raw/hfq layers, and independent reconstruction."
STOCK_RS_PULLBACK_v1:002444.SZ:2024-03-29:2024-04-01,PRICE_ADJUSTMENT_CONSISTENCY,Adjustment series consistency,CRITICAL,"[""qfq""]","[""qfq""]",,PASS,True,"""signal/entry/exit adj_type""",OpenCode (assistant),2026-07-18T13:40:16.915473+00:00,"Reviewed against locked signal, frozen qfq layer, remediation raw/hfq layers, and independent reconstruction."
STOCK_RS_PULLBACK_v1:002444.SZ:2024-03-29:2024-04-01,EXECUTION_REALISM,Raw execution-price realism,BLOCKING_DATA,"[""True"", ""True"", ""True"", true]",true,,PASS,True,"""requires consistent raw and adjusted OHLC plus adjustment factors""",OpenCode (assistant),2026-07-18T13:40:16.915473+00:00,"Reviewed against locked signal, frozen qfq layer, remediation raw/hfq layers, and independent reconstruction."
STOCK_RS_PULLBACK_v1:002444.SZ:2024-03-29:2024-04-01,HISTORICAL_ST_STATUS,Historical ST execution branch,BLOCKING_DATA,null,"{""branch_invariant_rows"": 11, ""known_rows"": 0, ""rows"": 11}",,PASS_BRANCH_INVARIANT,False,"""ST/non-ST branches compared; non-execution-time differences remain non-blocking after complete trade replay""",OpenCode (assistant),2026-07-18T13:40:16.915473+00:00,"Reviewed against locked signal, frozen qfq layer, remediation raw/hfq layers, and independent reconstruction."
STOCK_RS_PULLBACK_v1:002444.SZ:2024-03-29:2024-04-01,LIMIT_PRICE_VERIFICATION,Board/date-specific limit price,BLOCKING_DATA,null,"{""branch_invariant_rows"": 11, ""known_rows"": 0}",,NOT_EVALUABLE_LIMIT_PRICE_BRANCH_INVARIANT,False,"""exact limits retained as check limitations; complete fail-closed trade replay determines materiality""",OpenCode (assistant),2026-07-18T13:40:16.915473+00:00,Confirmed blocking data limitation; no value imputed.
STOCK_RS_PULLBACK_v1:002564.SZ:2015-11-20:2015-11-23,UNIVERSE_TRADABLE_AT_SIGNAL,Signal-day universe,CRITICAL,"""002564.SZ""",true,,PASS,True,"""signal_date=2015-11-20 00:00:00""",OpenCode (assistant),2026-07-18T13:40:16.915473+00:00,"Reviewed against locked signal, frozen qfq layer, remediation raw/hfq layers, and independent reconstruction."
STOCK_RS_PULLBACK_v1:002564.SZ:2015-11-20:2015-11-23,DATE_ORDER_VALID,Pullback/trigger/entry order,CRITICAL,"[""2015-11-18 00:00:00"", ""2015-11-20 00:00:00"", ""2015-11-23 00:00:00""]",true,,PASS,True,"""strictly increasing dates""",OpenCode (assistant),2026-07-18T13:40:16.915473+00:00,"Reviewed against locked signal, frozen qfq layer, remediation raw/hfq layers, and independent reconstruction."
STOCK_RS_PULLBACK_v1:002564.SZ:2015-11-20:2015-11-23,NO_LOOKAHEAD_IN_INDICATORS,Prefix-only indicator reconstruction,CRITICAL,"{""high_10d"": 10.46, ""ma20"": 9.338, ""ma60"": 8.465666666666667, ""ret20"": 0.18815331010452985, ""vol_ma5"": 32007282.0}","{""high_10d"": 10.46, ""ma20"": 9.338, ""ma60"": 8.465666666666666, ""ret20"": 0.18815331010452985, ""vol_ma5"": 32007282.0}",,PASS,True,"""prefix-only rolling recomputation""",OpenCode (assistant),2026-07-18T13:40:16.915473+00:00,"Reviewed against locked signal, frozen qfq layer, remediation raw/hfq layers, and independent reconstruction."
STOCK_RS_PULLBACK_v1:002564.SZ:2015-11-20:2015-11-23,ENTRY_IS_NEXT_TRADING_DAY_OPEN,Next trading-day raw open entry,CRITICAL,"[""2015-11-23"", 10.2]","[""2015-11-23 00:00:00"", 10.2]",,PASS,True,"""first stock bar after trigger; raw open required""",OpenCode (assistant),2026-07-18T13:40:16.915473+00:00,"Reviewed against locked signal, frozen qfq layer, remediation raw/hfq layers, and independent reconstruction."
STOCK_RS_PULLBACK_v1:002564.SZ:2015-11-20:2015-11-23,ENTRY_DAY_EXECUTABLE,Entry-day execution status,CRITICAL,"{""adj_close"": 9.9, ""adj_factor"": 1.0, ""adj_high"": 10.23, ""adj_low"": 9.84, ""adj_offset"": -0.009999999999999787, ""adj_open"": 10.19, ""adj_type"": ""qfq"", ""adjustment_fit_error"": 0.0, ""adjustment_status"": ""KNOWN_AFFINE_TDX_QFQ_HFQ_VALIDATED"", ""board"": ""MAIN_SZ"", ""can_buy_at_open"": ""TRUE"", ""can_sell_at_close"": ""TRUE"", ""can_sell_at_open"": ""TRUE"", ""can_sell_intraday"": ""TRUE"", ""close"": 9.9, ""close_at_limit_down"": ""FALSE"", ""close_at_limit_up"": ""FALSE"", ""closing_auction_fill_status"": ""UNKNOWN"", ""code"": ""002564.SZ"", ""date"": ""2015-11-23 00:00:00"", ""hfq_close"": 32.0, ""hfq_fit_error"": 0.001218274111678852, ""hfq_high"": 33.06, ""hfq_low"": 31.81, ""hfq_open"": 32.93, ""high"": 10.23, ""historical_st_branch_status"": ""PASS_BRANCH_INVARIANT"", ""historical_st_status"": ""UNKNOWN"", ""is_suspended"": false, ""limit_down_price"": NaN, ""limit_rule_reason"": ""point-in-time ST status unavailable; execution state resolved only where both ST rule candidates agree"", ""limit_rule_status"": ""UNKNOWN_MISSING_HISTORICAL_ST"", ""limit_up_price"": NaN, ""listing_date"": ""2011-03-10 00:00:00"", ""listing_trading_day"": 1051.0, ""low"": 9.84, ""one_price_limit_down"": ""FALSE"", ""one_price_limit_up"": ""FALSE"", ""open"": 10.19, ""open_at_limit_down"": ""FALSE"", ""open_at_limit_up"": ""FALSE"", ""opening_auction_fill_status"": ""UNKNOWN"", ""raw_close"": 9.91, ""raw_high"": 10.24, ""raw_low"": 9.85, ""raw_open"": 10.2, ""raw_pre_close"": 10.24, ""scheduled_close_fill_status"": ""FILLED_AT_CLOSE"", ""volume"": 39613625.0}","{""executable"": true, ""expected_outcome"": ""valid trade requires executable entry""}",,PASS,True,"""raw open, adjustment factor, trade status, and explicit open fillability""",OpenCode (assistant),2026-07-18T13:40:16.915473+00:00,"Reviewed against locked signal, frozen qfq layer, remediation raw/hfq layers, and independent reconstruction."
STOCK_RS_PULLBACK_v1:002564.SZ:2015-11-20:2015-11-23,T1_NO_ENTRY_DAY_EXIT,A-share T+1,CRITICAL,"[""2015-11-23 00:00:00"", ""2015-12-04 00:00:00""]",true,,PASS,True,"""exit must follow entry date""",OpenCode (assistant),2026-07-18T13:40:16.915473+00:00,"Reviewed against locked signal, frozen qfq layer, remediation raw/hfq layers, and independent reconstruction."
STOCK_RS_PULLBACK_v1:002564.SZ:2015-11-20:2015-11-23,EXIT_DATE_REASON_RECONSTRUCTION,Independent exit date and reason,CRITICAL,"[""2015-12-04 00:00:00"", ""max_holding_exit""]","[""2015-12-04 00:00:00"", ""max_holding_exit""]",,PASS,True,"""full post-entry replay with T+1 and sellability""",OpenCode (assistant),2026-07-18T13:40:16.915473+00:00,"Reviewed against locked signal, frozen qfq layer, remediation raw/hfq layers, and independent reconstruction."
STOCK_RS_PULLBACK_v1:002564.SZ:2015-11-20:2015-11-23,HOLDING_DAYS_RECONSTRUCTION,Holding days including deferred fills,CRITICAL,10,10,0.0,PASS,True,"""max_holding_exit""",OpenCode (assistant),2026-07-18T13:40:16.915473+00:00,"Reviewed against locked signal, frozen qfq layer, remediation raw/hfq layers, and independent reconstruction."
STOCK_RS_PULLBACK_v1:002564.SZ:2015-11-20:2015-11-23,EXIT_PRICE_RECONSTRUCTION,Independent adjusted exit price,CRITICAL,11.409999999999998,11.41,-1.7763568394002505e-15,PASS,True,"""full post-entry replay""",OpenCode (assistant),2026-07-18T13:40:16.915473+00:00,"Reviewed against locked signal, frozen qfq layer, remediation raw/hfq layers, and independent reconstruction."
STOCK_RS_PULLBACK_v1:002564.SZ:2015-11-20:2015-11-23,GROSS_RETURN_RECALCULATION,Gross return,CRITICAL,0.11972522080471037,0.1197252208047106,-2.220446049250313e-16,PASS,True,"""round_trip_cost=0.002""",OpenCode (assistant),2026-07-18T13:40:16.915473+00:00,"Reviewed against locked signal, frozen qfq layer, remediation raw/hfq layers, and independent reconstruction."
STOCK_RS_PULLBACK_v1:002564.SZ:2015-11-20:2015-11-23,NET_RETURN_AND_COST_RECALCULATION,Net return and one cost deduction,CRITICAL,0.11772522080471037,0.1177252208047106,-2.220446049250313e-16,PASS,True,"""round_trip_cost=0.002""",OpenCode (assistant),2026-07-18T13:40:16.915473+00:00,"Reviewed against locked signal, frozen qfq layer, remediation raw/hfq layers, and independent reconstruction."
STOCK_RS_PULLBACK_v1:002564.SZ:2015-11-20:2015-11-23,R_MULTIPLE_RECALCULATION,R multiple,CRITICAL,1.3863636363636367,1.3863636363636387,-1.9984014443252818e-15,PASS,True,"""round_trip_cost=0.002""",OpenCode (assistant),2026-07-18T13:40:16.915473+00:00,"Reviewed against locked signal, frozen qfq layer, remediation raw/hfq layers, and independent reconstruction."
STOCK_RS_PULLBACK_v1:002564.SZ:2015-11-20:2015-11-23,PRICE_ADJUSTMENT_CONSISTENCY,Adjustment series consistency,CRITICAL,"[""qfq""]","[""qfq""]",,PASS,True,"""signal/entry/exit adj_type""",OpenCode (assistant),2026-07-18T13:40:16.915473+00:00,"Reviewed against locked signal, frozen qfq layer, remediation raw/hfq layers, and independent reconstruction."
STOCK_RS_PULLBACK_v1:002564.SZ:2015-11-20:2015-11-23,EXECUTION_REALISM,Raw execution-price realism,BLOCKING_DATA,"[""True"", ""True"", ""True"", true]",true,,PASS,True,"""requires consistent raw and adjusted OHLC plus adjustment factors""",OpenCode (assistant),2026-07-18T13:40:16.915473+00:00,"Reviewed against locked signal, frozen qfq layer, remediation raw/hfq layers, and independent reconstruction."
STOCK_RS_PULLBACK_v1:002564.SZ:2015-11-20:2015-11-23,HISTORICAL_ST_STATUS,Historical ST execution branch,BLOCKING_DATA,null,"{""branch_invariant_rows"": 11, ""known_rows"": 0, ""rows"": 11}",,PASS_BRANCH_INVARIANT,False,"""ST/non-ST branches compared; non-execution-time differences remain non-blocking after complete trade replay""",OpenCode (assistant),2026-07-18T13:40:16.915473+00:00,"Reviewed against locked signal, frozen qfq layer, remediation raw/hfq layers, and independent reconstruction."
STOCK_RS_PULLBACK_v1:002564.SZ:2015-11-20:2015-11-23,LIMIT_PRICE_VERIFICATION,Board/date-specific limit price,BLOCKING_DATA,null,"{""branch_invariant_rows"": 11, ""known_rows"": 0}",,NOT_EVALUABLE_LIMIT_PRICE_BRANCH_INVARIANT,False,"""exact limits retained as check limitations; complete fail-closed trade replay determines materiality""",OpenCode (assistant),2026-07-18T13:40:16.915473+00:00,Confirmed blocking data limitation; no value imputed.
STOCK_RS_PULLBACK_v1:002601.SZ:2016-02-22:2016-02-23,UNIVERSE_TRADABLE_AT_SIGNAL,Signal-day universe,CRITICAL,"""002601.SZ""",true,,PASS,True,"""signal_date=2016-02-22 00:00:00""",OpenCode (assistant),2026-07-18T13:40:16.915473+00:00,"Reviewed against locked signal, frozen qfq layer, remediation raw/hfq layers, and independent reconstruction."
STOCK_RS_PULLBACK_v1:002601.SZ:2016-02-22:2016-02-23,DATE_ORDER_VALID,Pullback/trigger/entry order,CRITICAL,"[""2016-02-16 00:00:00"", ""2016-02-22 00:00:00"", ""2016-02-23 00:00:00""]",true,,PASS,True,"""strictly increasing dates""",OpenCode (assistant),2026-07-18T13:40:16.915473+00:00,"Reviewed against locked signal, frozen qfq layer, remediation raw/hfq layers, and independent reconstruction."
STOCK_RS_PULLBACK_v1:002601.SZ:2016-02-22:2016-02-23,NO_LOOKAHEAD_IN_INDICATORS,Prefix-only indicator reconstruction,CRITICAL,"{""high_10d"": 4.59, ""ma20"": 2.1605, ""ma60"": 1.8511666666666668, ""ret20"": 10.54054054054054, ""vol_ma5"": 10964377.6}","{""high_10d"": 4.59, ""ma20"": 2.1605, ""ma60"": 1.8511666666666666, ""ret20"": 10.54054054054054, ""vol_ma5"": 10964377.6}",,PASS,True,"""prefix-only rolling recomputation""",OpenCode (assistant),2026-07-18T13:40:16.915473+00:00,"Reviewed against locked signal, frozen qfq layer, remediation raw/hfq layers, and independent reconstruction."
STOCK_RS_PULLBACK_v1:002601.SZ:2016-02-22:2016-02-23,ENTRY_IS_NEXT_TRADING_DAY_OPEN,Next trading-day raw open entry,CRITICAL,"[""2016-02-23"", 46.33]","[""2016-02-23 00:00:00"", 46.33]",,PASS,True,"""first stock bar after trigger; raw open required""",OpenCode (assistant),2026-07-18T13:40:16.915473+00:00,"Reviewed against locked signal, frozen qfq layer, remediation raw/hfq layers, and independent reconstruction."
STOCK_RS_PULLBACK_v1:002601.SZ:2016-02-22:2016-02-23,ENTRY_DAY_EXECUTABLE,Entry-day execution status,CRITICAL,"{""adj_close"": 4.66, ""adj_factor"": 0.28656122974244297, ""adj_high"": 4.89, ""adj_low"": 4.13, ""adj_offset"": -8.951900527184629, ""adj_open"": 4.32, ""adj_type"": ""qfq"", ""adjustment_fit_error"": 0.004481246782752635, ""adjustment_status"": ""KNOWN_AFFINE_TDX_QFQ_HFQ_VALIDATED"", ""board"": ""MAIN_SZ"", ""can_buy_at_open"": ""TRUE"", ""can_sell_at_close"": ""TRUE"", ""can_sell_at_open"": ""TRUE"", ""can_sell_intraday"": ""TRUE"", ""close"": 4.66, ""close_at_limit_down"": ""FALSE"", ""close_at_limit_up"": ""FALSE"", ""closing_auction_fill_status"": ""UNKNOWN"", ""code"": ""002601.SZ"", ""date"": ""2016-02-23 00:00:00"", ""hfq_close"": 96.4, ""hfq_fit_error"": 0.0, ""hfq_high"": 98.0, ""hfq_low"": 92.68, ""hfq_open"": 94.06, ""high"": 4.89, ""historical_st_branch_status"": ""PASS_BRANCH_INVARIANT"", ""historical_st_status"": ""UNKNOWN"", ""is_suspended"": false, ""limit_down_price"": NaN, ""limit_rule_reason"": ""point-in-time ST status unavailable; execution state resolved only where both ST rule candidates agree"", ""limit_rule_status"": ""UNKNOWN_MISSING_HISTORICAL_ST"", ""limit_up_price"": NaN, ""listing_date"": ""2011-07-15 00:00:00"", ""listing_trading_day"": 1051.0, ""low"": 4.13, ""one_price_limit_down"": ""FALSE"", ""one_price_limit_up"": ""FALSE"", ""open"": 4.32, ""open_at_limit_down"": ""FALSE"", ""open_at_limit_up"": ""FALSE"", ""opening_auction_fill_status"": ""UNKNOWN"", ""raw_close"": 47.5, ""raw_high"": 48.3, ""raw_low"": 45.64, ""raw_open"": 46.33, ""raw_pre_close"": 46.14, ""scheduled_close_fill_status"": ""FILLED_AT_CLOSE"", ""volume"": 11269837.0}","{""executable"": true, ""expected_outcome"": ""valid trade requires executable entry""}",,PASS,True,"""raw open, adjustment factor, trade status, and explicit open fillability""",OpenCode (assistant),2026-07-18T13:40:16.915473+00:00,"Reviewed against locked signal, frozen qfq layer, remediation raw/hfq layers, and independent reconstruction."
STOCK_RS_PULLBACK_v1:002601.SZ:2016-02-22:2016-02-23,T1_NO_ENTRY_DAY_EXIT,A-share T+1,CRITICAL,"[""2016-02-23 00:00:00"", ""2016-02-26 00:00:00""]",true,,PASS,True,"""exit must follow entry date""",OpenCode (assistant),2026-07-18T13:40:16.915473+00:00,"Reviewed against locked signal, frozen qfq layer, remediation raw/hfq layers, and independent reconstruction."
STOCK_RS_PULLBACK_v1:002601.SZ:2016-02-22:2016-02-23,EXIT_DATE_REASON_RECONSTRUCTION,Independent exit date and reason,CRITICAL,"[""2016-02-26 00:00:00"", ""stop_loss""]","[""2016-02-26 00:00:00"", ""stop_loss""]",,PASS,True,"""full post-entry replay with T+1 and sellability""",OpenCode (assistant),2026-07-18T13:40:16.915473+00:00,"Reviewed against locked signal, frozen qfq layer, remediation raw/hfq layers, and independent reconstruction."
STOCK_RS_PULLBACK_v1:002601.SZ:2016-02-22:2016-02-23,HOLDING_DAYS_RECONSTRUCTION,Holding days including deferred fills,CRITICAL,4,4,0.0,PASS,True,"""stop_loss""",OpenCode (assistant),2026-07-18T13:40:16.915473+00:00,"Reviewed against locked signal, frozen qfq layer, remediation raw/hfq layers, and independent reconstruction."
STOCK_RS_PULLBACK_v1:002601.SZ:2016-02-22:2016-02-23,EXIT_PRICE_RECONSTRUCTION,Independent adjusted exit price,CRITICAL,2.49,2.49,0.0,PASS,True,"""full post-entry replay""",OpenCode (assistant),2026-07-18T13:40:16.915473+00:00,"Reviewed against locked signal, frozen qfq layer, remediation raw/hfq layers, and independent reconstruction."
STOCK_RS_PULLBACK_v1:002601.SZ:2016-02-22:2016-02-23,GROSS_RETURN_RECALCULATION,Gross return,CRITICAL,-0.42361111111111105,-0.42361111111111105,0.0,PASS,True,"""round_trip_cost=0.002""",OpenCode (assistant),2026-07-18T13:40:16.915473+00:00,"Reviewed against locked signal, frozen qfq layer, remediation raw/hfq layers, and independent reconstruction."
STOCK_RS_PULLBACK_v1:002601.SZ:2016-02-22:2016-02-23,NET_RETURN_AND_COST_RECALCULATION,Net return and one cost deduction,CRITICAL,-0.42561111111111105,-0.42561111111111105,0.0,PASS,True,"""round_trip_cost=0.002""",OpenCode (assistant),2026-07-18T13:40:16.915473+00:00,"Reviewed against locked signal, frozen qfq layer, remediation raw/hfq layers, and independent reconstruction."
STOCK_RS_PULLBACK_v1:002601.SZ:2016-02-22:2016-02-23,R_MULTIPLE_RECALCULATION,R multiple,CRITICAL,-1.0,-1.0,0.0,PASS,True,"""round_trip_cost=0.002""",OpenCode (assistant),2026-07-18T13:40:16.915473+00:00,"Reviewed against locked signal, frozen qfq layer, remediation raw/hfq layers, and independent reconstruction."
STOCK_RS_PULLBACK_v1:002601.SZ:2016-02-22:2016-02-23,PRICE_ADJUSTMENT_CONSISTENCY,Adjustment series consistency,CRITICAL,"[""qfq""]","[""qfq""]",,PASS,True,"""signal/entry/exit adj_type""",OpenCode (assistant),2026-07-18T13:40:16.915473+00:00,"Reviewed against locked signal, frozen qfq layer, remediation raw/hfq layers, and independent reconstruction."
STOCK_RS_PULLBACK_v1:002601.SZ:2016-02-22:2016-02-23,EXECUTION_REALISM,Raw execution-price realism,BLOCKING_DATA,"[""True"", ""True"", ""True"", true]",true,,PASS,True,"""requires consistent raw and adjusted OHLC plus adjustment factors""",OpenCode (assistant),2026-07-18T13:40:16.915473+00:00,"Reviewed against locked signal, frozen qfq layer, remediation raw/hfq layers, and independent reconstruction."
STOCK_RS_PULLBACK_v1:002601.SZ:2016-02-22:2016-02-23,HISTORICAL_ST_STATUS,Historical ST execution branch,BLOCKING_DATA,null,"{""branch_invariant_rows"": 4, ""known_rows"": 0, ""rows"": 5}",,NOT_EVALUABLE_MISSING_HISTORICAL_ST,False,"""ST/non-ST branches compared; non-execution-time differences remain non-blocking after complete trade replay""",OpenCode (assistant),2026-07-18T13:40:16.915473+00:00,Confirmed blocking data limitation; no value imputed.
STOCK_RS_PULLBACK_v1:002601.SZ:2016-02-22:2016-02-23,LIMIT_PRICE_VERIFICATION,Board/date-specific limit price,BLOCKING_DATA,null,"""UNKNOWN_MISSING_HISTORICAL_ST""",,NOT_EVALUABLE_LIMIT_PRICE,False,"""exact limits retained as check limitations; complete fail-closed trade replay determines materiality""",OpenCode (assistant),2026-07-18T13:40:16.915473+00:00,Confirmed blocking data limitation; no value imputed.
STOCK_RS_PULLBACK_v1:002821.SZ:2020-02-12:2020-02-13,UNIVERSE_TRADABLE_AT_SIGNAL,Signal-day universe,CRITICAL,"""002821.SZ""",true,,PASS,True,"""signal_date=2020-02-12 00:00:00""",OpenCode (assistant),2026-07-18T13:40:16.915473+00:00,"Reviewed against locked signal, frozen qfq layer, remediation raw/hfq layers, and independent reconstruction."
STOCK_RS_PULLBACK_v1:002821.SZ:2020-02-12:2020-02-13,DATE_ORDER_VALID,Pullback/trigger/entry order,CRITICAL,"[""2020-02-11 00:00:00"", ""2020-02-12 00:00:00"", ""2020-02-13 00:00:00""]",true,,PASS,True,"""strictly increasing dates""",OpenCode (assistant),2026-07-18T13:40:16.915473+00:00,"Reviewed against locked signal, frozen qfq layer, remediation raw/hfq layers, and independent reconstruction."
STOCK_RS_PULLBACK_v1:002821.SZ:2020-02-12:2020-02-13,NO_LOOKAHEAD_IN_INDICATORS,Prefix-only indicator reconstruction,CRITICAL,"{""high_10d"": 115.0, ""ma20"": 100.7345, ""ma60"": 90.42166666666667, ""ret20"": 0.29118953026408034, ""vol_ma5"": 2895819.0}","{""high_10d"": 115.0, ""ma20"": 100.7345, ""ma60"": 90.42166666666665, ""ret20"": 0.29118953026408034, ""vol_ma5"": 2895819.0}",,PASS,True,"""prefix-only rolling recomputation""",OpenCode (assistant),2026-07-18T13:40:16.915473+00:00,"Reviewed against locked signal, frozen qfq layer, remediation raw/hfq layers, and independent reconstruction."
STOCK_RS_PULLBACK_v1:002821.SZ:2020-02-12:2020-02-13,ENTRY_IS_NEXT_TRADING_DAY_OPEN,Next trading-day raw open entry,CRITICAL,"[""2020-02-13"", 165.0]","[""2020-02-13 00:00:00"", 165.0]",,PASS,True,"""first stock bar after trigger; raw open required""",OpenCode (assistant),2026-07-18T13:40:16.915473+00:00,"Reviewed against locked signal, frozen qfq layer, remediation raw/hfq layers, and independent reconstruction."
STOCK_RS_PULLBACK_v1:002821.SZ:2020-02-12:2020-02-13,ENTRY_DAY_EXECUTABLE,Entry-day execution status,CRITICAL,"{""adj_close"": 107.54, ""adj_factor"": 0.7143527956680522, ""adj_high"": 111.15, ""adj_low"": 106.93, ""adj_offset"": -7.3684304081415775, ""adj_open"": 110.5, ""adj_type"": ""qfq"", ""adjustment_fit_error"": 0.002360303021305299, ""adjustment_status"": ""KNOWN_AFFINE_TDX_QFQ_HFQ_VALIDATED"", ""board"": ""MAIN_SZ"", ""can_buy_at_open"": ""TRUE"", ""can_sell_at_close"": ""TRUE"", ""can_sell_at_open"": ""TRUE"", ""can_sell_intraday"": ""TRUE"", ""close"": 107.54, ""close_at_limit_down"": ""FALSE"", ""close_at_limit_up"": ""FALSE"", ""closing_auction_fill_status"": ""UNKNOWN"", ""code"": ""002821.SZ"", ""date"": ""2020-02-13 00:00:00"", ""hfq_close"": 323.72, ""hfq_fit_error"": 0.0, ""hfq_high"": 333.82, ""hfq_low"": 322.0, ""hfq_open"": 332.0, ""high"": 111.15, ""historical_st_branch_status"": ""PASS_BRANCH_INVARIANT"", ""historical_st_status"": ""UNKNOWN"", ""is_suspended"": false, ""limit_down_price"": NaN, ""limit_rule_reason"": ""point-in-time ST status unavailable; execution state resolved only where both ST rule candidates agree"", ""limit_rule_status"": ""UNKNOWN_MISSING_HISTORICAL_ST"", ""limit_up_price"": NaN, ""listing_date"": ""2016-11-18 00:00:00"", ""listing_trading_day"": 787.0, ""low"": 106.93, ""one_price_limit_down"": ""FALSE"", ""one_price_limit_up"": ""FALSE"", ""open"": 110.5, ""open_at_limit_down"": ""FALSE"", ""open_at_limit_up"": ""FALSE"", ""opening_auction_fill_status"": ""UNKNOWN"", ""raw_close"": 160.86, ""raw_high"": 165.91, ""raw_low"": 160.0, ""raw_open"": 165.0, ""raw_pre_close"": 165.0, ""scheduled_close_fill_status"": ""FILLED_AT_CLOSE"", ""volume"": 1799101.0}","{""executable"": true, ""expected_outcome"": ""valid trade requires executable entry""}",,PASS,True,"""raw open, adjustment factor, trade status, and explicit open fillability""",OpenCode (assistant),2026-07-18T13:40:16.915473+00:00,"Reviewed against locked signal, frozen qfq layer, remediation raw/hfq layers, and independent reconstruction."
STOCK_RS_PULLBACK_v1:002821.SZ:2020-02-12:2020-02-13,T1_NO_ENTRY_DAY_EXIT,A-share T+1,CRITICAL,"[""2020-02-13 00:00:00"", ""2020-02-18 00:00:00""]",true,,PASS,True,"""exit must follow entry date""",OpenCode (assistant),2026-07-18T13:40:16.915473+00:00,"Reviewed against locked signal, frozen qfq layer, remediation raw/hfq layers, and independent reconstruction."
STOCK_RS_PULLBACK_v1:002821.SZ:2020-02-12:2020-02-13,EXIT_DATE_REASON_RECONSTRUCTION,Independent exit date and reason,CRITICAL,"[""2020-02-18 00:00:00"", ""target_2r""]","[""2020-02-18 00:00:00"", ""target_2r""]",,PASS,True,"""full post-entry replay with T+1 and sellability""",OpenCode (assistant),2026-07-18T13:40:16.915473+00:00,"Reviewed against locked signal, frozen qfq layer, remediation raw/hfq layers, and independent reconstruction."
STOCK_RS_PULLBACK_v1:002821.SZ:2020-02-12:2020-02-13,HOLDING_DAYS_RECONSTRUCTION,Holding days including deferred fills,CRITICAL,4,4,0.0,PASS,True,"""target_2r""",OpenCode (assistant),2026-07-18T13:40:16.915473+00:00,"Reviewed against locked signal, frozen qfq layer, remediation raw/hfq layers, and independent reconstruction."
STOCK_RS_PULLBACK_v1:002821.SZ:2020-02-12:2020-02-13,EXIT_PRICE_RECONSTRUCTION,Independent adjusted exit price,CRITICAL,123.36000000000001,123.36000000000001,0.0,PASS,True,"""full post-entry replay""",OpenCode (assistant),2026-07-18T13:40:16.915473+00:00,"Reviewed against locked signal, frozen qfq layer, remediation raw/hfq layers, and independent reconstruction."
STOCK_RS_PULLBACK_v1:002821.SZ:2020-02-12:2020-02-13,GROSS_RETURN_RECALCULATION,Gross return,CRITICAL,0.11638009049773768,0.11638009049773768,0.0,PASS,True,"""round_trip_cost=0.002""",OpenCode (assistant),2026-07-18T13:40:16.915473+00:00,"Reviewed against locked signal, frozen qfq layer, remediation raw/hfq layers, and independent reconstruction."
STOCK_RS_PULLBACK_v1:002821.SZ:2020-02-12:2020-02-13,NET_RETURN_AND_COST_RECALCULATION,Net return and one cost deduction,CRITICAL,0.11438009049773767,0.11438009049773767,0.0,PASS,True,"""round_trip_cost=0.002""",OpenCode (assistant),2026-07-18T13:40:16.915473+00:00,"Reviewed against locked signal, frozen qfq layer, remediation raw/hfq layers, and independent reconstruction."
STOCK_RS_PULLBACK_v1:002821.SZ:2020-02-12:2020-02-13,R_MULTIPLE_RECALCULATION,R multiple,CRITICAL,2.0,2.0,0.0,PASS,True,"""round_trip_cost=0.002""",OpenCode (assistant),2026-07-18T13:40:16.915473+00:00,"Reviewed against locked signal, frozen qfq layer, remediation raw/hfq layers, and independent reconstruction."
STOCK_RS_PULLBACK_v1:002821.SZ:2020-02-12:2020-02-13,PRICE_ADJUSTMENT_CONSISTENCY,Adjustment series consistency,CRITICAL,"[""qfq""]","[""qfq""]",,PASS,True,"""signal/entry/exit adj_type""",OpenCode (assistant),2026-07-18T13:40:16.915473+00:00,"Reviewed against locked signal, frozen qfq layer, remediation raw/hfq layers, and independent reconstruction."
STOCK_RS_PULLBACK_v1:002821.SZ:2020-02-12:2020-02-13,EXECUTION_REALISM,Raw execution-price realism,BLOCKING_DATA,"[""True"", ""True"", ""True"", true]",true,,PASS,True,"""requires consistent raw and adjusted OHLC plus adjustment factors""",OpenCode (assistant),2026-07-18T13:40:16.915473+00:00,"Reviewed against locked signal, frozen qfq layer, remediation raw/hfq layers, and independent reconstruction."
STOCK_RS_PULLBACK_v1:002821.SZ:2020-02-12:2020-02-13,HISTORICAL_ST_STATUS,Historical ST execution branch,BLOCKING_DATA,null,"{""branch_invariant_rows"": 5, ""known_rows"": 0, ""rows"": 5}",,PASS_BRANCH_INVARIANT,False,"""ST/non-ST branches compared; non-execution-time differences remain non-blocking after complete trade replay""",OpenCode (assistant),2026-07-18T13:40:16.915473+00:00,"Reviewed against locked signal, frozen qfq layer, remediation raw/hfq layers, and independent reconstruction."
STOCK_RS_PULLBACK_v1:002821.SZ:2020-02-12:2020-02-13,LIMIT_PRICE_VERIFICATION,Board/date-specific limit price,BLOCKING_DATA,null,"{""branch_invariant_rows"": 5, ""known_rows"": 0}",,NOT_EVALUABLE_LIMIT_PRICE_BRANCH_INVARIANT,False,"""exact limits retained as check limitations; complete fail-closed trade replay determines materiality""",OpenCode (assistant),2026-07-18T13:40:16.915473+00:00,Confirmed blocking data limitation; no value imputed.
STOCK_RS_PULLBACK_v1:300001.SZ:2026-05-18:2026-05-19,UNIVERSE_TRADABLE_AT_SIGNAL,Signal-day universe,CRITICAL,"""300001.SZ""",true,,PASS,True,"""signal_date=2026-05-18 00:00:00""",OpenCode (assistant),2026-07-18T13:40:16.915473+00:00,"Reviewed against locked signal, frozen qfq layer, remediation raw/hfq layers, and independent reconstruction."
STOCK_RS_PULLBACK_v1:300001.SZ:2026-05-18:2026-05-19,DATE_ORDER_VALID,Pullback/trigger/entry order,CRITICAL,"[""2026-05-15 00:00:00"", ""2026-05-18 00:00:00"", ""2026-05-19 00:00:00""]",true,,PASS,True,"""strictly increasing dates""",OpenCode (assistant),2026-07-18T13:40:16.915473+00:00,"Reviewed against locked signal, frozen qfq layer, remediation raw/hfq layers, and independent reconstruction."
STOCK_RS_PULLBACK_v1:300001.SZ:2026-05-18:2026-05-19,NO_LOOKAHEAD_IN_INDICATORS,Prefix-only indicator reconstruction,CRITICAL,"{""high_10d"": 38.89, ""ma20"": 31.3745, ""ma60"": 29.74983333333333, ""ret20"": 0.32911392405063267, ""vol_ma5"": 67016044.0}","{""high_10d"": 38.89, ""ma20"": 31.3745, ""ma60"": 29.749833333333335, ""ret20"": 0.32911392405063267, ""vol_ma5"": 67016044.0}",,PASS,True,"""prefix-only rolling recomputation""",OpenCode (assistant),2026-07-18T13:40:16.915473+00:00,"Reviewed against locked signal, frozen qfq layer, remediation raw/hfq layers, and independent reconstruction."
STOCK_RS_PULLBACK_v1:300001.SZ:2026-05-18:2026-05-19,ENTRY_IS_NEXT_TRADING_DAY_OPEN,Next trading-day raw open entry,CRITICAL,"[""2026-05-19"", 38.0]","[""2026-05-19 00:00:00"", 38.0]",,PASS,True,"""first stock bar after trigger; raw open required""",OpenCode (assistant),2026-07-18T13:40:16.915473+00:00,"Reviewed against locked signal, frozen qfq layer, remediation raw/hfq layers, and independent reconstruction."
STOCK_RS_PULLBACK_v1:300001.SZ:2026-05-18:2026-05-19,ENTRY_DAY_EXECUTABLE,Entry-day execution status,CRITICAL,"{""adj_close"": 39.65, ""adj_factor"": 0.9999999999999997, ""adj_high"": 39.71, ""adj_low"": 37.2, ""adj_offset"": -0.19999999999998863, ""adj_open"": 37.8, ""adj_type"": ""qfq"", ""adjustment_fit_error"": 7.105427357601002e-15, ""adjustment_status"": ""KNOWN_AFFINE_TDX_QFQ_HFQ_VALIDATED"", ""board"": ""CHINEXT"", ""can_buy_at_open"": ""TRUE"", ""can_sell_at_close"": ""TRUE"", ""can_sell_at_open"": ""TRUE"", ""can_sell_intraday"": ""TRUE"", ""close"": 39.65, ""close_at_limit_down"": ""FALSE"", ""close_at_limit_up"": ""FALSE"", ""closing_auction_fill_status"": ""UNKNOWN"", ""code"": ""300001.SZ"", ""date"": ""2026-05-19 00:00:00"", ""hfq_close"": 267.59, ""hfq_fit_error"": 0.002974646345819565, ""hfq_high"": 267.98, ""hfq_low"": 251.42, ""hfq_open"": 255.38, ""high"": 39.71, ""historical_st_branch_status"": ""PASS_BRANCH_INVARIANT"", ""historical_st_status"": ""UNKNOWN"", ""is_suspended"": false, ""limit_down_price"": NaN, ""limit_rule_reason"": ""point-in-time ST status unavailable; execution state resolved only where both ST rule candidates agree"", ""limit_rule_status"": ""UNKNOWN_MISSING_HISTORICAL_ST"", ""limit_up_price"": NaN, ""listing_date"": ""2009-10-30 00:00:00"", ""listing_trading_day"": 3925.0, ""low"": 37.2, ""one_price_limit_down"": ""FALSE"", ""one_price_limit_up"": ""FALSE"", ""open"": 37.8, ""open_at_limit_down"": ""FALSE"", ""open_at_limit_up"": ""FALSE"", ""opening_auction_fill_status"": ""UNKNOWN"", ""raw_close"": 39.85, ""raw_high"": 39.91, ""raw_low"": 37.4, ""raw_open"": 38.0, ""raw_pre_close"": 38.0, ""scheduled_close_fill_status"": ""FILLED_AT_CLOSE"", ""volume"": 47119845.0}","{""executable"": true, ""expected_outcome"": ""valid trade requires executable entry""}",,PASS,True,"""raw open, adjustment factor, trade status, and explicit open fillability""",OpenCode (assistant),2026-07-18T13:40:16.915473+00:00,"Reviewed against locked signal, frozen qfq layer, remediation raw/hfq layers, and independent reconstruction."
STOCK_RS_PULLBACK_v1:300001.SZ:2026-05-18:2026-05-19,T1_NO_ENTRY_DAY_EXIT,A-share T+1,CRITICAL,"[""2026-05-19 00:00:00"", ""2026-06-01 00:00:00""]",true,,PASS,True,"""exit must follow entry date""",OpenCode (assistant),2026-07-18T13:40:16.915473+00:00,"Reviewed against locked signal, frozen qfq layer, remediation raw/hfq layers, and independent reconstruction."
STOCK_RS_PULLBACK_v1:300001.SZ:2026-05-18:2026-05-19,EXIT_DATE_REASON_RECONSTRUCTION,Independent exit date and reason,CRITICAL,"[""2026-06-01 00:00:00"", ""max_holding_exit""]","[""2026-06-01 00:00:00"", ""max_holding_exit""]",,PASS,True,"""full post-entry replay with T+1 and sellability""",OpenCode (assistant),2026-07-18T13:40:16.915473+00:00,"Reviewed against locked signal, frozen qfq layer, remediation raw/hfq layers, and independent reconstruction."
STOCK_RS_PULLBACK_v1:300001.SZ:2026-05-18:2026-05-19,HOLDING_DAYS_RECONSTRUCTION,Holding days including deferred fills,CRITICAL,10,10,0.0,PASS,True,"""max_holding_exit""",OpenCode (assistant),2026-07-18T13:40:16.915473+00:00,"Reviewed against locked signal, frozen qfq layer, remediation raw/hfq layers, and independent reconstruction."
STOCK_RS_PULLBACK_v1:300001.SZ:2026-05-18:2026-05-19,EXIT_PRICE_RECONSTRUCTION,Independent adjusted exit price,CRITICAL,37.83,37.83,0.0,PASS,True,"""full post-entry replay""",OpenCode (assistant),2026-07-18T13:40:16.915473+00:00,"Reviewed against locked signal, frozen qfq layer, remediation raw/hfq layers, and independent reconstruction."
STOCK_RS_PULLBACK_v1:300001.SZ:2026-05-18:2026-05-19,GROSS_RETURN_RECALCULATION,Gross return,CRITICAL,0.0007936507936507908,0.0007936507936507908,0.0,PASS,True,"""round_trip_cost=0.002""",OpenCode (assistant),2026-07-18T13:40:16.915473+00:00,"Reviewed against locked signal, frozen qfq layer, remediation raw/hfq layers, and independent reconstruction."
STOCK_RS_PULLBACK_v1:300001.SZ:2026-05-18:2026-05-19,NET_RETURN_AND_COST_RECALCULATION,Net return and one cost deduction,CRITICAL,-0.0012063492063492092,-0.0012063492063492092,0.0,PASS,True,"""round_trip_cost=0.002""",OpenCode (assistant),2026-07-18T13:40:16.915473+00:00,"Reviewed against locked signal, frozen qfq layer, remediation raw/hfq layers, and independent reconstruction."
STOCK_RS_PULLBACK_v1:300001.SZ:2026-05-18:2026-05-19,R_MULTIPLE_RECALCULATION,R multiple,CRITICAL,0.013824884792627286,0.013824884792627286,0.0,PASS,True,"""round_trip_cost=0.002""",OpenCode (assistant),2026-07-18T13:40:16.915473+00:00,"Reviewed against locked signal, frozen qfq layer, remediation raw/hfq layers, and independent reconstruction."
STOCK_RS_PULLBACK_v1:300001.SZ:2026-05-18:2026-05-19,PRICE_ADJUSTMENT_CONSISTENCY,Adjustment series consistency,CRITICAL,"[""qfq""]","[""qfq""]",,PASS,True,"""signal/entry/exit adj_type""",OpenCode (assistant),2026-07-18T13:40:16.915473+00:00,"Reviewed against locked signal, frozen qfq layer, remediation raw/hfq layers, and independent reconstruction."
STOCK_RS_PULLBACK_v1:300001.SZ:2026-05-18:2026-05-19,EXECUTION_REALISM,Raw execution-price realism,BLOCKING_DATA,"[""True"", ""True"", ""True"", true]",true,,PASS,True,"""requires consistent raw and adjusted OHLC plus adjustment factors""",OpenCode (assistant),2026-07-18T13:40:16.915473+00:00,"Reviewed against locked signal, frozen qfq layer, remediation raw/hfq layers, and independent reconstruction."
STOCK_RS_PULLBACK_v1:300001.SZ:2026-05-18:2026-05-19,HISTORICAL_ST_STATUS,Historical ST execution branch,BLOCKING_DATA,null,"{""branch_invariant_rows"": 11, ""known_rows"": 0, ""rows"": 11}",,PASS_BRANCH_INVARIANT,False,"""ST/non-ST branches compared; non-execution-time differences remain non-blocking after complete trade replay""",OpenCode (assistant),2026-07-18T13:40:16.915473+00:00,"Reviewed against locked signal, frozen qfq layer, remediation raw/hfq layers, and independent reconstruction."
STOCK_RS_PULLBACK_v1:300001.SZ:2026-05-18:2026-05-19,LIMIT_PRICE_VERIFICATION,Board/date-specific limit price,BLOCKING_DATA,null,"{""branch_invariant_rows"": 11, ""known_rows"": 0}",,NOT_EVALUABLE_LIMIT_PRICE_BRANCH_INVARIANT,False,"""exact limits retained as check limitations; complete fail-closed trade replay determines materiality""",OpenCode (assistant),2026-07-18T13:40:16.915473+00:00,Confirmed blocking data limitation; no value imputed.
STOCK_RS_PULLBACK_v1:300039.SZ:2022-02-18:2022-02-21,UNIVERSE_TRADABLE_AT_SIGNAL,Signal-day universe,CRITICAL,"""300039.SZ""",true,,PASS,True,"""signal_date=2022-02-18 00:00:00""",OpenCode (assistant),2026-07-18T13:40:16.915473+00:00,"Reviewed against locked signal, frozen qfq layer, remediation raw/hfq layers, and independent reconstruction."
STOCK_RS_PULLBACK_v1:300039.SZ:2022-02-18:2022-02-21,DATE_ORDER_VALID,Pullback/trigger/entry order,CRITICAL,"[""2022-02-16 00:00:00"", ""2022-02-18 00:00:00"", ""2022-02-21 00:00:00""]",true,,PASS,True,"""strictly increasing dates""",OpenCode (assistant),2026-07-18T13:40:16.915473+00:00,"Reviewed against locked signal, frozen qfq layer, remediation raw/hfq layers, and independent reconstruction."
STOCK_RS_PULLBACK_v1:300039.SZ:2022-02-18:2022-02-21,NO_LOOKAHEAD_IN_INDICATORS,Prefix-only indicator reconstruction,CRITICAL,"{""high_10d"": 7.14, ""ma20"": 6.008, ""ma60"": 5.259833333333333, ""ret20"": 0.14700854700854715, ""vol_ma5"": 117069394.6}","{""high_10d"": 7.14, ""ma20"": 6.007999999999999, ""ma60"": 5.259833333333332, ""ret20"": 0.14700854700854715, ""vol_ma5"": 117069394.6}",,PASS,True,"""prefix-only rolling recomputation""",OpenCode (assistant),2026-07-18T13:40:16.915473+00:00,"Reviewed against locked signal, frozen qfq layer, remediation raw/hfq layers, and independent reconstruction."
STOCK_RS_PULLBACK_v1:300039.SZ:2022-02-18:2022-02-21,ENTRY_IS_NEXT_TRADING_DAY_OPEN,Next trading-day raw open entry,CRITICAL,"[""2022-02-21"", 7.08]","[""2022-02-21 00:00:00"", 7.08]",,PASS,True,"""first stock bar after trigger; raw open required""",OpenCode (assistant),2026-07-18T13:40:16.915473+00:00,"Reviewed against locked signal, frozen qfq layer, remediation raw/hfq layers, and independent reconstruction."
STOCK_RS_PULLBACK_v1:300039.SZ:2022-02-18:2022-02-21,ENTRY_DAY_EXECUTABLE,Entry-day execution status,CRITICAL,"{""adj_close"": 7.45, ""adj_factor"": 1.0000000000000009, ""adj_high"": 7.93, ""adj_low"": 6.39, ""adj_offset"": -0.4400000000000075, ""adj_open"": 6.64, ""adj_type"": ""qfq"", ""adjustment_fit_error"": 8.881784197001252e-16, ""adjustment_status"": ""KNOWN_AFFINE_TDX_QFQ_HFQ_VALIDATED"", ""board"": ""CHINEXT"", ""can_buy_at_open"": ""TRUE"", ""can_sell_at_close"": ""TRUE"", ""can_sell_at_open"": ""TRUE"", ""can_sell_intraday"": ""TRUE"", ""close"": 7.45, ""close_at_limit_down"": ""FALSE"", ""close_at_limit_up"": ""FALSE"", ""closing_auction_fill_status"": ""UNKNOWN"", ""code"": ""300039.SZ"", ""date"": ""2022-02-21 00:00:00"", ""hfq_close"": 87.72, ""hfq_fit_error"": 0.0024186762274354123, ""hfq_high"": 92.39, ""hfq_low"": 77.4, ""hfq_open"": 79.83, ""high"": 7.93, ""historical_st_branch_status"": ""PASS_BRANCH_INVARIANT"", ""historical_st_status"": ""UNKNOWN"", ""is_suspended"": false, ""limit_down_price"": NaN, ""limit_rule_reason"": ""point-in-time ST status unavailable; execution state resolved only where both ST rule candidates agree"", ""limit_rule_status"": ""UNKNOWN_MISSING_HISTORICAL_ST"", ""limit_up_price"": NaN, ""listing_date"": ""2010-01-08 00:00:00"", ""listing_trading_day"": 2934.0, ""low"": 6.39, ""one_price_limit_down"": ""FALSE"", ""one_price_limit_up"": ""FALSE"", ""open"": 6.64, ""open_at_limit_down"": ""FALSE"", ""open_at_limit_up"": ""FALSE"", ""opening_auction_fill_status"": ""UNKNOWN"", ""raw_close"": 7.89, ""raw_high"": 8.37, ""raw_low"": 6.83, ""raw_open"": 7.08, ""raw_pre_close"": 7.15, ""scheduled_close_fill_status"": ""FILLED_AT_CLOSE"", ""volume"": 158808007.0}","{""executable"": true, ""expected_outcome"": ""valid trade requires executable entry""}",,PASS,True,"""raw open, adjustment factor, trade status, and explicit open fillability""",OpenCode (assistant),2026-07-18T13:40:16.915473+00:00,"Reviewed against locked signal, frozen qfq layer, remediation raw/hfq layers, and independent reconstruction."
STOCK_RS_PULLBACK_v1:300039.SZ:2022-02-18:2022-02-21,T1_NO_ENTRY_DAY_EXIT,A-share T+1,CRITICAL,"[""2022-02-21 00:00:00"", ""2022-02-22 00:00:00""]",true,,PASS,True,"""exit must follow entry date""",OpenCode (assistant),2026-07-18T13:40:16.915473+00:00,"Reviewed against locked signal, frozen qfq layer, remediation raw/hfq layers, and independent reconstruction."
STOCK_RS_PULLBACK_v1:300039.SZ:2022-02-18:2022-02-21,EXIT_DATE_REASON_RECONSTRUCTION,Independent exit date and reason,CRITICAL,"[""2022-02-22 00:00:00"", ""target_2r""]","[""2022-02-22 00:00:00"", ""target_2r""]",,PASS,True,"""full post-entry replay with T+1 and sellability""",OpenCode (assistant),2026-07-18T13:40:16.915473+00:00,"Reviewed against locked signal, frozen qfq layer, remediation raw/hfq layers, and independent reconstruction."
STOCK_RS_PULLBACK_v1:300039.SZ:2022-02-18:2022-02-21,HOLDING_DAYS_RECONSTRUCTION,Holding days including deferred fills,CRITICAL,2,2,0.0,PASS,True,"""target_2r""",OpenCode (assistant),2026-07-18T13:40:16.915473+00:00,"Reviewed against locked signal, frozen qfq layer, remediation raw/hfq layers, and independent reconstruction."
STOCK_RS_PULLBACK_v1:300039.SZ:2022-02-18:2022-02-21,EXIT_PRICE_RECONSTRUCTION,Independent adjusted exit price,CRITICAL,7.3,7.3,0.0,PASS,True,"""full post-entry replay""",OpenCode (assistant),2026-07-18T13:40:16.915473+00:00,"Reviewed against locked signal, frozen qfq layer, remediation raw/hfq layers, and independent reconstruction."
STOCK_RS_PULLBACK_v1:300039.SZ:2022-02-18:2022-02-21,GROSS_RETURN_RECALCULATION,Gross return,CRITICAL,0.09939759036144591,0.09939759036144591,0.0,PASS,True,"""round_trip_cost=0.002""",OpenCode (assistant),2026-07-18T13:40:16.915473+00:00,"Reviewed against locked signal, frozen qfq layer, remediation raw/hfq layers, and independent reconstruction."
STOCK_RS_PULLBACK_v1:300039.SZ:2022-02-18:2022-02-21,NET_RETURN_AND_COST_RECALCULATION,Net return and one cost deduction,CRITICAL,0.09739759036144591,0.09739759036144591,0.0,PASS,True,"""round_trip_cost=0.002""",OpenCode (assistant),2026-07-18T13:40:16.915473+00:00,"Reviewed against locked signal, frozen qfq layer, remediation raw/hfq layers, and independent reconstruction."
STOCK_RS_PULLBACK_v1:300039.SZ:2022-02-18:2022-02-21,R_MULTIPLE_RECALCULATION,R multiple,CRITICAL,2.0,2.0,0.0,PASS,True,"""round_trip_cost=0.002""",OpenCode (assistant),2026-07-18T13:40:16.915473+00:00,"Reviewed against locked signal, frozen qfq layer, remediation raw/hfq layers, and independent reconstruction."
STOCK_RS_PULLBACK_v1:300039.SZ:2022-02-18:2022-02-21,PRICE_ADJUSTMENT_CONSISTENCY,Adjustment series consistency,CRITICAL,"[""qfq""]","[""qfq""]",,PASS,True,"""signal/entry/exit adj_type""",OpenCode (assistant),2026-07-18T13:40:16.915473+00:00,"Reviewed against locked signal, frozen qfq layer, remediation raw/hfq layers, and independent reconstruction."
STOCK_RS_PULLBACK_v1:300039.SZ:2022-02-18:2022-02-21,EXECUTION_REALISM,Raw execution-price realism,BLOCKING_DATA,"[""True"", ""True"", ""True"", true]",true,,PASS,True,"""requires consistent raw and adjusted OHLC plus adjustment factors""",OpenCode (assistant),2026-07-18T13:40:16.915473+00:00,"Reviewed against locked signal, frozen qfq layer, remediation raw/hfq layers, and independent reconstruction."
STOCK_RS_PULLBACK_v1:300039.SZ:2022-02-18:2022-02-21,HISTORICAL_ST_STATUS,Historical ST execution branch,BLOCKING_DATA,null,"{""branch_invariant_rows"": 3, ""known_rows"": 0, ""rows"": 3}",,PASS_BRANCH_INVARIANT,False,"""ST/non-ST branches compared; non-execution-time differences remain non-blocking after complete trade replay""",OpenCode (assistant),2026-07-18T13:40:16.915473+00:00,"Reviewed against locked signal, frozen qfq layer, remediation raw/hfq layers, and independent reconstruction."
STOCK_RS_PULLBACK_v1:300039.SZ:2022-02-18:2022-02-21,LIMIT_PRICE_VERIFICATION,Board/date-specific limit price,BLOCKING_DATA,null,"{""branch_invariant_rows"": 3, ""known_rows"": 0}",,NOT_EVALUABLE_LIMIT_PRICE_BRANCH_INVARIANT,False,"""exact limits retained as check limitations; complete fail-closed trade replay determines materiality""",OpenCode (assistant),2026-07-18T13:40:16.915473+00:00,Confirmed blocking data limitation; no value imputed.
STOCK_RS_PULLBACK_v1:300137.SZ:2015-05-21:2015-05-22,UNIVERSE_TRADABLE_AT_SIGNAL,Signal-day universe,CRITICAL,"""300137.SZ""",true,,PASS,True,"""signal_date=2015-05-21 00:00:00""",OpenCode (assistant),2026-07-18T13:40:16.915473+00:00,"Reviewed against locked signal, frozen qfq layer, remediation raw/hfq layers, and independent reconstruction."
STOCK_RS_PULLBACK_v1:300137.SZ:2015-05-21:2015-05-22,DATE_ORDER_VALID,Pullback/trigger/entry order,CRITICAL,"[""2015-05-19 00:00:00"", ""2015-05-21 00:00:00"", ""2015-05-22 00:00:00""]",true,,PASS,True,"""strictly increasing dates""",OpenCode (assistant),2026-07-18T13:40:16.915473+00:00,"Reviewed against locked signal, frozen qfq layer, remediation raw/hfq layers, and independent reconstruction."
STOCK_RS_PULLBACK_v1:300137.SZ:2015-05-21:2015-05-22,NO_LOOKAHEAD_IN_INDICATORS,Prefix-only indicator reconstruction,CRITICAL,"{""high_10d"": 15.2, ""ma20"": 12.5365, ""ma60"": 11.763166666666667, ""ret20"": 0.2761578044596913, ""vol_ma5"": 37143590.8}","{""high_10d"": 15.2, ""ma20"": 12.5365, ""ma60"": 11.763166666666669, ""ret20"": 0.2761578044596913, ""vol_ma5"": 37143590.8}",,PASS,True,"""prefix-only rolling recomputation""",OpenCode (assistant),2026-07-18T13:40:16.915473+00:00,"Reviewed against locked signal, frozen qfq layer, remediation raw/hfq layers, and independent reconstruction."
STOCK_RS_PULLBACK_v1:300137.SZ:2015-05-21:2015-05-22,ENTRY_IS_NEXT_TRADING_DAY_OPEN,Next trading-day raw open entry,CRITICAL,"[""2015-05-22"", 24.57]","[""2015-05-22 00:00:00"", 24.57]",,PASS,True,"""first stock bar after trigger; raw open required""",OpenCode (assistant),2026-07-18T13:40:16.915473+00:00,"Reviewed against locked signal, frozen qfq layer, remediation raw/hfq layers, and independent reconstruction."
STOCK_RS_PULLBACK_v1:300137.SZ:2015-05-21:2015-05-22,ENTRY_DAY_EXECUTABLE,Entry-day execution status,CRITICAL,"{""adj_close"": 14.46, ""adj_factor"": 0.6252988008455319, ""adj_high"": 15.08, ""adj_low"": 14.18, ""adj_offset"": -0.4837942274639868, ""adj_open"": 14.88, ""adj_type"": ""qfq"", ""adjustment_fit_error"": 0.0008471127442248871, ""adjustment_status"": ""KNOWN_AFFINE_TDX_QFQ_HFQ_VALIDATED"", ""board"": ""CHINEXT"", ""can_buy_at_open"": ""TRUE"", ""can_sell_at_close"": ""TRUE"", ""can_sell_at_open"": ""TRUE"", ""can_sell_intraday"": ""TRUE"", ""close"": 14.46, ""close_at_limit_down"": ""FALSE"", ""close_at_limit_up"": ""FALSE"", ""closing_auction_fill_status"": ""UNKNOWN"", ""code"": ""300137.SZ"", ""date"": ""2015-05-22 00:00:00"", ""hfq_close"": 64.78, ""hfq_fit_error"": 0.0023732195420649305, ""hfq_high"": 67.45, ""hfq_low"": 63.56, ""hfq_open"": 66.59, ""high"": 15.08, ""historical_st_branch_status"": ""PASS_BRANCH_INVARIANT"", ""historical_st_status"": ""UNKNOWN"", ""is_suspended"": false, ""limit_down_price"": NaN, ""limit_rule_reason"": ""point-in-time ST status unavailable; execution state resolved only where both ST rule candidates agree"", ""limit_rule_status"": ""UNKNOWN_MISSING_HISTORICAL_ST"", ""limit_up_price"": NaN, ""listing_date"": ""2010-11-05 00:00:00"", ""listing_trading_day"": 1052.0, ""low"": 14.18, ""one_price_limit_down"": ""FALSE"", ""one_price_limit_up"": ""FALSE"", ""open"": 14.88, ""open_at_limit_down"": ""FALSE"", ""open_at_limit_up"": ""FALSE"", ""opening_auction_fill_status"": ""UNKNOWN"", ""raw_close"": 23.9, ""raw_high"": 24.89, ""raw_low"": 23.45, ""raw_open"": 24.57, ""raw_pre_close"": 24.57, ""scheduled_close_fill_status"": ""FILLED_AT_CLOSE"", ""volume"": 31048957.0}","{""executable"": true, ""expected_outcome"": ""valid trade requires executable entry""}",,PASS,True,"""raw open, adjustment factor, trade status, and explicit open fillability""",OpenCode (assistant),2026-07-18T13:40:16.915473+00:00,"Reviewed against locked signal, frozen qfq layer, remediation raw/hfq layers, and independent reconstruction."
STOCK_RS_PULLBACK_v1:300137.SZ:2015-05-21:2015-05-22,T1_NO_ENTRY_DAY_EXIT,A-share T+1,CRITICAL,"[""2015-05-22 00:00:00"", ""2015-05-29 00:00:00""]",true,,PASS,True,"""exit must follow entry date""",OpenCode (assistant),2026-07-18T13:40:16.915473+00:00,"Reviewed against locked signal, frozen qfq layer, remediation raw/hfq layers, and independent reconstruction."
STOCK_RS_PULLBACK_v1:300137.SZ:2015-05-21:2015-05-22,EXIT_DATE_REASON_RECONSTRUCTION,Independent exit date and reason,CRITICAL,"[""2015-05-29 00:00:00"", ""time_stop_no_upside_progress""]","[""2015-05-29 00:00:00"", ""time_stop_no_upside_progress""]",,PASS,True,"""full post-entry replay with T+1 and sellability""",OpenCode (assistant),2026-07-18T13:40:16.915473+00:00,"Reviewed against locked signal, frozen qfq layer, remediation raw/hfq layers, and independent reconstruction."
STOCK_RS_PULLBACK_v1:300137.SZ:2015-05-21:2015-05-22,HOLDING_DAYS_RECONSTRUCTION,Holding days including deferred fills,CRITICAL,6,6,0.0,PASS,True,"""time_stop_no_upside_progress""",OpenCode (assistant),2026-07-18T13:40:16.915473+00:00,"Reviewed against locked signal, frozen qfq layer, remediation raw/hfq layers, and independent reconstruction."
STOCK_RS_PULLBACK_v1:300137.SZ:2015-05-21:2015-05-22,EXIT_PRICE_RECONSTRUCTION,Independent adjusted exit price,CRITICAL,13.507822787780805,13.51,-0.0021772122191947574,PASS,True,"""full post-entry replay""",OpenCode (assistant),2026-07-18T13:40:16.915473+00:00,"Reviewed against locked signal, frozen qfq layer, remediation raw/hfq layers, and independent reconstruction."
STOCK_RS_PULLBACK_v1:300137.SZ:2015-05-21:2015-05-22,GROSS_RETURN_RECALCULATION,Gross return,CRITICAL,-0.09221621049860185,-0.09206989247311836,-0.00014631802548348283,PASS,True,"""round_trip_cost=0.002""",OpenCode (assistant),2026-07-18T13:40:16.915473+00:00,"Reviewed against locked signal, frozen qfq layer, remediation raw/hfq layers, and independent reconstruction."
STOCK_RS_PULLBACK_v1:300137.SZ:2015-05-21:2015-05-22,NET_RETURN_AND_COST_RECALCULATION,Net return and one cost deduction,CRITICAL,-0.09421621049860185,-0.09406989247311837,-0.00014631802548348283,PASS,True,"""round_trip_cost=0.002""",OpenCode (assistant),2026-07-18T13:40:16.915473+00:00,"Reviewed against locked signal, frozen qfq layer, remediation raw/hfq layers, and independent reconstruction."
STOCK_RS_PULLBACK_v1:300137.SZ:2015-05-21:2015-05-22,R_MULTIPLE_RECALCULATION,R multiple,CRITICAL,-1.0720134470462457,-1.0703124999999998,-0.0017009470462459042,PASS,True,"""round_trip_cost=0.002""",OpenCode (assistant),2026-07-18T13:40:16.915473+00:00,"Reviewed against locked signal, frozen qfq layer, remediation raw/hfq layers, and independent reconstruction."
STOCK_RS_PULLBACK_v1:300137.SZ:2015-05-21:2015-05-22,PRICE_ADJUSTMENT_CONSISTENCY,Adjustment series consistency,CRITICAL,"[""qfq""]","[""qfq""]",,PASS,True,"""signal/entry/exit adj_type""",OpenCode (assistant),2026-07-18T13:40:16.915473+00:00,"Reviewed against locked signal, frozen qfq layer, remediation raw/hfq layers, and independent reconstruction."
STOCK_RS_PULLBACK_v1:300137.SZ:2015-05-21:2015-05-22,EXECUTION_REALISM,Raw execution-price realism,BLOCKING_DATA,"[""True"", ""True"", ""True"", true]",true,,PASS,True,"""requires consistent raw and adjusted OHLC plus adjustment factors""",OpenCode (assistant),2026-07-18T13:40:16.915473+00:00,"Reviewed against locked signal, frozen qfq layer, remediation raw/hfq layers, and independent reconstruction."
STOCK_RS_PULLBACK_v1:300137.SZ:2015-05-21:2015-05-22,HISTORICAL_ST_STATUS,Historical ST execution branch,BLOCKING_DATA,null,"{""branch_invariant_rows"": 6, ""known_rows"": 1, ""rows"": 7}",,PASS_BRANCH_INVARIANT,False,"""ST/non-ST branches compared; non-execution-time differences remain non-blocking after complete trade replay""",OpenCode (assistant),2026-07-18T13:40:16.915473+00:00,"Reviewed against locked signal, frozen qfq layer, remediation raw/hfq layers, and independent reconstruction."
STOCK_RS_PULLBACK_v1:300137.SZ:2015-05-21:2015-05-22,LIMIT_PRICE_VERIFICATION,Board/date-specific limit price,BLOCKING_DATA,null,"{""branch_invariant_rows"": 6, ""known_rows"": 1}",,NOT_EVALUABLE_LIMIT_PRICE_BRANCH_INVARIANT,False,"""exact limits retained as check limitations; complete fail-closed trade replay determines materiality""",OpenCode (assistant),2026-07-18T13:40:16.915473+00:00,Confirmed blocking data limitation; no value imputed.
STOCK_RS_PULLBACK_v1:300285.SZ:2021-06-10:2021-06-11,UNIVERSE_TRADABLE_AT_SIGNAL,Signal-day universe,CRITICAL,"""300285.SZ""",true,,PASS,True,"""signal_date=2021-06-10 00:00:00""",OpenCode (assistant),2026-07-18T13:40:16.915473+00:00,"Reviewed against locked signal, frozen qfq layer, remediation raw/hfq layers, and independent reconstruction."
STOCK_RS_PULLBACK_v1:300285.SZ:2021-06-10:2021-06-11,DATE_ORDER_VALID,Pullback/trigger/entry order,CRITICAL,"[""2021-06-09 00:00:00"", ""2021-06-10 00:00:00"", ""2021-06-11 00:00:00""]",true,,PASS,True,"""strictly increasing dates""",OpenCode (assistant),2026-07-18T13:40:16.915473+00:00,"Reviewed against locked signal, frozen qfq layer, remediation raw/hfq layers, and independent reconstruction."
STOCK_RS_PULLBACK_v1:300285.SZ:2021-06-10:2021-06-11,NO_LOOKAHEAD_IN_INDICATORS,Prefix-only indicator reconstruction,CRITICAL,"{""high_10d"": 52.75, ""ma20"": 49.633500000000005, ""ma60"": 45.88516666666667, ""ret20"": 0.11235230934479068, ""vol_ma5"": 6377995.4}","{""high_10d"": 52.75, ""ma20"": 49.633500000000005, ""ma60"": 45.88516666666667, ""ret20"": 0.11235230934479068, ""vol_ma5"": 6377995.4}",,PASS,True,"""prefix-only rolling recomputation""",OpenCode (assistant),2026-07-18T13:40:16.915473+00:00,"Reviewed against locked signal, frozen qfq layer, remediation raw/hfq layers, and independent reconstruction."
STOCK_RS_PULLBACK_v1:300285.SZ:2021-06-10:2021-06-11,ENTRY_IS_NEXT_TRADING_DAY_OPEN,Next trading-day raw open entry,CRITICAL,"[""2021-06-11"", 52.5]","[""2021-06-11 00:00:00"", 52.5]",,PASS,True,"""first stock bar after trigger; raw open required""",OpenCode (assistant),2026-07-18T13:40:16.915473+00:00,"Reviewed against locked signal, frozen qfq layer, remediation raw/hfq layers, and independent reconstruction."
STOCK_RS_PULLBACK_v1:300285.SZ:2021-06-10:2021-06-11,ENTRY_DAY_EXECUTABLE,Entry-day execution status,CRITICAL,"{""adj_close"": 50.89, ""adj_factor"": 0.9999999999999999, ""adj_high"": 51.89, ""adj_low"": 50.54, ""adj_offset"": -0.6099999999999994, ""adj_open"": 51.89, ""adj_type"": ""qfq"", ""adjustment_fit_error"": 7.105427357601002e-15, ""adjustment_status"": ""KNOWN_AFFINE_TDX_QFQ_HFQ_VALIDATED"", ""board"": ""CHINEXT"", ""can_buy_at_open"": ""TRUE"", ""can_sell_at_close"": ""TRUE"", ""can_sell_at_open"": ""TRUE"", ""can_sell_intraday"": ""TRUE"", ""close"": 50.89, ""close_at_limit_down"": ""FALSE"", ""close_at_limit_up"": ""FALSE"", ""closing_auction_fill_status"": ""UNKNOWN"", ""code"": ""300285.SZ"", ""date"": ""2021-06-11 00:00:00"", ""hfq_close"": 622.72, ""hfq_fit_error"": 1.1368683772161603e-13, ""hfq_high"": 634.72, ""hfq_low"": 618.52, ""hfq_open"": 634.72, ""high"": 51.89, ""historical_st_branch_status"": ""PASS_BRANCH_INVARIANT"", ""historical_st_status"": ""UNKNOWN"", ""is_suspended"": false, ""limit_down_price"": NaN, ""limit_rule_reason"": ""point-in-time ST status unavailable; execution state resolved only where both ST rule candidates agree"", ""limit_rule_status"": ""UNKNOWN_MISSING_HISTORICAL_ST"", ""limit_up_price"": NaN, ""listing_date"": ""2012-01-13 00:00:00"", ""listing_trading_day"": 2152.0, ""low"": 50.54, ""one_price_limit_down"": ""FALSE"", ""one_price_limit_up"": ""FALSE"", ""open"": 51.89, ""open_at_limit_down"": ""FALSE"", ""open_at_limit_up"": ""FALSE"", ""opening_auction_fill_status"": ""UNKNOWN"", ""raw_close"": 51.5, ""raw_high"": 52.5, ""raw_low"": 51.15, ""raw_open"": 52.5, ""raw_pre_close"": 52.39, ""scheduled_close_fill_status"": ""FILLED_AT_CLOSE"", ""volume"": 6034197.0}","{""executable"": true, ""expected_outcome"": ""valid trade requires executable entry""}",,PASS,True,"""raw open, adjustment factor, trade status, and explicit open fillability""",OpenCode (assistant),2026-07-18T13:40:16.915473+00:00,"Reviewed against locked signal, frozen qfq layer, remediation raw/hfq layers, and independent reconstruction."
STOCK_RS_PULLBACK_v1:300285.SZ:2021-06-10:2021-06-11,T1_NO_ENTRY_DAY_EXIT,A-share T+1,CRITICAL,"[""2021-06-11 00:00:00"", ""2021-06-15 00:00:00""]",true,,PASS,True,"""exit must follow entry date""",OpenCode (assistant),2026-07-18T13:40:16.915473+00:00,"Reviewed against locked signal, frozen qfq layer, remediation raw/hfq layers, and independent reconstruction."
STOCK_RS_PULLBACK_v1:300285.SZ:2021-06-10:2021-06-11,EXIT_DATE_REASON_RECONSTRUCTION,Independent exit date and reason,CRITICAL,"[""2021-06-15 00:00:00"", ""stop_loss""]","[""2021-06-15 00:00:00"", ""stop_loss""]",,PASS,True,"""full post-entry replay with T+1 and sellability""",OpenCode (assistant),2026-07-18T13:40:16.915473+00:00,"Reviewed against locked signal, frozen qfq layer, remediation raw/hfq layers, and independent reconstruction."
STOCK_RS_PULLBACK_v1:300285.SZ:2021-06-10:2021-06-11,HOLDING_DAYS_RECONSTRUCTION,Holding days including deferred fills,CRITICAL,2,2,0.0,PASS,True,"""stop_loss""",OpenCode (assistant),2026-07-18T13:40:16.915473+00:00,"Reviewed against locked signal, frozen qfq layer, remediation raw/hfq layers, and independent reconstruction."
STOCK_RS_PULLBACK_v1:300285.SZ:2021-06-10:2021-06-11,EXIT_PRICE_RECONSTRUCTION,Independent adjusted exit price,CRITICAL,49.6,49.6,0.0,PASS,True,"""full post-entry replay""",OpenCode (assistant),2026-07-18T13:40:16.915473+00:00,"Reviewed against locked signal, frozen qfq layer, remediation raw/hfq layers, and independent reconstruction."
STOCK_RS_PULLBACK_v1:300285.SZ:2021-06-10:2021-06-11,GROSS_RETURN_RECALCULATION,Gross return,CRITICAL,-0.04413181730583926,-0.04413181730583926,0.0,PASS,True,"""round_trip_cost=0.002""",OpenCode (assistant),2026-07-18T13:40:16.915473+00:00,"Reviewed against locked signal, frozen qfq layer, remediation raw/hfq layers, and independent reconstruction."
STOCK_RS_PULLBACK_v1:300285.SZ:2021-06-10:2021-06-11,NET_RETURN_AND_COST_RECALCULATION,Net return and one cost deduction,CRITICAL,-0.04613181730583926,-0.04613181730583926,0.0,PASS,True,"""round_trip_cost=0.002""",OpenCode (assistant),2026-07-18T13:40:16.915473+00:00,"Reviewed against locked signal, frozen qfq layer, remediation raw/hfq layers, and independent reconstruction."
STOCK_RS_PULLBACK_v1:300285.SZ:2021-06-10:2021-06-11,R_MULTIPLE_RECALCULATION,R multiple,CRITICAL,-1.0,-1.0,0.0,PASS,True,"""round_trip_cost=0.002""",OpenCode (assistant),2026-07-18T13:40:16.915473+00:00,"Reviewed against locked signal, frozen qfq layer, remediation raw/hfq layers, and independent reconstruction."
STOCK_RS_PULLBACK_v1:300285.SZ:2021-06-10:2021-06-11,PRICE_ADJUSTMENT_CONSISTENCY,Adjustment series consistency,CRITICAL,"[""qfq""]","[""qfq""]",,PASS,True,"""signal/entry/exit adj_type""",OpenCode (assistant),2026-07-18T13:40:16.915473+00:00,"Reviewed against locked signal, frozen qfq layer, remediation raw/hfq layers, and independent reconstruction."
STOCK_RS_PULLBACK_v1:300285.SZ:2021-06-10:2021-06-11,EXECUTION_REALISM,Raw execution-price realism,BLOCKING_DATA,"[""True"", ""True"", ""True"", true]",true,,PASS,True,"""requires consistent raw and adjusted OHLC plus adjustment factors""",OpenCode (assistant),2026-07-18T13:40:16.915473+00:00,"Reviewed against locked signal, frozen qfq layer, remediation raw/hfq layers, and independent reconstruction."
STOCK_RS_PULLBACK_v1:300285.SZ:2021-06-10:2021-06-11,HISTORICAL_ST_STATUS,Historical ST execution branch,BLOCKING_DATA,null,"{""branch_invariant_rows"": 3, ""known_rows"": 0, ""rows"": 3}",,PASS_BRANCH_INVARIANT,False,"""ST/non-ST branches compared; non-execution-time differences remain non-blocking after complete trade replay""",OpenCode (assistant),2026-07-18T13:40:16.915473+00:00,"Reviewed against locked signal, frozen qfq layer, remediation raw/hfq layers, and independent reconstruction."
STOCK_RS_PULLBACK_v1:300285.SZ:2021-06-10:2021-06-11,LIMIT_PRICE_VERIFICATION,Board/date-specific limit price,BLOCKING_DATA,null,"{""branch_invariant_rows"": 3, ""known_rows"": 0}",,NOT_EVALUABLE_LIMIT_PRICE_BRANCH_INVARIANT,False,"""exact limits retained as check limitations; complete fail-closed trade replay determines materiality""",OpenCode (assistant),2026-07-18T13:40:16.915473+00:00,Confirmed blocking data limitation; no value imputed.
STOCK_RS_PULLBACK_v1:300331.SZ:2026-01-12:2026-01-13,UNIVERSE_TRADABLE_AT_SIGNAL,Signal-day universe,CRITICAL,"""300331.SZ""",true,,PASS,True,"""signal_date=2026-01-12 00:00:00""",OpenCode (assistant),2026-07-18T13:40:16.915473+00:00,"Reviewed against locked signal, frozen qfq layer, remediation raw/hfq layers, and independent reconstruction."
STOCK_RS_PULLBACK_v1:300331.SZ:2026-01-12:2026-01-13,DATE_ORDER_VALID,Pullback/trigger/entry order,CRITICAL,"[""2026-01-09 00:00:00"", ""2026-01-12 00:00:00"", ""2026-01-13 00:00:00""]",true,,PASS,True,"""strictly increasing dates""",OpenCode (assistant),2026-07-18T13:40:16.915473+00:00,"Reviewed against locked signal, frozen qfq layer, remediation raw/hfq layers, and independent reconstruction."
STOCK_RS_PULLBACK_v1:300331.SZ:2026-01-12:2026-01-13,NO_LOOKAHEAD_IN_INDICATORS,Prefix-only indicator reconstruction,CRITICAL,"{""high_10d"": 43.83, ""ma20"": 33.708999999999996, ""ma60"": 32.821999999999996, ""ret20"": 0.4445184938353881, ""vol_ma5"": 50672887.6}","{""high_10d"": 43.83, ""ma20"": 33.709, ""ma60"": 32.821999999999996, ""ret20"": 0.4445184938353881, ""vol_ma5"": 50672887.6}",,PASS,True,"""prefix-only rolling recomputation""",OpenCode (assistant),2026-07-18T13:40:16.915473+00:00,"Reviewed against locked signal, frozen qfq layer, remediation raw/hfq layers, and independent reconstruction."
STOCK_RS_PULLBACK_v1:300331.SZ:2026-01-12:2026-01-13,ENTRY_IS_NEXT_TRADING_DAY_OPEN,Next trading-day raw open entry,CRITICAL,"[""2026-01-13"", 43.0]","[""2026-01-13 00:00:00"", 43.0]",,PASS,True,"""first stock bar after trigger; raw open required""",OpenCode (assistant),2026-07-18T13:40:16.915473+00:00,"Reviewed against locked signal, frozen qfq layer, remediation raw/hfq layers, and independent reconstruction."
STOCK_RS_PULLBACK_v1:300331.SZ:2026-01-12:2026-01-13,ENTRY_DAY_EXECUTABLE,Entry-day execution status,CRITICAL,"{""adj_close"": 41.66, ""adj_factor"": 1.0, ""adj_high"": 43.0, ""adj_low"": 41.02, ""adj_offset"": 0.0, ""adj_open"": 43.0, ""adj_type"": ""qfq"", ""adjustment_fit_error"": 0.0, ""adjustment_status"": ""KNOWN_AFFINE_TDX_QFQ_HFQ_VALIDATED"", ""board"": ""CHINEXT"", ""can_buy_at_open"": ""TRUE"", ""can_sell_at_close"": ""TRUE"", ""can_sell_at_open"": ""TRUE"", ""can_sell_intraday"": ""TRUE"", ""close"": 41.66, ""close_at_limit_down"": ""FALSE"", ""close_at_limit_up"": ""FALSE"", ""closing_auction_fill_status"": ""UNKNOWN"", ""code"": ""300331.SZ"", ""date"": ""2026-01-13 00:00:00"", ""hfq_close"": 126.51, ""hfq_fit_error"": 2.842170943040401e-14, ""hfq_high"": 130.53, ""hfq_low"": 124.59, ""hfq_open"": 130.53, ""high"": 43.0, ""historical_st_branch_status"": ""PASS_BRANCH_INVARIANT"", ""historical_st_status"": ""UNKNOWN"", ""is_suspended"": false, ""limit_down_price"": NaN, ""limit_rule_reason"": ""point-in-time ST status unavailable; execution state resolved only where both ST rule candidates agree"", ""limit_rule_status"": ""UNKNOWN_MISSING_HISTORICAL_ST"", ""limit_up_price"": NaN, ""listing_date"": ""2012-06-28 00:00:00"", ""listing_trading_day"": 3135.0, ""low"": 41.02, ""one_price_limit_down"": ""FALSE"", ""one_price_limit_up"": ""FALSE"", ""open"": 43.0, ""open_at_limit_down"": ""FALSE"", ""open_at_limit_up"": ""FALSE"", ""opening_auction_fill_status"": ""UNKNOWN"", ""raw_close"": 41.66, ""raw_high"": 43.0, ""raw_low"": 41.02, ""raw_open"": 43.0, ""raw_pre_close"": 43.35, ""scheduled_close_fill_status"": ""FILLED_AT_CLOSE"", ""volume"": 25667294.0}","{""executable"": true, ""expected_outcome"": ""valid trade requires executable entry""}",,PASS,True,"""raw open, adjustment factor, trade status, and explicit open fillability""",OpenCode (assistant),2026-07-18T13:40:16.915473+00:00,"Reviewed against locked signal, frozen qfq layer, remediation raw/hfq layers, and independent reconstruction."
STOCK_RS_PULLBACK_v1:300331.SZ:2026-01-12:2026-01-13,T1_NO_ENTRY_DAY_EXIT,A-share T+1,CRITICAL,"[""2026-01-13 00:00:00"", ""2026-01-14 00:00:00""]",true,,PASS,True,"""exit must follow entry date""",OpenCode (assistant),2026-07-18T13:40:16.915473+00:00,"Reviewed against locked signal, frozen qfq layer, remediation raw/hfq layers, and independent reconstruction."
STOCK_RS_PULLBACK_v1:300331.SZ:2026-01-12:2026-01-13,EXIT_DATE_REASON_RECONSTRUCTION,Independent exit date and reason,CRITICAL,"[""2026-01-14 00:00:00"", ""stop_loss""]","[""2026-01-14 00:00:00"", ""stop_loss""]",,PASS,True,"""full post-entry replay with T+1 and sellability""",OpenCode (assistant),2026-07-18T13:40:16.915473+00:00,"Reviewed against locked signal, frozen qfq layer, remediation raw/hfq layers, and independent reconstruction."
STOCK_RS_PULLBACK_v1:300331.SZ:2026-01-12:2026-01-13,HOLDING_DAYS_RECONSTRUCTION,Holding days including deferred fills,CRITICAL,2,2,0.0,PASS,True,"""stop_loss""",OpenCode (assistant),2026-07-18T13:40:16.915473+00:00,"Reviewed against locked signal, frozen qfq layer, remediation raw/hfq layers, and independent reconstruction."
STOCK_RS_PULLBACK_v1:300331.SZ:2026-01-12:2026-01-13,EXIT_PRICE_RECONSTRUCTION,Independent adjusted exit price,CRITICAL,40.21,40.21,0.0,PASS,True,"""full post-entry replay""",OpenCode (assistant),2026-07-18T13:40:16.915473+00:00,"Reviewed against locked signal, frozen qfq layer, remediation raw/hfq layers, and independent reconstruction."
STOCK_RS_PULLBACK_v1:300331.SZ:2026-01-12:2026-01-13,GROSS_RETURN_RECALCULATION,Gross return,CRITICAL,-0.06488372093023254,-0.06488372093023254,0.0,PASS,True,"""round_trip_cost=0.002""",OpenCode (assistant),2026-07-18T13:40:16.915473+00:00,"Reviewed against locked signal, frozen qfq layer, remediation raw/hfq layers, and independent reconstruction."
STOCK_RS_PULLBACK_v1:300331.SZ:2026-01-12:2026-01-13,NET_RETURN_AND_COST_RECALCULATION,Net return and one cost deduction,CRITICAL,-0.06688372093023254,-0.06688372093023254,0.0,PASS,True,"""round_trip_cost=0.002""",OpenCode (assistant),2026-07-18T13:40:16.915473+00:00,"Reviewed against locked signal, frozen qfq layer, remediation raw/hfq layers, and independent reconstruction."
STOCK_RS_PULLBACK_v1:300331.SZ:2026-01-12:2026-01-13,R_MULTIPLE_RECALCULATION,R multiple,CRITICAL,-1.0,-1.0,0.0,PASS,True,"""round_trip_cost=0.002""",OpenCode (assistant),2026-07-18T13:40:16.915473+00:00,"Reviewed against locked signal, frozen qfq layer, remediation raw/hfq layers, and independent reconstruction."
STOCK_RS_PULLBACK_v1:300331.SZ:2026-01-12:2026-01-13,PRICE_ADJUSTMENT_CONSISTENCY,Adjustment series consistency,CRITICAL,"[""qfq""]","[""qfq""]",,PASS,True,"""signal/entry/exit adj_type""",OpenCode (assistant),2026-07-18T13:40:16.915473+00:00,"Reviewed against locked signal, frozen qfq layer, remediation raw/hfq layers, and independent reconstruction."
STOCK_RS_PULLBACK_v1:300331.SZ:2026-01-12:2026-01-13,EXECUTION_REALISM,Raw execution-price realism,BLOCKING_DATA,"[""True"", ""True"", ""True"", true]",true,,PASS,True,"""requires consistent raw and adjusted OHLC plus adjustment factors""",OpenCode (assistant),2026-07-18T13:40:16.915473+00:00,"Reviewed against locked signal, frozen qfq layer, remediation raw/hfq layers, and independent reconstruction."
STOCK_RS_PULLBACK_v1:300331.SZ:2026-01-12:2026-01-13,HISTORICAL_ST_STATUS,Historical ST execution branch,BLOCKING_DATA,null,"{""branch_invariant_rows"": 3, ""known_rows"": 0, ""rows"": 3}",,PASS_BRANCH_INVARIANT,False,"""ST/non-ST branches compared; non-execution-time differences remain non-blocking after complete trade replay""",OpenCode (assistant),2026-07-18T13:40:16.915473+00:00,"Reviewed against locked signal, frozen qfq layer, remediation raw/hfq layers, and independent reconstruction."
STOCK_RS_PULLBACK_v1:300331.SZ:2026-01-12:2026-01-13,LIMIT_PRICE_VERIFICATION,Board/date-specific limit price,BLOCKING_DATA,null,"{""branch_invariant_rows"": 3, ""known_rows"": 0}",,NOT_EVALUABLE_LIMIT_PRICE_BRANCH_INVARIANT,False,"""exact limits retained as check limitations; complete fail-closed trade replay determines materiality""",OpenCode (assistant),2026-07-18T13:40:16.915473+00:00,Confirmed blocking data limitation; no value imputed.
STOCK_RS_PULLBACK_v1:300655.SZ:2025-09-23:2025-09-24,UNIVERSE_TRADABLE_AT_SIGNAL,Signal-day universe,CRITICAL,"""300655.SZ""",true,,PASS,True,"""signal_date=2025-09-23 00:00:00""",OpenCode (assistant),2026-07-18T13:40:16.915473+00:00,"Reviewed against locked signal, frozen qfq layer, remediation raw/hfq layers, and independent reconstruction."
STOCK_RS_PULLBACK_v1:300655.SZ:2025-09-23:2025-09-24,DATE_ORDER_VALID,Pullback/trigger/entry order,CRITICAL,"[""2025-09-22 00:00:00"", ""2025-09-23 00:00:00"", ""2025-09-24 00:00:00""]",true,,PASS,True,"""strictly increasing dates""",OpenCode (assistant),2026-07-18T13:40:16.915473+00:00,"Reviewed against locked signal, frozen qfq layer, remediation raw/hfq layers, and independent reconstruction."
STOCK_RS_PULLBACK_v1:300655.SZ:2025-09-23:2025-09-24,NO_LOOKAHEAD_IN_INDICATORS,Prefix-only indicator reconstruction,CRITICAL,"{""high_10d"": 13.65, ""ma20"": 12.4055, ""ma60"": 10.821666666666665, ""ret20"": 0.23306233062330617, ""vol_ma5"": 110761776.0}","{""high_10d"": 13.65, ""ma20"": 12.4055, ""ma60"": 10.821666666666665, ""ret20"": 0.23306233062330617, ""vol_ma5"": 110761776.0}",,PASS,True,"""prefix-only rolling recomputation""",OpenCode (assistant),2026-07-18T13:40:16.915473+00:00,"Reviewed against locked signal, frozen qfq layer, remediation raw/hfq layers, and independent reconstruction."
STOCK_RS_PULLBACK_v1:300655.SZ:2025-09-23:2025-09-24,ENTRY_IS_NEXT_TRADING_DAY_OPEN,Next trading-day raw open entry,CRITICAL,"[""2025-09-24"", 14.35]","[""2025-09-24 00:00:00"", 14.35]",,PASS,True,"""first stock bar after trigger; raw open required""",OpenCode (assistant),2026-07-18T13:40:16.915473+00:00,"Reviewed against locked signal, frozen qfq layer, remediation raw/hfq layers, and independent reconstruction."
STOCK_RS_PULLBACK_v1:300655.SZ:2025-09-23:2025-09-24,ENTRY_DAY_EXECUTABLE,Entry-day execution status,CRITICAL,"{""adj_close"": 14.42, ""adj_factor"": 0.9503732022574185, ""adj_high"": 15.16, ""adj_low"": 13.43, ""adj_offset"": 0.01156708538139739, ""adj_open"": 13.65, ""adj_type"": ""qfq"", ""adjustment_fit_error"": 0.0008367012561460996, ""adjustment_status"": ""KNOWN_AFFINE_TDX_QFQ_HFQ_VALIDATED"", ""board"": ""CHINEXT"", ""can_buy_at_open"": ""TRUE"", ""can_sell_at_close"": ""TRUE"", ""can_sell_at_open"": ""TRUE"", ""can_sell_intraday"": ""TRUE"", ""close"": 14.42, ""close_at_limit_down"": ""FALSE"", ""close_at_limit_up"": ""FALSE"", ""closing_auction_fill_status"": ""UNKNOWN"", ""code"": ""300655.SZ"", ""date"": ""2025-09-24 00:00:00"", ""hfq_close"": 134.66, ""hfq_fit_error"": 0.002947023484438205, ""hfq_high"": 141.47, ""hfq_low"": 125.57, ""hfq_open"": 127.58, ""high"": 15.16, ""historical_st_branch_status"": ""PASS_BRANCH_INVARIANT"", ""historical_st_status"": ""UNKNOWN"", ""is_suspended"": false, ""limit_down_price"": NaN, ""limit_rule_reason"": ""point-in-time ST status unavailable; execution state resolved only where both ST rule candidates agree"", ""limit_rule_status"": ""UNKNOWN_MISSING_HISTORICAL_ST"", ""limit_up_price"": NaN, ""listing_date"": ""2017-05-23 00:00:00"", ""listing_trading_day"": 2023.0, ""low"": 13.43, ""one_price_limit_down"": ""FALSE"", ""one_price_limit_up"": ""FALSE"", ""open"": 13.65, ""open_at_limit_down"": ""FALSE"", ""open_at_limit_up"": ""FALSE"", ""opening_auction_fill_status"": ""UNKNOWN"", ""raw_close"": 15.16, ""raw_high"": 15.94, ""raw_low"": 14.12, ""raw_open"": 14.35, ""raw_pre_close"": 14.35, ""scheduled_close_fill_status"": ""FILLED_AT_CLOSE"", ""volume"": 200773239.0}","{""executable"": true, ""expected_outcome"": ""valid trade requires executable entry""}",,PASS,True,"""raw open, adjustment factor, trade status, and explicit open fillability""",OpenCode (assistant),2026-07-18T13:40:16.915473+00:00,"Reviewed against locked signal, frozen qfq layer, remediation raw/hfq layers, and independent reconstruction."
STOCK_RS_PULLBACK_v1:300655.SZ:2025-09-23:2025-09-24,T1_NO_ENTRY_DAY_EXIT,A-share T+1,CRITICAL,"[""2025-09-24 00:00:00"", ""2025-10-13 00:00:00""]",true,,PASS,True,"""exit must follow entry date""",OpenCode (assistant),2026-07-18T13:40:16.915473+00:00,"Reviewed against locked signal, frozen qfq layer, remediation raw/hfq layers, and independent reconstruction."
STOCK_RS_PULLBACK_v1:300655.SZ:2025-09-23:2025-09-24,EXIT_DATE_REASON_RECONSTRUCTION,Independent exit date and reason,CRITICAL,"[""2025-10-13 00:00:00"", ""target_2r""]","[""2025-10-13 00:00:00"", ""target_2r""]",,PASS,True,"""full post-entry replay with T+1 and sellability""",OpenCode (assistant),2026-07-18T13:40:16.915473+00:00,"Reviewed against locked signal, frozen qfq layer, remediation raw/hfq layers, and independent reconstruction."
STOCK_RS_PULLBACK_v1:300655.SZ:2025-09-23:2025-09-24,HOLDING_DAYS_RECONSTRUCTION,Holding days including deferred fills,CRITICAL,8,8,0.0,PASS,True,"""target_2r""",OpenCode (assistant),2026-07-18T13:40:16.915473+00:00,"Reviewed against locked signal, frozen qfq layer, remediation raw/hfq layers, and independent reconstruction."
STOCK_RS_PULLBACK_v1:300655.SZ:2025-09-23:2025-09-24,EXIT_PRICE_RECONSTRUCTION,Independent adjusted exit price,CRITICAL,15.649999999999999,15.65,-1.7763568394002505e-15,PASS,True,"""full post-entry replay""",OpenCode (assistant),2026-07-18T13:40:16.915473+00:00,"Reviewed against locked signal, frozen qfq layer, remediation raw/hfq layers, and independent reconstruction."
STOCK_RS_PULLBACK_v1:300655.SZ:2025-09-23:2025-09-24,GROSS_RETURN_RECALCULATION,Gross return,CRITICAL,0.14652014652014644,0.14652014652014644,0.0,PASS,True,"""round_trip_cost=0.002""",OpenCode (assistant),2026-07-18T13:40:16.915473+00:00,"Reviewed against locked signal, frozen qfq layer, remediation raw/hfq layers, and independent reconstruction."
STOCK_RS_PULLBACK_v1:300655.SZ:2025-09-23:2025-09-24,NET_RETURN_AND_COST_RECALCULATION,Net return and one cost deduction,CRITICAL,0.14452014652014644,0.14452014652014644,0.0,PASS,True,"""round_trip_cost=0.002""",OpenCode (assistant),2026-07-18T13:40:16.915473+00:00,"Reviewed against locked signal, frozen qfq layer, remediation raw/hfq layers, and independent reconstruction."
STOCK_RS_PULLBACK_v1:300655.SZ:2025-09-23:2025-09-24,R_MULTIPLE_RECALCULATION,R multiple,CRITICAL,1.9999999999999982,2.0,-1.7763568394002505e-15,PASS,True,"""round_trip_cost=0.002""",OpenCode (assistant),2026-07-18T13:40:16.915473+00:00,"Reviewed against locked signal, frozen qfq layer, remediation raw/hfq layers, and independent reconstruction."
STOCK_RS_PULLBACK_v1:300655.SZ:2025-09-23:2025-09-24,PRICE_ADJUSTMENT_CONSISTENCY,Adjustment series consistency,CRITICAL,"[""qfq""]","[""qfq""]",,PASS,True,"""signal/entry/exit adj_type""",OpenCode (assistant),2026-07-18T13:40:16.915473+00:00,"Reviewed against locked signal, frozen qfq layer, remediation raw/hfq layers, and independent reconstruction."
STOCK_RS_PULLBACK_v1:300655.SZ:2025-09-23:2025-09-24,EXECUTION_REALISM,Raw execution-price realism,BLOCKING_DATA,"[""True"", ""True"", ""True"", true]",true,,PASS,True,"""requires consistent raw and adjusted OHLC plus adjustment factors""",OpenCode (assistant),2026-07-18T13:40:16.915473+00:00,"Reviewed against locked signal, frozen qfq layer, remediation raw/hfq layers, and independent reconstruction."
STOCK_RS_PULLBACK_v1:300655.SZ:2025-09-23:2025-09-24,HISTORICAL_ST_STATUS,Historical ST execution branch,BLOCKING_DATA,null,"{""branch_invariant_rows"": 9, ""known_rows"": 0, ""rows"": 9}",,PASS_BRANCH_INVARIANT,False,"""ST/non-ST branches compared; non-execution-time differences remain non-blocking after complete trade replay""",OpenCode (assistant),2026-07-18T13:40:16.915473+00:00,"Reviewed against locked signal, frozen qfq layer, remediation raw/hfq layers, and independent reconstruction."
STOCK_RS_PULLBACK_v1:300655.SZ:2025-09-23:2025-09-24,LIMIT_PRICE_VERIFICATION,Board/date-specific limit price,BLOCKING_DATA,null,"{""branch_invariant_rows"": 9, ""known_rows"": 0}",,NOT_EVALUABLE_LIMIT_PRICE_BRANCH_INVARIANT,False,"""exact limits retained as check limitations; complete fail-closed trade replay determines materiality""",OpenCode (assistant),2026-07-18T13:40:16.915473+00:00,Confirmed blocking data limitation; no value imputed.
STOCK_RS_PULLBACK_v1:300925.SZ:2024-09-24:2024-09-25,UNIVERSE_TRADABLE_AT_SIGNAL,Signal-day universe,CRITICAL,"""300925.SZ""",true,,PASS,True,"""signal_date=2024-09-24 00:00:00""",OpenCode (assistant),2026-07-18T13:40:16.915473+00:00,"Reviewed against locked signal, frozen qfq layer, remediation raw/hfq layers, and independent reconstruction."
STOCK_RS_PULLBACK_v1:300925.SZ:2024-09-24:2024-09-25,DATE_ORDER_VALID,Pullback/trigger/entry order,CRITICAL,"[""2024-09-18 00:00:00"", ""2024-09-24 00:00:00"", ""2024-09-25 00:00:00""]",true,,PASS,True,"""strictly increasing dates""",OpenCode (assistant),2026-07-18T13:40:16.915473+00:00,"Reviewed against locked signal, frozen qfq layer, remediation raw/hfq layers, and independent reconstruction."
STOCK_RS_PULLBACK_v1:300925.SZ:2024-09-24:2024-09-25,NO_LOOKAHEAD_IN_INDICATORS,Prefix-only indicator reconstruction,CRITICAL,"{""high_10d"": 19.85, ""ma20"": 11.565999999999999, ""ma60"": 10.203833333333334, ""ret20"": 0.8858921161825726, ""vol_ma5"": 96595005.4}","{""high_10d"": 19.85, ""ma20"": 11.566, ""ma60"": 10.203833333333332, ""ret20"": 0.8858921161825726, ""vol_ma5"": 96595005.4}",,PASS,True,"""prefix-only rolling recomputation""",OpenCode (assistant),2026-07-18T13:40:16.915473+00:00,"Reviewed against locked signal, frozen qfq layer, remediation raw/hfq layers, and independent reconstruction."
STOCK_RS_PULLBACK_v1:300925.SZ:2024-09-24:2024-09-25,ENTRY_IS_NEXT_TRADING_DAY_OPEN,Next trading-day raw open entry,CRITICAL,"[""2024-09-25"", 17.5]","[""2024-09-25 00:00:00"", 17.5]",,PASS,True,"""first stock bar after trigger; raw open required""",OpenCode (assistant),2026-07-18T13:40:16.915473+00:00,"Reviewed against locked signal, frozen qfq layer, remediation raw/hfq layers, and independent reconstruction."
STOCK_RS_PULLBACK_v1:300925.SZ:2024-09-24:2024-09-25,ENTRY_DAY_EXECUTABLE,Entry-day execution status,CRITICAL,"{""adj_close"": 19.06, ""adj_factor"": 1.0000000000000002, ""adj_high"": 19.62, ""adj_low"": 16.74, ""adj_offset"": -0.11000000000000298, ""adj_open"": 17.39, ""adj_type"": ""qfq"", ""adjustment_fit_error"": 3.552713678800501e-15, ""adjustment_status"": ""KNOWN_AFFINE_TDX_QFQ_HFQ_VALIDATED"", ""board"": ""CHINEXT"", ""can_buy_at_open"": ""TRUE"", ""can_sell_at_close"": ""TRUE"", ""can_sell_at_open"": ""TRUE"", ""can_sell_intraday"": ""TRUE"", ""close"": 19.06, ""close_at_limit_down"": ""FALSE"", ""close_at_limit_up"": ""FALSE"", ""closing_auction_fill_status"": ""UNKNOWN"", ""code"": ""300925.SZ"", ""date"": ""2024-09-25 00:00:00"", ""hfq_close"": 55.95, ""hfq_fit_error"": 0.0016783090639407305, ""hfq_high"": 57.57, ""hfq_low"": 49.25, ""hfq_open"": 51.13, ""high"": 19.62, ""historical_st_branch_status"": ""PASS_BRANCH_INVARIANT"", ""historical_st_status"": ""UNKNOWN"", ""is_suspended"": false, ""limit_down_price"": NaN, ""limit_rule_reason"": ""point-in-time ST status unavailable; execution state resolved only where both ST rule candidates agree"", ""limit_rule_status"": ""UNKNOWN_MISSING_HISTORICAL_ST"", ""limit_up_price"": NaN, ""listing_date"": ""2020-12-30 00:00:00"", ""listing_trading_day"": 907.0, ""low"": 16.74, ""one_price_limit_down"": ""FALSE"", ""one_price_limit_up"": ""FALSE"", ""open"": 17.39, ""open_at_limit_down"": ""FALSE"", ""open_at_limit_up"": ""FALSE"", ""opening_auction_fill_status"": ""UNKNOWN"", ""raw_close"": 19.17, ""raw_high"": 19.73, ""raw_low"": 16.85, ""raw_open"": 17.5, ""raw_pre_close"": 18.29, ""scheduled_close_fill_status"": ""FILLED_AT_CLOSE"", ""volume"": 141002223.0}","{""executable"": true, ""expected_outcome"": ""valid trade requires executable entry""}",,PASS,True,"""raw open, adjustment factor, trade status, and explicit open fillability""",OpenCode (assistant),2026-07-18T13:40:16.915473+00:00,"Reviewed against locked signal, frozen qfq layer, remediation raw/hfq layers, and independent reconstruction."
STOCK_RS_PULLBACK_v1:300925.SZ:2024-09-24:2024-09-25,T1_NO_ENTRY_DAY_EXIT,A-share T+1,CRITICAL,"[""2024-09-25 00:00:00"", ""2024-10-09 00:00:00""]",true,,PASS,True,"""exit must follow entry date""",OpenCode (assistant),2026-07-18T13:40:16.915473+00:00,"Reviewed against locked signal, frozen qfq layer, remediation raw/hfq layers, and independent reconstruction."
STOCK_RS_PULLBACK_v1:300925.SZ:2024-09-24:2024-09-25,EXIT_DATE_REASON_RECONSTRUCTION,Independent exit date and reason,CRITICAL,"[""2024-10-09 00:00:00"", ""target_2r""]","[""2024-10-09 00:00:00"", ""target_2r""]",,PASS,True,"""full post-entry replay with T+1 and sellability""",OpenCode (assistant),2026-07-18T13:40:16.915473+00:00,"Reviewed against locked signal, frozen qfq layer, remediation raw/hfq layers, and independent reconstruction."
STOCK_RS_PULLBACK_v1:300925.SZ:2024-09-24:2024-09-25,HOLDING_DAYS_RECONSTRUCTION,Holding days including deferred fills,CRITICAL,6,6,0.0,PASS,True,"""target_2r""",OpenCode (assistant),2026-07-18T13:40:16.915473+00:00,"Reviewed against locked signal, frozen qfq layer, remediation raw/hfq layers, and independent reconstruction."
STOCK_RS_PULLBACK_v1:300925.SZ:2024-09-24:2024-09-25,EXIT_PRICE_RECONSTRUCTION,Independent adjusted exit price,CRITICAL,29.490000000000002,29.490000000000002,0.0,PASS,True,"""full post-entry replay""",OpenCode (assistant),2026-07-18T13:40:16.915473+00:00,"Reviewed against locked signal, frozen qfq layer, remediation raw/hfq layers, and independent reconstruction."
STOCK_RS_PULLBACK_v1:300925.SZ:2024-09-24:2024-09-25,GROSS_RETURN_RECALCULATION,Gross return,CRITICAL,0.6958021851638874,0.6958021851638874,0.0,PASS,True,"""round_trip_cost=0.002""",OpenCode (assistant),2026-07-18T13:40:16.915473+00:00,"Reviewed against locked signal, frozen qfq layer, remediation raw/hfq layers, and independent reconstruction."
STOCK_RS_PULLBACK_v1:300925.SZ:2024-09-24:2024-09-25,NET_RETURN_AND_COST_RECALCULATION,Net return and one cost deduction,CRITICAL,0.6938021851638874,0.6938021851638874,0.0,PASS,True,"""round_trip_cost=0.002""",OpenCode (assistant),2026-07-18T13:40:16.915473+00:00,"Reviewed against locked signal, frozen qfq layer, remediation raw/hfq layers, and independent reconstruction."
STOCK_RS_PULLBACK_v1:300925.SZ:2024-09-24:2024-09-25,R_MULTIPLE_RECALCULATION,R multiple,CRITICAL,2.0,2.0,0.0,PASS,True,"""round_trip_cost=0.002""",OpenCode (assistant),2026-07-18T13:40:16.915473+00:00,"Reviewed against locked signal, frozen qfq layer, remediation raw/hfq layers, and independent reconstruction."
STOCK_RS_PULLBACK_v1:300925.SZ:2024-09-24:2024-09-25,PRICE_ADJUSTMENT_CONSISTENCY,Adjustment series consistency,CRITICAL,"[""qfq""]","[""qfq""]",,PASS,True,"""signal/entry/exit adj_type""",OpenCode (assistant),2026-07-18T13:40:16.915473+00:00,"Reviewed against locked signal, frozen qfq layer, remediation raw/hfq layers, and independent reconstruction."
STOCK_RS_PULLBACK_v1:300925.SZ:2024-09-24:2024-09-25,EXECUTION_REALISM,Raw execution-price realism,BLOCKING_DATA,"[""True"", ""True"", ""True"", true]",true,,PASS,True,"""requires consistent raw and adjusted OHLC plus adjustment factors""",OpenCode (assistant),2026-07-18T13:40:16.915473+00:00,"Reviewed against locked signal, frozen qfq layer, remediation raw/hfq layers, and independent reconstruction."
STOCK_RS_PULLBACK_v1:300925.SZ:2024-09-24:2024-09-25,HISTORICAL_ST_STATUS,Historical ST execution branch,BLOCKING_DATA,null,"{""branch_invariant_rows"": 7, ""known_rows"": 0, ""rows"": 7}",,PASS_BRANCH_INVARIANT,False,"""ST/non-ST branches compared; non-execution-time differences remain non-blocking after complete trade replay""",OpenCode (assistant),2026-07-18T13:40:16.915473+00:00,"Reviewed against locked signal, frozen qfq layer, remediation raw/hfq layers, and independent reconstruction."
STOCK_RS_PULLBACK_v1:300925.SZ:2024-09-24:2024-09-25,LIMIT_PRICE_VERIFICATION,Board/date-specific limit price,BLOCKING_DATA,null,"{""branch_invariant_rows"": 7, ""known_rows"": 0}",,NOT_EVALUABLE_LIMIT_PRICE_BRANCH_INVARIANT,False,"""exact limits retained as check limitations; complete fail-closed trade replay determines materiality""",OpenCode (assistant),2026-07-18T13:40:16.915473+00:00,Confirmed blocking data limitation; no value imputed.
STOCK_RS_PULLBACK_v1:600031.SH:2020-04-17:2020-04-20,UNIVERSE_TRADABLE_AT_SIGNAL,Signal-day universe,CRITICAL,"""600031.SH""",true,,PASS,True,"""signal_date=2020-04-17 00:00:00""",OpenCode (assistant),2026-07-18T13:40:16.915473+00:00,"Reviewed against locked signal, frozen qfq layer, remediation raw/hfq layers, and independent reconstruction."
STOCK_RS_PULLBACK_v1:600031.SH:2020-04-17:2020-04-20,DATE_ORDER_VALID,Pullback/trigger/entry order,CRITICAL,"[""2020-04-16 00:00:00"", ""2020-04-17 00:00:00"", ""2020-04-20 00:00:00""]",true,,PASS,True,"""strictly increasing dates""",OpenCode (assistant),2026-07-18T13:40:16.915473+00:00,"Reviewed against locked signal, frozen qfq layer, remediation raw/hfq layers, and independent reconstruction."
STOCK_RS_PULLBACK_v1:600031.SH:2020-04-17:2020-04-20,NO_LOOKAHEAD_IN_INDICATORS,Prefix-only indicator reconstruction,CRITICAL,"{""high_10d"": 17.78, ""ma20"": 15.526000000000002, ""ma60"": 14.729333333333333, ""ret20"": 0.36639999999999984, ""vol_ma5"": 90588815.8}","{""high_10d"": 17.78, ""ma20"": 15.526, ""ma60"": 14.729333333333333, ""ret20"": 0.36639999999999984, ""vol_ma5"": 90588815.8}",,PASS,True,"""prefix-only rolling recomputation""",OpenCode (assistant),2026-07-18T13:40:16.915473+00:00,"Reviewed against locked signal, frozen qfq layer, remediation raw/hfq layers, and independent reconstruction."
STOCK_RS_PULLBACK_v1:600031.SH:2020-04-17:2020-04-20,ENTRY_IS_NEXT_TRADING_DAY_OPEN,Next trading-day raw open entry,CRITICAL,"[""2020-04-20"", 19.8]","[""2020-04-20 00:00:00"", 19.8]",,PASS,True,"""first stock bar after trigger; raw open required""",OpenCode (assistant),2026-07-18T13:40:16.915473+00:00,"Reviewed against locked signal, frozen qfq layer, remediation raw/hfq layers, and independent reconstruction."
STOCK_RS_PULLBACK_v1:600031.SH:2020-04-17:2020-04-20,ENTRY_DAY_EXECUTABLE,Entry-day execution status,CRITICAL,"{""adj_close"": 17.11, ""adj_factor"": 1.0, ""adj_high"": 17.76, ""adj_low"": 16.91, ""adj_offset"": -2.5199999999999996, ""adj_open"": 17.28, ""adj_type"": ""qfq"", ""adjustment_fit_error"": 0.0, ""adjustment_status"": ""KNOWN_AFFINE_TDX_QFQ_HFQ_VALIDATED"", ""board"": ""MAIN_SH"", ""can_buy_at_open"": ""TRUE"", ""can_sell_at_close"": ""TRUE"", ""can_sell_at_open"": ""TRUE"", ""can_sell_intraday"": ""TRUE"", ""close"": 17.11, ""close_at_limit_down"": ""FALSE"", ""close_at_limit_up"": ""FALSE"", ""closing_auction_fill_status"": ""UNKNOWN"", ""code"": ""600031.SH"", ""date"": ""2020-04-20 00:00:00"", ""hfq_close"": 804.62, ""hfq_fit_error"": 0.0032823172273310774, ""hfq_high"": 829.5, ""hfq_low"": 796.96, ""hfq_open"": 811.13, ""high"": 17.76, ""historical_st_branch_status"": ""PASS_BRANCH_INVARIANT"", ""historical_st_status"": ""UNKNOWN"", ""is_suspended"": false, ""limit_down_price"": NaN, ""limit_rule_reason"": ""point-in-time ST status unavailable; execution state resolved only where both ST rule candidates agree"", ""limit_rule_status"": ""UNKNOWN_MISSING_HISTORICAL_ST"", ""limit_up_price"": NaN, ""listing_date"": ""2007-04-17 00:00:00"", ""listing_trading_day"": 4034.0, ""low"": 16.91, ""one_price_limit_down"": ""FALSE"", ""one_price_limit_up"": ""FALSE"", ""open"": 17.28, ""open_at_limit_down"": ""FALSE"", ""open_at_limit_up"": ""FALSE"", ""opening_auction_fill_status"": ""UNKNOWN"", ""raw_close"": 19.63, ""raw_high"": 20.28, ""raw_low"": 19.43, ""raw_open"": 19.8, ""raw_pre_close"": 19.6, ""scheduled_close_fill_status"": ""FILLED_AT_CLOSE"", ""volume"": 78329667.0}","{""executable"": true, ""expected_outcome"": ""valid trade requires executable entry""}",,PASS,True,"""raw open, adjustment factor, trade status, and explicit open fillability""",OpenCode (assistant),2026-07-18T13:40:16.915473+00:00,"Reviewed against locked signal, frozen qfq layer, remediation raw/hfq layers, and independent reconstruction."
STOCK_RS_PULLBACK_v1:600031.SH:2020-04-17:2020-04-20,T1_NO_ENTRY_DAY_EXIT,A-share T+1,CRITICAL,"[""2020-04-20 00:00:00"", ""2020-04-24 00:00:00""]",true,,PASS,True,"""exit must follow entry date""",OpenCode (assistant),2026-07-18T13:40:16.915473+00:00,"Reviewed against locked signal, frozen qfq layer, remediation raw/hfq layers, and independent reconstruction."
STOCK_RS_PULLBACK_v1:600031.SH:2020-04-17:2020-04-20,EXIT_DATE_REASON_RECONSTRUCTION,Independent exit date and reason,CRITICAL,"[""2020-04-24 00:00:00"", ""time_stop_no_upside_progress""]","[""2020-04-24 00:00:00"", ""time_stop_no_upside_progress""]",,PASS,True,"""full post-entry replay with T+1 and sellability""",OpenCode (assistant),2026-07-18T13:40:16.915473+00:00,"Reviewed against locked signal, frozen qfq layer, remediation raw/hfq layers, and independent reconstruction."
STOCK_RS_PULLBACK_v1:600031.SH:2020-04-17:2020-04-20,HOLDING_DAYS_RECONSTRUCTION,Holding days including deferred fills,CRITICAL,5,5,0.0,PASS,True,"""time_stop_no_upside_progress""",OpenCode (assistant),2026-07-18T13:40:16.915473+00:00,"Reviewed against locked signal, frozen qfq layer, remediation raw/hfq layers, and independent reconstruction."
STOCK_RS_PULLBACK_v1:600031.SH:2020-04-17:2020-04-20,EXIT_PRICE_RECONSTRUCTION,Independent adjusted exit price,CRITICAL,16.679999999999996,16.68,-3.552713678800501e-15,PASS,True,"""full post-entry replay""",OpenCode (assistant),2026-07-18T13:40:16.915473+00:00,"Reviewed against locked signal, frozen qfq layer, remediation raw/hfq layers, and independent reconstruction."
STOCK_RS_PULLBACK_v1:600031.SH:2020-04-17:2020-04-20,GROSS_RETURN_RECALCULATION,Gross return,CRITICAL,-0.03472222222222254,-0.03472222222222232,-2.220446049250313e-16,PASS,True,"""round_trip_cost=0.002""",OpenCode (assistant),2026-07-18T13:40:16.915473+00:00,"Reviewed against locked signal, frozen qfq layer, remediation raw/hfq layers, and independent reconstruction."
STOCK_RS_PULLBACK_v1:600031.SH:2020-04-17:2020-04-20,NET_RETURN_AND_COST_RECALCULATION,Net return and one cost deduction,CRITICAL,-0.036722222222222545,-0.03672222222222232,-2.220446049250313e-16,PASS,True,"""round_trip_cost=0.002""",OpenCode (assistant),2026-07-18T13:40:16.915473+00:00,"Reviewed against locked signal, frozen qfq layer, remediation raw/hfq layers, and independent reconstruction."
STOCK_RS_PULLBACK_v1:600031.SH:2020-04-17:2020-04-20,R_MULTIPLE_RECALCULATION,R multiple,CRITICAL,-0.6122448979591885,-0.6122448979591849,-3.552713678800501e-15,PASS,True,"""round_trip_cost=0.002""",OpenCode (assistant),2026-07-18T13:40:16.915473+00:00,"Reviewed against locked signal, frozen qfq layer, remediation raw/hfq layers, and independent reconstruction."
STOCK_RS_PULLBACK_v1:600031.SH:2020-04-17:2020-04-20,PRICE_ADJUSTMENT_CONSISTENCY,Adjustment series consistency,CRITICAL,"[""qfq""]","[""qfq""]",,PASS,True,"""signal/entry/exit adj_type""",OpenCode (assistant),2026-07-18T13:40:16.915473+00:00,"Reviewed against locked signal, frozen qfq layer, remediation raw/hfq layers, and independent reconstruction."
STOCK_RS_PULLBACK_v1:600031.SH:2020-04-17:2020-04-20,EXECUTION_REALISM,Raw execution-price realism,BLOCKING_DATA,"[""True"", ""True"", ""True"", true]",true,,PASS,True,"""requires consistent raw and adjusted OHLC plus adjustment factors""",OpenCode (assistant),2026-07-18T13:40:16.915473+00:00,"Reviewed against locked signal, frozen qfq layer, remediation raw/hfq layers, and independent reconstruction."
STOCK_RS_PULLBACK_v1:600031.SH:2020-04-17:2020-04-20,HISTORICAL_ST_STATUS,Historical ST execution branch,BLOCKING_DATA,null,"{""branch_invariant_rows"": 6, ""known_rows"": 0, ""rows"": 6}",,PASS_BRANCH_INVARIANT,False,"""ST/non-ST branches compared; non-execution-time differences remain non-blocking after complete trade replay""",OpenCode (assistant),2026-07-18T13:40:16.915473+00:00,"Reviewed against locked signal, frozen qfq layer, remediation raw/hfq layers, and independent reconstruction."
STOCK_RS_PULLBACK_v1:600031.SH:2020-04-17:2020-04-20,LIMIT_PRICE_VERIFICATION,Board/date-specific limit price,BLOCKING_DATA,null,"{""branch_invariant_rows"": 6, ""known_rows"": 0}",,NOT_EVALUABLE_LIMIT_PRICE_BRANCH_INVARIANT,False,"""exact limits retained as check limitations; complete fail-closed trade replay determines materiality""",OpenCode (assistant),2026-07-18T13:40:16.915473+00:00,Confirmed blocking data limitation; no value imputed.
STOCK_RS_PULLBACK_v1:600037.SH:2015-05-21:2015-05-22,UNIVERSE_TRADABLE_AT_SIGNAL,Signal-day universe,CRITICAL,"""600037.SH""",true,,PASS,True,"""signal_date=2015-05-21 00:00:00""",OpenCode (assistant),2026-07-18T13:40:16.915473+00:00,"Reviewed against locked signal, frozen qfq layer, remediation raw/hfq layers, and independent reconstruction."
STOCK_RS_PULLBACK_v1:600037.SH:2015-05-21:2015-05-22,DATE_ORDER_VALID,Pullback/trigger/entry order,CRITICAL,"[""2015-05-14 00:00:00"", ""2015-05-21 00:00:00"", ""2015-05-22 00:00:00""]",true,,PASS,True,"""strictly increasing dates""",OpenCode (assistant),2026-07-18T13:40:16.915473+00:00,"Reviewed against locked signal, frozen qfq layer, remediation raw/hfq layers, and independent reconstruction."
STOCK_RS_PULLBACK_v1:600037.SH:2015-05-21:2015-05-22,NO_LOOKAHEAD_IN_INDICATORS,Prefix-only indicator reconstruction,CRITICAL,"{""high_10d"": 34.73, ""ma20"": 29.765499999999996, ""ma60"": 24.85033333333333, ""ret20"": 0.22057787174066257, ""vol_ma5"": 35064087.8}","{""high_10d"": 34.73, ""ma20"": 29.765500000000003, ""ma60"": 24.85033333333333, ""ret20"": 0.22057787174066257, ""vol_ma5"": 35064087.8}",,PASS,True,"""prefix-only rolling recomputation""",OpenCode (assistant),2026-07-18T13:40:16.915473+00:00,"Reviewed against locked signal, frozen qfq layer, remediation raw/hfq layers, and independent reconstruction."
STOCK_RS_PULLBACK_v1:600037.SH:2015-05-21:2015-05-22,ENTRY_IS_NEXT_TRADING_DAY_OPEN,Next trading-day raw open entry,CRITICAL,"[""2015-05-22"", 36.57]","[""2015-05-22 00:00:00"", 36.57]",,PASS,True,"""first stock bar after trigger; raw open required""",OpenCode (assistant),2026-07-18T13:40:16.915473+00:00,"Reviewed against locked signal, frozen qfq layer, remediation raw/hfq layers, and independent reconstruction."
STOCK_RS_PULLBACK_v1:600037.SH:2015-05-21:2015-05-22,ENTRY_DAY_EXECUTABLE,Entry-day execution status,CRITICAL,"{""adj_close"": 36.91, ""adj_factor"": 1.0000000000000018, ""adj_high"": 37.59, ""adj_low"": 34.75, ""adj_offset"": -1.8200000000000571, ""adj_open"": 34.75, ""adj_type"": ""qfq"", ""adjustment_fit_error"": 1.4210854715202004e-14, ""adjustment_status"": ""KNOWN_AFFINE_TDX_QFQ_HFQ_VALIDATED"", ""board"": ""MAIN_SH"", ""can_buy_at_open"": ""TRUE"", ""can_sell_at_close"": ""TRUE"", ""can_sell_at_open"": ""TRUE"", ""can_sell_intraday"": ""TRUE"", ""close"": 36.91, ""close_at_limit_down"": ""FALSE"", ""close_at_limit_up"": ""FALSE"", ""closing_auction_fill_status"": ""UNKNOWN"", ""code"": ""600037.SH"", ""date"": ""2015-05-22 00:00:00"", ""hfq_close"": 172.35, ""hfq_fit_error"": 0.0016651237424980536, ""hfq_high"": 175.29, ""hfq_low"": 163.0, ""hfq_open"": 163.0, ""high"": 37.59, ""historical_st_branch_status"": ""PASS_BRANCH_INVARIANT"", ""historical_st_status"": ""UNKNOWN"", ""is_suspended"": false, ""limit_down_price"": NaN, ""limit_rule_reason"": ""point-in-time ST status unavailable; execution state resolved only where both ST rule candidates agree"", ""limit_rule_status"": ""UNKNOWN_MISSING_HISTORICAL_ST"", ""limit_up_price"": NaN, ""listing_date"": ""2001-02-08 00:00:00"", ""listing_trading_day"": 3393.0, ""low"": 34.75, ""one_price_limit_down"": ""FALSE"", ""one_price_limit_up"": ""FALSE"", ""open"": 34.75, ""open_at_limit_down"": ""FALSE"", ""open_at_limit_up"": ""FALSE"", ""opening_auction_fill_status"": ""UNKNOWN"", ""raw_close"": 38.73, ""raw_high"": 39.41, ""raw_low"": 36.57, ""raw_open"": 36.57, ""raw_pre_close"": 36.46, ""scheduled_close_fill_status"": ""FILLED_AT_CLOSE"", ""volume"": 54410309.0}","{""executable"": true, ""expected_outcome"": ""valid trade requires executable entry""}",,PASS,True,"""raw open, adjustment factor, trade status, and explicit open fillability""",OpenCode (assistant),2026-07-18T13:40:16.915473+00:00,"Reviewed against locked signal, frozen qfq layer, remediation raw/hfq layers, and independent reconstruction."
STOCK_RS_PULLBACK_v1:600037.SH:2015-05-21:2015-05-22,T1_NO_ENTRY_DAY_EXIT,A-share T+1,CRITICAL,"[""2015-05-22 00:00:00"", ""2015-05-29 00:00:00""]",true,,PASS,True,"""exit must follow entry date""",OpenCode (assistant),2026-07-18T13:40:16.915473+00:00,"Reviewed against locked signal, frozen qfq layer, remediation raw/hfq layers, and independent reconstruction."
STOCK_RS_PULLBACK_v1:600037.SH:2015-05-21:2015-05-22,EXIT_DATE_REASON_RECONSTRUCTION,Independent exit date and reason,CRITICAL,"[""2015-05-29 00:00:00"", ""time_stop_no_upside_progress""]","[""2015-05-29 00:00:00"", ""time_stop_no_upside_progress""]",,PASS,True,"""full post-entry replay with T+1 and sellability""",OpenCode (assistant),2026-07-18T13:40:16.915473+00:00,"Reviewed against locked signal, frozen qfq layer, remediation raw/hfq layers, and independent reconstruction."
STOCK_RS_PULLBACK_v1:600037.SH:2015-05-21:2015-05-22,HOLDING_DAYS_RECONSTRUCTION,Holding days including deferred fills,CRITICAL,6,6,0.0,PASS,True,"""time_stop_no_upside_progress""",OpenCode (assistant),2026-07-18T13:40:16.915473+00:00,"Reviewed against locked signal, frozen qfq layer, remediation raw/hfq layers, and independent reconstruction."
STOCK_RS_PULLBACK_v1:600037.SH:2015-05-21:2015-05-22,EXIT_PRICE_RECONSTRUCTION,Independent adjusted exit price,CRITICAL,34.23,34.23,0.0,PASS,True,"""full post-entry replay""",OpenCode (assistant),2026-07-18T13:40:16.915473+00:00,"Reviewed against locked signal, frozen qfq layer, remediation raw/hfq layers, and independent reconstruction."
STOCK_RS_PULLBACK_v1:600037.SH:2015-05-21:2015-05-22,GROSS_RETURN_RECALCULATION,Gross return,CRITICAL,-0.014964028776978555,-0.014964028776978555,0.0,PASS,True,"""round_trip_cost=0.002""",OpenCode (assistant),2026-07-18T13:40:16.915473+00:00,"Reviewed against locked signal, frozen qfq layer, remediation raw/hfq layers, and independent reconstruction."
STOCK_RS_PULLBACK_v1:600037.SH:2015-05-21:2015-05-22,NET_RETURN_AND_COST_RECALCULATION,Net return and one cost deduction,CRITICAL,-0.016964028776978557,-0.016964028776978557,0.0,PASS,True,"""round_trip_cost=0.002""",OpenCode (assistant),2026-07-18T13:40:16.915473+00:00,"Reviewed against locked signal, frozen qfq layer, remediation raw/hfq layers, and independent reconstruction."
STOCK_RS_PULLBACK_v1:600037.SH:2015-05-21:2015-05-22,R_MULTIPLE_RECALCULATION,R multiple,CRITICAL,-0.09683426443203036,-0.09683426443203036,0.0,PASS,True,"""round_trip_cost=0.002""",OpenCode (assistant),2026-07-18T13:40:16.915473+00:00,"Reviewed against locked signal, frozen qfq layer, remediation raw/hfq layers, and independent reconstruction."
STOCK_RS_PULLBACK_v1:600037.SH:2015-05-21:2015-05-22,PRICE_ADJUSTMENT_CONSISTENCY,Adjustment series consistency,CRITICAL,"[""qfq""]","[""qfq""]",,PASS,True,"""signal/entry/exit adj_type""",OpenCode (assistant),2026-07-18T13:40:16.915473+00:00,"Reviewed against locked signal, frozen qfq layer, remediation raw/hfq layers, and independent reconstruction."
STOCK_RS_PULLBACK_v1:600037.SH:2015-05-21:2015-05-22,EXECUTION_REALISM,Raw execution-price realism,BLOCKING_DATA,"[""True"", ""True"", ""True"", true]",true,,PASS,True,"""requires consistent raw and adjusted OHLC plus adjustment factors""",OpenCode (assistant),2026-07-18T13:40:16.915473+00:00,"Reviewed against locked signal, frozen qfq layer, remediation raw/hfq layers, and independent reconstruction."
STOCK_RS_PULLBACK_v1:600037.SH:2015-05-21:2015-05-22,HISTORICAL_ST_STATUS,Historical ST execution branch,BLOCKING_DATA,null,"{""branch_invariant_rows"": 6, ""known_rows"": 1, ""rows"": 7}",,PASS_BRANCH_INVARIANT,False,"""ST/non-ST branches compared; non-execution-time differences remain non-blocking after complete trade replay""",OpenCode (assistant),2026-07-18T13:40:16.915473+00:00,"Reviewed against locked signal, frozen qfq layer, remediation raw/hfq layers, and independent reconstruction."
STOCK_RS_PULLBACK_v1:600037.SH:2015-05-21:2015-05-22,LIMIT_PRICE_VERIFICATION,Board/date-specific limit price,BLOCKING_DATA,null,"{""branch_invariant_rows"": 6, ""known_rows"": 1}",,NOT_EVALUABLE_LIMIT_PRICE_BRANCH_INVARIANT,False,"""exact limits retained as check limitations; complete fail-closed trade replay determines materiality""",OpenCode (assistant),2026-07-18T13:40:16.915473+00:00,Confirmed blocking data limitation; no value imputed.
STOCK_RS_PULLBACK_v1:600096.SH:2022-07-01:2022-07-04,UNIVERSE_TRADABLE_AT_SIGNAL,Signal-day universe,CRITICAL,"""600096.SH""",true,,PASS,True,"""signal_date=2022-07-01 00:00:00""",OpenCode (assistant),2026-07-18T13:40:16.915473+00:00,"Reviewed against locked signal, frozen qfq layer, remediation raw/hfq layers, and independent reconstruction."
STOCK_RS_PULLBACK_v1:600096.SH:2022-07-01:2022-07-04,DATE_ORDER_VALID,Pullback/trigger/entry order,CRITICAL,"[""2022-06-29 00:00:00"", ""2022-07-01 00:00:00"", ""2022-07-04 00:00:00""]",true,,PASS,True,"""strictly increasing dates""",OpenCode (assistant),2026-07-18T13:40:16.915473+00:00,"Reviewed against locked signal, frozen qfq layer, remediation raw/hfq layers, and independent reconstruction."
STOCK_RS_PULLBACK_v1:600096.SH:2022-07-01:2022-07-04,NO_LOOKAHEAD_IN_INDICATORS,Prefix-only indicator reconstruction,CRITICAL,"{""high_10d"": 28.11, ""ma20"": 25.925, ""ma60"": 22.816, ""ret20"": 0.2714932126696832, ""vol_ma5"": 121175591.8}","{""high_10d"": 28.11, ""ma20"": 25.925, ""ma60"": 22.816, ""ret20"": 0.2714932126696832, ""vol_ma5"": 121175591.8}",,PASS,True,"""prefix-only rolling recomputation""",OpenCode (assistant),2026-07-18T13:40:16.915473+00:00,"Reviewed against locked signal, frozen qfq layer, remediation raw/hfq layers, and independent reconstruction."
STOCK_RS_PULLBACK_v1:600096.SH:2022-07-01:2022-07-04,ENTRY_IS_NEXT_TRADING_DAY_OPEN,Next trading-day raw open entry,CRITICAL,"[""2022-07-04"", 33.51]","[""2022-07-04 00:00:00"", 33.51]",,PASS,True,"""first stock bar after trigger; raw open required""",OpenCode (assistant),2026-07-18T13:40:16.915473+00:00,"Reviewed against locked signal, frozen qfq layer, remediation raw/hfq layers, and independent reconstruction."
STOCK_RS_PULLBACK_v1:600096.SH:2022-07-01:2022-07-04,ENTRY_DAY_EXECUTABLE,Entry-day execution status,CRITICAL,"{""adj_close"": 28.62, ""adj_factor"": 1.0000000000000002, ""adj_high"": 29.31, ""adj_low"": 27.8, ""adj_offset"": -4.800000000000004, ""adj_open"": 28.71, ""adj_type"": ""qfq"", ""adjustment_fit_error"": 3.552713678800501e-15, ""adjustment_status"": ""KNOWN_AFFINE_TDX_QFQ_HFQ_VALIDATED"", ""board"": ""MAIN_SH"", ""can_buy_at_open"": ""TRUE"", ""can_sell_at_close"": ""TRUE"", ""can_sell_at_open"": ""TRUE"", ""can_sell_intraday"": ""TRUE"", ""close"": 28.62, ""close_at_limit_down"": ""FALSE"", ""close_at_limit_up"": ""FALSE"", ""closing_auction_fill_status"": ""UNKNOWN"", ""code"": ""600096.SH"", ""date"": ""2022-07-04 00:00:00"", ""hfq_close"": 56.19, ""hfq_fit_error"": 0.0031408925791396314, ""hfq_high"": 57.2, ""hfq_low"": 55.0, ""hfq_open"": 56.32, ""high"": 29.31, ""historical_st_branch_status"": ""PASS_BRANCH_INVARIANT"", ""historical_st_status"": ""UNKNOWN"", ""is_suspended"": false, ""limit_down_price"": NaN, ""limit_rule_reason"": ""point-in-time ST status unavailable; execution state resolved only where both ST rule candidates agree"", ""limit_rule_status"": ""UNKNOWN_MISSING_HISTORICAL_ST"", ""limit_up_price"": NaN, ""listing_date"": ""1999-06-24 00:00:00"", ""listing_trading_day"": 5728.0, ""low"": 27.8, ""one_price_limit_down"": ""FALSE"", ""one_price_limit_up"": ""FALSE"", ""open"": 28.71, ""open_at_limit_down"": ""FALSE"", ""open_at_limit_up"": ""FALSE"", ""opening_auction_fill_status"": ""UNKNOWN"", ""raw_close"": 33.42, ""raw_high"": 34.11, ""raw_low"": 32.6, ""raw_open"": 33.51, ""raw_pre_close"": 32.9, ""scheduled_close_fill_status"": ""FILLED_AT_CLOSE"", ""volume"": 123056568.0}","{""executable"": true, ""expected_outcome"": ""valid trade requires executable entry""}",,PASS,True,"""raw open, adjustment factor, trade status, and explicit open fillability""",OpenCode (assistant),2026-07-18T13:40:16.915473+00:00,"Reviewed against locked signal, frozen qfq layer, remediation raw/hfq layers, and independent reconstruction."
STOCK_RS_PULLBACK_v1:600096.SH:2022-07-01:2022-07-04,T1_NO_ENTRY_DAY_EXIT,A-share T+1,CRITICAL,"[""2022-07-04 00:00:00"", ""2022-07-08 00:00:00""]",true,,PASS,True,"""exit must follow entry date""",OpenCode (assistant),2026-07-18T13:40:16.915473+00:00,"Reviewed against locked signal, frozen qfq layer, remediation raw/hfq layers, and independent reconstruction."
STOCK_RS_PULLBACK_v1:600096.SH:2022-07-01:2022-07-04,EXIT_DATE_REASON_RECONSTRUCTION,Independent exit date and reason,CRITICAL,"[""2022-07-08 00:00:00"", ""time_stop_no_upside_progress""]","[""2022-07-08 00:00:00"", ""time_stop_no_upside_progress""]",,PASS,True,"""full post-entry replay with T+1 and sellability""",OpenCode (assistant),2026-07-18T13:40:16.915473+00:00,"Reviewed against locked signal, frozen qfq layer, remediation raw/hfq layers, and independent reconstruction."
STOCK_RS_PULLBACK_v1:600096.SH:2022-07-01:2022-07-04,HOLDING_DAYS_RECONSTRUCTION,Holding days including deferred fills,CRITICAL,5,5,0.0,PASS,True,"""time_stop_no_upside_progress""",OpenCode (assistant),2026-07-18T13:40:16.915473+00:00,"Reviewed against locked signal, frozen qfq layer, remediation raw/hfq layers, and independent reconstruction."
STOCK_RS_PULLBACK_v1:600096.SH:2022-07-01:2022-07-04,EXIT_PRICE_RECONSTRUCTION,Independent adjusted exit price,CRITICAL,26.64,26.64,0.0,PASS,True,"""full post-entry replay""",OpenCode (assistant),2026-07-18T13:40:16.915473+00:00,"Reviewed against locked signal, frozen qfq layer, remediation raw/hfq layers, and independent reconstruction."
STOCK_RS_PULLBACK_v1:600096.SH:2022-07-01:2022-07-04,GROSS_RETURN_RECALCULATION,Gross return,CRITICAL,-0.07210031347962387,-0.07210031347962387,0.0,PASS,True,"""round_trip_cost=0.002""",OpenCode (assistant),2026-07-18T13:40:16.915473+00:00,"Reviewed against locked signal, frozen qfq layer, remediation raw/hfq layers, and independent reconstruction."
STOCK_RS_PULLBACK_v1:600096.SH:2022-07-01:2022-07-04,NET_RETURN_AND_COST_RECALCULATION,Net return and one cost deduction,CRITICAL,-0.07410031347962387,-0.07410031347962387,0.0,PASS,True,"""round_trip_cost=0.002""",OpenCode (assistant),2026-07-18T13:40:16.915473+00:00,"Reviewed against locked signal, frozen qfq layer, remediation raw/hfq layers, and independent reconstruction."
STOCK_RS_PULLBACK_v1:600096.SH:2022-07-01:2022-07-04,R_MULTIPLE_RECALCULATION,R multiple,CRITICAL,-0.7064846416382254,-0.7064846416382254,0.0,PASS,True,"""round_trip_cost=0.002""",OpenCode (assistant),2026-07-18T13:40:16.915473+00:00,"Reviewed against locked signal, frozen qfq layer, remediation raw/hfq layers, and independent reconstruction."
STOCK_RS_PULLBACK_v1:600096.SH:2022-07-01:2022-07-04,PRICE_ADJUSTMENT_CONSISTENCY,Adjustment series consistency,CRITICAL,"[""qfq""]","[""qfq""]",,PASS,True,"""signal/entry/exit adj_type""",OpenCode (assistant),2026-07-18T13:40:16.915473+00:00,"Reviewed against locked signal, frozen qfq layer, remediation raw/hfq layers, and independent reconstruction."
STOCK_RS_PULLBACK_v1:600096.SH:2022-07-01:2022-07-04,EXECUTION_REALISM,Raw execution-price realism,BLOCKING_DATA,"[""True"", ""True"", ""True"", true]",true,,PASS,True,"""requires consistent raw and adjusted OHLC plus adjustment factors""",OpenCode (assistant),2026-07-18T13:40:16.915473+00:00,"Reviewed against locked signal, frozen qfq layer, remediation raw/hfq layers, and independent reconstruction."
STOCK_RS_PULLBACK_v1:600096.SH:2022-07-01:2022-07-04,HISTORICAL_ST_STATUS,Historical ST execution branch,BLOCKING_DATA,null,"{""branch_invariant_rows"": 6, ""known_rows"": 0, ""rows"": 6}",,PASS_BRANCH_INVARIANT,False,"""ST/non-ST branches compared; non-execution-time differences remain non-blocking after complete trade replay""",OpenCode (assistant),2026-07-18T13:40:16.915473+00:00,"Reviewed against locked signal, frozen qfq layer, remediation raw/hfq layers, and independent reconstruction."
STOCK_RS_PULLBACK_v1:600096.SH:2022-07-01:2022-07-04,LIMIT_PRICE_VERIFICATION,Board/date-specific limit price,BLOCKING_DATA,null,"{""branch_invariant_rows"": 6, ""known_rows"": 0}",,NOT_EVALUABLE_LIMIT_PRICE_BRANCH_INVARIANT,False,"""exact limits retained as check limitations; complete fail-closed trade replay determines materiality""",OpenCode (assistant),2026-07-18T13:40:16.915473+00:00,Confirmed blocking data limitation; no value imputed.
STOCK_RS_PULLBACK_v1:600114.SH:2020-01-09:2020-01-10,UNIVERSE_TRADABLE_AT_SIGNAL,Signal-day universe,CRITICAL,"""600114.SH""",true,,PASS,True,"""signal_date=2020-01-09 00:00:00""",OpenCode (assistant),2026-07-18T13:40:16.915473+00:00,"Reviewed against locked signal, frozen qfq layer, remediation raw/hfq layers, and independent reconstruction."
STOCK_RS_PULLBACK_v1:600114.SH:2020-01-09:2020-01-10,DATE_ORDER_VALID,Pullback/trigger/entry order,CRITICAL,"[""2020-01-07 00:00:00"", ""2020-01-09 00:00:00"", ""2020-01-10 00:00:00""]",true,,PASS,True,"""strictly increasing dates""",OpenCode (assistant),2026-07-18T13:40:16.915473+00:00,"Reviewed against locked signal, frozen qfq layer, remediation raw/hfq layers, and independent reconstruction."
STOCK_RS_PULLBACK_v1:600114.SH:2020-01-09:2020-01-10,NO_LOOKAHEAD_IN_INDICATORS,Prefix-only indicator reconstruction,CRITICAL,"{""high_10d"": 9.38, ""ma20"": 7.725999999999999, ""ma60"": 5.9544999999999995, ""ret20"": 0.7850098619329389, ""vol_ma5"": 66008101.2}","{""high_10d"": 9.38, ""ma20"": 7.726000000000001, ""ma60"": 5.9545, ""ret20"": 0.7850098619329389, ""vol_ma5"": 66008101.2}",,PASS,True,"""prefix-only rolling recomputation""",OpenCode (assistant),2026-07-18T13:40:16.915473+00:00,"Reviewed against locked signal, frozen qfq layer, remediation raw/hfq layers, and independent reconstruction."
STOCK_RS_PULLBACK_v1:600114.SH:2020-01-09:2020-01-10,ENTRY_IS_NEXT_TRADING_DAY_OPEN,Next trading-day raw open entry,CRITICAL,"[""2020-01-10"", 10.77]","[""2020-01-10 00:00:00"", 10.77]",,PASS,True,"""first stock bar after trigger; raw open required""",OpenCode (assistant),2026-07-18T13:40:16.915473+00:00,"Reviewed against locked signal, frozen qfq layer, remediation raw/hfq layers, and independent reconstruction."
STOCK_RS_PULLBACK_v1:600114.SH:2020-01-09:2020-01-10,ENTRY_DAY_EXECUTABLE,Entry-day execution status,CRITICAL,"{""adj_close"": 8.82, ""adj_factor"": 1.0, ""adj_high"": 9.57, ""adj_low"": 8.73, ""adj_offset"": -1.299999999999999, ""adj_open"": 9.47, ""adj_type"": ""qfq"", ""adjustment_fit_error"": 0.0, ""adjustment_status"": ""KNOWN_AFFINE_TDX_QFQ_HFQ_VALIDATED"", ""board"": ""MAIN_SH"", ""can_buy_at_open"": ""TRUE"", ""can_sell_at_close"": ""TRUE"", ""can_sell_at_open"": ""TRUE"", ""can_sell_intraday"": ""TRUE"", ""close"": 8.82, ""close_at_limit_down"": ""FALSE"", ""close_at_limit_up"": ""FALSE"", ""closing_auction_fill_status"": ""UNKNOWN"", ""code"": ""600114.SH"", ""date"": ""2020-01-10 00:00:00"", ""hfq_close"": 56.82, ""hfq_fit_error"": 0.0034569871027798627, ""hfq_high"": 60.45, ""hfq_low"": 56.39, ""hfq_open"": 59.96, ""high"": 9.57, ""historical_st_branch_status"": ""PASS_BRANCH_INVARIANT"", ""historical_st_status"": ""UNKNOWN"", ""is_suspended"": false, ""limit_down_price"": NaN, ""limit_rule_reason"": ""point-in-time ST status unavailable; execution state resolved only where both ST rule candidates agree"", ""limit_rule_status"": ""UNKNOWN_MISSING_HISTORICAL_ST"", ""limit_up_price"": NaN, ""listing_date"": ""2004-05-13 00:00:00"", ""listing_trading_day"": 3756.0, ""low"": 8.73, ""one_price_limit_down"": ""FALSE"", ""one_price_limit_up"": ""FALSE"", ""open"": 9.47, ""open_at_limit_down"": ""FALSE"", ""open_at_limit_up"": ""FALSE"", ""opening_auction_fill_status"": ""UNKNOWN"", ""raw_close"": 10.12, ""raw_high"": 10.87, ""raw_low"": 10.03, ""raw_open"": 10.77, ""raw_pre_close"": 10.35, ""scheduled_close_fill_status"": ""FILLED_AT_CLOSE"", ""volume"": 55338227.0}","{""executable"": true, ""expected_outcome"": ""valid trade requires executable entry""}",,PASS,True,"""raw open, adjustment factor, trade status, and explicit open fillability""",OpenCode (assistant),2026-07-18T13:40:16.915473+00:00,"Reviewed against locked signal, frozen qfq layer, remediation raw/hfq layers, and independent reconstruction."
STOCK_RS_PULLBACK_v1:600114.SH:2020-01-09:2020-01-10,T1_NO_ENTRY_DAY_EXIT,A-share T+1,CRITICAL,"[""2020-01-10 00:00:00"", ""2020-01-20 00:00:00""]",true,,PASS,True,"""exit must follow entry date""",OpenCode (assistant),2026-07-18T13:40:16.915473+00:00,"Reviewed against locked signal, frozen qfq layer, remediation raw/hfq layers, and independent reconstruction."
STOCK_RS_PULLBACK_v1:600114.SH:2020-01-09:2020-01-10,EXIT_DATE_REASON_RECONSTRUCTION,Independent exit date and reason,CRITICAL,"[""2020-01-20 00:00:00"", ""target_2r""]","[""2020-01-20 00:00:00"", ""target_2r""]",,PASS,True,"""full post-entry replay with T+1 and sellability""",OpenCode (assistant),2026-07-18T13:40:16.915473+00:00,"Reviewed against locked signal, frozen qfq layer, remediation raw/hfq layers, and independent reconstruction."
STOCK_RS_PULLBACK_v1:600114.SH:2020-01-09:2020-01-10,HOLDING_DAYS_RECONSTRUCTION,Holding days including deferred fills,CRITICAL,7,7,0.0,PASS,True,"""target_2r""",OpenCode (assistant),2026-07-18T13:40:16.915473+00:00,"Reviewed against locked signal, frozen qfq layer, remediation raw/hfq layers, and independent reconstruction."
STOCK_RS_PULLBACK_v1:600114.SH:2020-01-09:2020-01-10,EXIT_PRICE_RECONSTRUCTION,Independent adjusted exit price,CRITICAL,12.770000000000001,12.770000000000001,0.0,PASS,True,"""full post-entry replay""",OpenCode (assistant),2026-07-18T13:40:16.915473+00:00,"Reviewed against locked signal, frozen qfq layer, remediation raw/hfq layers, and independent reconstruction."
STOCK_RS_PULLBACK_v1:600114.SH:2020-01-09:2020-01-10,GROSS_RETURN_RECALCULATION,Gross return,CRITICAL,0.34846884899683217,0.34846884899683217,0.0,PASS,True,"""round_trip_cost=0.002""",OpenCode (assistant),2026-07-18T13:40:16.915473+00:00,"Reviewed against locked signal, frozen qfq layer, remediation raw/hfq layers, and independent reconstruction."
STOCK_RS_PULLBACK_v1:600114.SH:2020-01-09:2020-01-10,NET_RETURN_AND_COST_RECALCULATION,Net return and one cost deduction,CRITICAL,0.34646884899683217,0.34646884899683217,0.0,PASS,True,"""round_trip_cost=0.002""",OpenCode (assistant),2026-07-18T13:40:16.915473+00:00,"Reviewed against locked signal, frozen qfq layer, remediation raw/hfq layers, and independent reconstruction."
STOCK_RS_PULLBACK_v1:600114.SH:2020-01-09:2020-01-10,R_MULTIPLE_RECALCULATION,R multiple,CRITICAL,2.0,2.0,0.0,PASS,True,"""round_trip_cost=0.002""",OpenCode (assistant),2026-07-18T13:40:16.915473+00:00,"Reviewed against locked signal, frozen qfq layer, remediation raw/hfq layers, and independent reconstruction."
STOCK_RS_PULLBACK_v1:600114.SH:2020-01-09:2020-01-10,PRICE_ADJUSTMENT_CONSISTENCY,Adjustment series consistency,CRITICAL,"[""qfq""]","[""qfq""]",,PASS,True,"""signal/entry/exit adj_type""",OpenCode (assistant),2026-07-18T13:40:16.915473+00:00,"Reviewed against locked signal, frozen qfq layer, remediation raw/hfq layers, and independent reconstruction."
STOCK_RS_PULLBACK_v1:600114.SH:2020-01-09:2020-01-10,EXECUTION_REALISM,Raw execution-price realism,BLOCKING_DATA,"[""True"", ""True"", ""True"", true]",true,,PASS,True,"""requires consistent raw and adjusted OHLC plus adjustment factors""",OpenCode (assistant),2026-07-18T13:40:16.915473+00:00,"Reviewed against locked signal, frozen qfq layer, remediation raw/hfq layers, and independent reconstruction."
STOCK_RS_PULLBACK_v1:600114.SH:2020-01-09:2020-01-10,HISTORICAL_ST_STATUS,Historical ST execution branch,BLOCKING_DATA,null,"{""branch_invariant_rows"": 5, ""known_rows"": 0, ""rows"": 8}",,NOT_EVALUABLE_MISSING_HISTORICAL_ST,False,"""ST/non-ST branches compared; non-execution-time differences remain non-blocking after complete trade replay""",OpenCode (assistant),2026-07-18T13:40:16.915473+00:00,Confirmed blocking data limitation; no value imputed.
STOCK_RS_PULLBACK_v1:600114.SH:2020-01-09:2020-01-10,LIMIT_PRICE_VERIFICATION,Board/date-specific limit price,BLOCKING_DATA,null,"""UNKNOWN_MISSING_HISTORICAL_ST""",,NOT_EVALUABLE_LIMIT_PRICE,False,"""exact limits retained as check limitations; complete fail-closed trade replay determines materiality""",OpenCode (assistant),2026-07-18T13:40:16.915473+00:00,Confirmed blocking data limitation; no value imputed.
STOCK_RS_PULLBACK_v1:600216.SH:2016-02-16:2016-02-17,UNIVERSE_TRADABLE_AT_SIGNAL,Signal-day universe,CRITICAL,"""600216.SH""",true,,PASS,True,"""signal_date=2016-02-16 00:00:00""",OpenCode (assistant),2026-07-18T13:40:16.915473+00:00,"Reviewed against locked signal, frozen qfq layer, remediation raw/hfq layers, and independent reconstruction."
STOCK_RS_PULLBACK_v1:600216.SH:2016-02-16:2016-02-17,DATE_ORDER_VALID,Pullback/trigger/entry order,CRITICAL,"[""2016-02-05 00:00:00"", ""2016-02-16 00:00:00"", ""2016-02-17 00:00:00""]",true,,PASS,True,"""strictly increasing dates""",OpenCode (assistant),2026-07-18T13:40:16.915473+00:00,"Reviewed against locked signal, frozen qfq layer, remediation raw/hfq layers, and independent reconstruction."
STOCK_RS_PULLBACK_v1:600216.SH:2016-02-16:2016-02-17,NO_LOOKAHEAD_IN_INDICATORS,Prefix-only indicator reconstruction,CRITICAL,"{""high_10d"": 9.9, ""ma20"": 8.734, ""ma60"": 8.286333333333333, ""ret20"": 0.25806451612903225, ""vol_ma5"": 31932430.2}","{""high_10d"": 9.9, ""ma20"": 8.734, ""ma60"": 8.286333333333333, ""ret20"": 0.25806451612903225, ""vol_ma5"": 31932430.2}",,PASS,True,"""prefix-only rolling recomputation""",OpenCode (assistant),2026-07-18T13:40:16.915473+00:00,"Reviewed against locked signal, frozen qfq layer, remediation raw/hfq layers, and independent reconstruction."
STOCK_RS_PULLBACK_v1:600216.SH:2016-02-16:2016-02-17,ENTRY_IS_NEXT_TRADING_DAY_OPEN,Next trading-day raw open entry,CRITICAL,"[""2016-02-17"", 12.59]","[""2016-02-17 00:00:00"", 12.59]",,PASS,True,"""first stock bar after trigger; raw open required""",OpenCode (assistant),2026-07-18T13:40:16.915473+00:00,"Reviewed against locked signal, frozen qfq layer, remediation raw/hfq layers, and independent reconstruction."
STOCK_RS_PULLBACK_v1:600216.SH:2016-02-16:2016-02-17,ENTRY_DAY_EXECUTABLE,Entry-day execution status,CRITICAL,"{""adj_close"": 9.86, ""adj_factor"": 0.9999999999999953, ""adj_high"": 9.95, ""adj_low"": 9.5, ""adj_offset"": -2.9499999999999407, ""adj_open"": 9.64, ""adj_type"": ""qfq"", ""adjustment_fit_error"": 0.0, ""adjustment_status"": ""KNOWN_AFFINE_TDX_QFQ_HFQ_VALIDATED"", ""board"": ""MAIN_SH"", ""can_buy_at_open"": ""TRUE"", ""can_sell_at_close"": ""TRUE"", ""can_sell_at_open"": ""TRUE"", ""can_sell_intraday"": ""TRUE"", ""close"": 9.86, ""close_at_limit_down"": ""FALSE"", ""close_at_limit_up"": ""FALSE"", ""closing_auction_fill_status"": ""UNKNOWN"", ""code"": ""600216.SH"", ""date"": ""2016-02-17 00:00:00"", ""hfq_close"": 69.69, ""hfq_fit_error"": 0.002248661511004002, ""hfq_high"": 70.11, ""hfq_low"": 68.01, ""hfq_open"": 68.66, ""high"": 9.95, ""historical_st_branch_status"": ""PASS_BRANCH_INVARIANT"", ""historical_st_status"": ""UNKNOWN"", ""is_suspended"": false, ""limit_down_price"": NaN, ""limit_rule_reason"": ""point-in-time ST status unavailable; execution state resolved only where both ST rule candidates agree"", ""limit_rule_status"": ""UNKNOWN_MISSING_HISTORICAL_ST"", ""limit_up_price"": NaN, ""listing_date"": ""2000-12-06 00:00:00"", ""listing_trading_day"": 3876.0, ""low"": 9.5, ""one_price_limit_down"": ""FALSE"", ""one_price_limit_up"": ""FALSE"", ""open"": 9.64, ""open_at_limit_down"": ""FALSE"", ""open_at_limit_up"": ""FALSE"", ""opening_auction_fill_status"": ""UNKNOWN"", ""raw_close"": 12.81, ""raw_high"": 12.9, ""raw_low"": 12.45, ""raw_open"": 12.59, ""raw_pre_close"": 12.7, ""scheduled_close_fill_status"": ""FILLED_AT_CLOSE"", ""volume"": 38393811.0}","{""executable"": true, ""expected_outcome"": ""valid trade requires executable entry""}",,PASS,True,"""raw open, adjustment factor, trade status, and explicit open fillability""",OpenCode (assistant),2026-07-18T13:40:16.915473+00:00,"Reviewed against locked signal, frozen qfq layer, remediation raw/hfq layers, and independent reconstruction."
STOCK_RS_PULLBACK_v1:600216.SH:2016-02-16:2016-02-17,T1_NO_ENTRY_DAY_EXIT,A-share T+1,CRITICAL,"[""2016-02-17 00:00:00"", ""2016-02-29 00:00:00""]",true,,PASS,True,"""exit must follow entry date""",OpenCode (assistant),2026-07-18T13:40:16.915473+00:00,"Reviewed against locked signal, frozen qfq layer, remediation raw/hfq layers, and independent reconstruction."
STOCK_RS_PULLBACK_v1:600216.SH:2016-02-16:2016-02-17,EXIT_DATE_REASON_RECONSTRUCTION,Independent exit date and reason,CRITICAL,"[""2016-02-29 00:00:00"", ""stop_loss""]","[""2016-02-29 00:00:00"", ""stop_loss""]",,PASS,True,"""full post-entry replay with T+1 and sellability""",OpenCode (assistant),2026-07-18T13:40:16.915473+00:00,"Reviewed against locked signal, frozen qfq layer, remediation raw/hfq layers, and independent reconstruction."
STOCK_RS_PULLBACK_v1:600216.SH:2016-02-16:2016-02-17,HOLDING_DAYS_RECONSTRUCTION,Holding days including deferred fills,CRITICAL,9,9,0.0,PASS,True,"""stop_loss""",OpenCode (assistant),2026-07-18T13:40:16.915473+00:00,"Reviewed against locked signal, frozen qfq layer, remediation raw/hfq layers, and independent reconstruction."
STOCK_RS_PULLBACK_v1:600216.SH:2016-02-16:2016-02-17,EXIT_PRICE_RECONSTRUCTION,Independent adjusted exit price,CRITICAL,9.0,9.0,0.0,PASS,True,"""full post-entry replay""",OpenCode (assistant),2026-07-18T13:40:16.915473+00:00,"Reviewed against locked signal, frozen qfq layer, remediation raw/hfq layers, and independent reconstruction."
STOCK_RS_PULLBACK_v1:600216.SH:2016-02-16:2016-02-17,GROSS_RETURN_RECALCULATION,Gross return,CRITICAL,-0.06639004149377603,-0.06639004149377603,0.0,PASS,True,"""round_trip_cost=0.002""",OpenCode (assistant),2026-07-18T13:40:16.915473+00:00,"Reviewed against locked signal, frozen qfq layer, remediation raw/hfq layers, and independent reconstruction."
STOCK_RS_PULLBACK_v1:600216.SH:2016-02-16:2016-02-17,NET_RETURN_AND_COST_RECALCULATION,Net return and one cost deduction,CRITICAL,-0.06839004149377603,-0.06839004149377603,0.0,PASS,True,"""round_trip_cost=0.002""",OpenCode (assistant),2026-07-18T13:40:16.915473+00:00,"Reviewed against locked signal, frozen qfq layer, remediation raw/hfq layers, and independent reconstruction."
STOCK_RS_PULLBACK_v1:600216.SH:2016-02-16:2016-02-17,R_MULTIPLE_RECALCULATION,R multiple,CRITICAL,-1.0,-1.0,0.0,PASS,True,"""round_trip_cost=0.002""",OpenCode (assistant),2026-07-18T13:40:16.915473+00:00,"Reviewed against locked signal, frozen qfq layer, remediation raw/hfq layers, and independent reconstruction."
STOCK_RS_PULLBACK_v1:600216.SH:2016-02-16:2016-02-17,PRICE_ADJUSTMENT_CONSISTENCY,Adjustment series consistency,CRITICAL,"[""qfq""]","[""qfq""]",,PASS,True,"""signal/entry/exit adj_type""",OpenCode (assistant),2026-07-18T13:40:16.915473+00:00,"Reviewed against locked signal, frozen qfq layer, remediation raw/hfq layers, and independent reconstruction."
STOCK_RS_PULLBACK_v1:600216.SH:2016-02-16:2016-02-17,EXECUTION_REALISM,Raw execution-price realism,BLOCKING_DATA,"[""True"", ""True"", ""True"", true]",true,,PASS,True,"""requires consistent raw and adjusted OHLC plus adjustment factors""",OpenCode (assistant),2026-07-18T13:40:16.915473+00:00,"Reviewed against locked signal, frozen qfq layer, remediation raw/hfq layers, and independent reconstruction."
STOCK_RS_PULLBACK_v1:600216.SH:2016-02-16:2016-02-17,HISTORICAL_ST_STATUS,Historical ST execution branch,BLOCKING_DATA,null,"{""branch_invariant_rows"": 10, ""known_rows"": 0, ""rows"": 10}",,PASS_BRANCH_INVARIANT,False,"""ST/non-ST branches compared; non-execution-time differences remain non-blocking after complete trade replay""",OpenCode (assistant),2026-07-18T13:40:16.915473+00:00,"Reviewed against locked signal, frozen qfq layer, remediation raw/hfq layers, and independent reconstruction."
STOCK_RS_PULLBACK_v1:600216.SH:2016-02-16:2016-02-17,LIMIT_PRICE_VERIFICATION,Board/date-specific limit price,BLOCKING_DATA,null,"{""branch_invariant_rows"": 10, ""known_rows"": 0}",,NOT_EVALUABLE_LIMIT_PRICE_BRANCH_INVARIANT,False,"""exact limits retained as check limitations; complete fail-closed trade replay determines materiality""",OpenCode (assistant),2026-07-18T13:40:16.915473+00:00,Confirmed blocking data limitation; no value imputed.
STOCK_RS_PULLBACK_v1:600221.SH:2010-02-03:2010-02-04,UNIVERSE_TRADABLE_AT_SIGNAL,Signal-day universe,CRITICAL,"""600221.SH""",true,,PASS,True,"""signal_date=2010-02-03 00:00:00""",OpenCode (assistant),2026-07-18T13:40:16.915473+00:00,"Reviewed against locked signal, frozen qfq layer, remediation raw/hfq layers, and independent reconstruction."
STOCK_RS_PULLBACK_v1:600221.SH:2010-02-03:2010-02-04,DATE_ORDER_VALID,Pullback/trigger/entry order,CRITICAL,"[""2010-02-02 00:00:00"", ""2010-02-03 00:00:00"", ""2010-02-04 00:00:00""]",true,,PASS,True,"""strictly increasing dates""",OpenCode (assistant),2026-07-18T13:40:16.915473+00:00,"Reviewed against locked signal, frozen qfq layer, remediation raw/hfq layers, and independent reconstruction."
STOCK_RS_PULLBACK_v1:600221.SH:2010-02-03:2010-02-04,NO_LOOKAHEAD_IN_INDICATORS,Prefix-only indicator reconstruction,CRITICAL,"{""high_10d"": 3.51, ""ma20"": 3.2305, ""ma60"": 2.9578333333333333, ""ret20"": 0.13861386138613874, ""vol_ma5"": 68282900.4}","{""high_10d"": 3.51, ""ma20"": 3.2305, ""ma60"": 2.9578333333333333, ""ret20"": 0.13861386138613874, ""vol_ma5"": 68282900.4}",,PASS,True,"""prefix-only rolling recomputation""",OpenCode (assistant),2026-07-18T13:40:16.915473+00:00,"Reviewed against locked signal, frozen qfq layer, remediation raw/hfq layers, and independent reconstruction."
STOCK_RS_PULLBACK_v1:600221.SH:2010-02-03:2010-02-04,ENTRY_IS_NEXT_TRADING_DAY_OPEN,Next trading-day raw open entry,CRITICAL,"[""2010-02-04"", 7.41]","[""2010-02-04 00:00:00"", 7.41]",,PASS,True,"""first stock bar after trigger; raw open required""",OpenCode (assistant),2026-07-18T13:40:16.915473+00:00,"Reviewed against locked signal, frozen qfq layer, remediation raw/hfq layers, and independent reconstruction."
STOCK_RS_PULLBACK_v1:600221.SH:2010-02-03:2010-02-04,ENTRY_DAY_EXECUTABLE,Entry-day execution status,CRITICAL,"{""adj_close"": 3.82, ""adj_factor"": 0.4975023913274526, ""adj_high"": 3.82, ""adj_low"": 3.37, ""adj_offset"": -0.24936231267935094, ""adj_open"": 3.44, ""adj_type"": ""qfq"", ""adjustment_fit_error"": 0.0028695929429267686, ""adjustment_status"": ""KNOWN_AFFINE_TDX_QFQ_HFQ_VALIDATED"", ""board"": ""MAIN_SH"", ""can_buy_at_open"": ""TRUE"", ""can_sell_at_close"": ""TRUE"", ""can_sell_at_open"": ""TRUE"", ""can_sell_intraday"": ""TRUE"", ""close"": 3.82, ""close_at_limit_down"": ""FALSE"", ""close_at_limit_up"": ""UNKNOWN"", ""closing_auction_fill_status"": ""UNKNOWN"", ""code"": ""600221.SH"", ""date"": ""2010-02-04 00:00:00"", ""hfq_close"": 12.0, ""hfq_fit_error"": 0.003634817727705908, ""hfq_high"": 12.0, ""hfq_low"": 10.71, ""hfq_open"": 10.89, ""high"": 3.82, ""historical_st_branch_status"": ""PASS_BRANCH_INVARIANT"", ""historical_st_status"": ""UNKNOWN"", ""is_suspended"": false, ""limit_down_price"": NaN, ""limit_rule_reason"": ""point-in-time ST status unavailable; execution state resolved only where both ST rule candidates agree"", ""limit_rule_status"": ""UNKNOWN_MISSING_HISTORICAL_ST"", ""limit_up_price"": NaN, ""listing_date"": ""1999-11-25 00:00:00"", ""listing_trading_day"": 2357.0, ""low"": 3.37, ""one_price_limit_down"": ""FALSE"", ""one_price_limit_up"": ""FALSE"", ""open"": 3.44, ""open_at_limit_down"": ""FALSE"", ""open_at_limit_up"": ""FALSE"", ""opening_auction_fill_status"": ""UNKNOWN"", ""raw_close"": 8.18, ""raw_high"": 8.18, ""raw_low"": 7.28, ""raw_open"": 7.41, ""raw_pre_close"": 7.44, ""scheduled_close_fill_status"": ""FILLED_AT_CLOSE"", ""volume"": 169533124.0}","{""executable"": true, ""expected_outcome"": ""valid trade requires executable entry""}",,PASS,True,"""raw open, adjustment factor, trade status, and explicit open fillability""",OpenCode (assistant),2026-07-18T13:40:16.915473+00:00,"Reviewed against locked signal, frozen qfq layer, remediation raw/hfq layers, and independent reconstruction."
STOCK_RS_PULLBACK_v1:600221.SH:2010-02-03:2010-02-04,T1_NO_ENTRY_DAY_EXIT,A-share T+1,CRITICAL,"[""2010-02-04 00:00:00"", ""2010-02-05 00:00:00""]",true,,PASS,True,"""exit must follow entry date""",OpenCode (assistant),2026-07-18T13:40:16.915473+00:00,"Reviewed against locked signal, frozen qfq layer, remediation raw/hfq layers, and independent reconstruction."
STOCK_RS_PULLBACK_v1:600221.SH:2010-02-03:2010-02-04,EXIT_DATE_REASON_RECONSTRUCTION,Independent exit date and reason,CRITICAL,"[""2010-02-05 00:00:00"", ""target_2r""]","[""2010-02-05 00:00:00"", ""target_2r""]",,PASS,True,"""full post-entry replay with T+1 and sellability""",OpenCode (assistant),2026-07-18T13:40:16.915473+00:00,"Reviewed against locked signal, frozen qfq layer, remediation raw/hfq layers, and independent reconstruction."
STOCK_RS_PULLBACK_v1:600221.SH:2010-02-03:2010-02-04,HOLDING_DAYS_RECONSTRUCTION,Holding days including deferred fills,CRITICAL,2,2,0.0,PASS,True,"""target_2r""",OpenCode (assistant),2026-07-18T13:40:16.915473+00:00,"Reviewed against locked signal, frozen qfq layer, remediation raw/hfq layers, and independent reconstruction."
STOCK_RS_PULLBACK_v1:600221.SH:2010-02-03:2010-02-04,EXIT_PRICE_RECONSTRUCTION,Independent adjusted exit price,CRITICAL,3.8399999999999994,3.8399999999999994,0.0,PASS,True,"""full post-entry replay""",OpenCode (assistant),2026-07-18T13:40:16.915473+00:00,"Reviewed against locked signal, frozen qfq layer, remediation raw/hfq layers, and independent reconstruction."
STOCK_RS_PULLBACK_v1:600221.SH:2010-02-03:2010-02-04,GROSS_RETURN_RECALCULATION,Gross return,CRITICAL,0.11627906976744162,0.11627906976744162,0.0,PASS,True,"""round_trip_cost=0.002""",OpenCode (assistant),2026-07-18T13:40:16.915473+00:00,"Reviewed against locked signal, frozen qfq layer, remediation raw/hfq layers, and independent reconstruction."
STOCK_RS_PULLBACK_v1:600221.SH:2010-02-03:2010-02-04,NET_RETURN_AND_COST_RECALCULATION,Net return and one cost deduction,CRITICAL,0.11427906976744162,0.11427906976744162,0.0,PASS,True,"""round_trip_cost=0.002""",OpenCode (assistant),2026-07-18T13:40:16.915473+00:00,"Reviewed against locked signal, frozen qfq layer, remediation raw/hfq layers, and independent reconstruction."
STOCK_RS_PULLBACK_v1:600221.SH:2010-02-03:2010-02-04,R_MULTIPLE_RECALCULATION,R multiple,CRITICAL,2.0,2.0,0.0,PASS,True,"""round_trip_cost=0.002""",OpenCode (assistant),2026-07-18T13:40:16.915473+00:00,"Reviewed against locked signal, frozen qfq layer, remediation raw/hfq layers, and independent reconstruction."
STOCK_RS_PULLBACK_v1:600221.SH:2010-02-03:2010-02-04,PRICE_ADJUSTMENT_CONSISTENCY,Adjustment series consistency,CRITICAL,"[""qfq""]","[""qfq""]",,PASS,True,"""signal/entry/exit adj_type""",OpenCode (assistant),2026-07-18T13:40:16.915473+00:00,"Reviewed against locked signal, frozen qfq layer, remediation raw/hfq layers, and independent reconstruction."
STOCK_RS_PULLBACK_v1:600221.SH:2010-02-03:2010-02-04,EXECUTION_REALISM,Raw execution-price realism,BLOCKING_DATA,"[""True"", ""True"", ""True"", true]",true,,PASS,True,"""requires consistent raw and adjusted OHLC plus adjustment factors""",OpenCode (assistant),2026-07-18T13:40:16.915473+00:00,"Reviewed against locked signal, frozen qfq layer, remediation raw/hfq layers, and independent reconstruction."
STOCK_RS_PULLBACK_v1:600221.SH:2010-02-03:2010-02-04,HISTORICAL_ST_STATUS,Historical ST execution branch,BLOCKING_DATA,null,"{""branch_invariant_rows"": 3, ""known_rows"": 0, ""rows"": 3}",,PASS_BRANCH_INVARIANT,False,"""ST/non-ST branches compared; non-execution-time differences remain non-blocking after complete trade replay""",OpenCode (assistant),2026-07-18T13:40:16.915473+00:00,"Reviewed against locked signal, frozen qfq layer, remediation raw/hfq layers, and independent reconstruction."
STOCK_RS_PULLBACK_v1:600221.SH:2010-02-03:2010-02-04,LIMIT_PRICE_VERIFICATION,Board/date-specific limit price,BLOCKING_DATA,null,"{""branch_invariant_rows"": 3, ""known_rows"": 0}",,NOT_EVALUABLE_LIMIT_PRICE_BRANCH_INVARIANT,False,"""exact limits retained as check limitations; complete fail-closed trade replay determines materiality""",OpenCode (assistant),2026-07-18T13:40:16.915473+00:00,Confirmed blocking data limitation; no value imputed.
STOCK_RS_PULLBACK_v1:600229.SH:2015-05-13:2015-05-14,UNIVERSE_TRADABLE_AT_SIGNAL,Signal-day universe,CRITICAL,"""600229.SH""",true,,PASS,True,"""signal_date=2015-05-13 00:00:00""",OpenCode (assistant),2026-07-18T13:40:16.915473+00:00,"Reviewed against locked signal, frozen qfq layer, remediation raw/hfq layers, and independent reconstruction."
STOCK_RS_PULLBACK_v1:600229.SH:2015-05-13:2015-05-14,DATE_ORDER_VALID,Pullback/trigger/entry order,CRITICAL,"[""2015-05-11 00:00:00"", ""2015-05-13 00:00:00"", ""2015-05-14 00:00:00""]",true,,PASS,True,"""strictly increasing dates""",OpenCode (assistant),2026-07-18T13:40:16.915473+00:00,"Reviewed against locked signal, frozen qfq layer, remediation raw/hfq layers, and independent reconstruction."
STOCK_RS_PULLBACK_v1:600229.SH:2015-05-13:2015-05-14,NO_LOOKAHEAD_IN_INDICATORS,Prefix-only indicator reconstruction,CRITICAL,"{""high_10d"": 20.36, ""ma20"": 15.754500000000002, ""ma60"": 12.458666666666666, ""ret20"": 0.4243281471004243, ""vol_ma5"": 28892743.6}","{""high_10d"": 20.36, ""ma20"": 15.754499999999997, ""ma60"": 12.458666666666666, ""ret20"": 0.4243281471004243, ""vol_ma5"": 28892743.6}",,PASS,True,"""prefix-only rolling recomputation""",OpenCode (assistant),2026-07-18T13:40:16.915473+00:00,"Reviewed against locked signal, frozen qfq layer, remediation raw/hfq layers, and independent reconstruction."
STOCK_RS_PULLBACK_v1:600229.SH:2015-05-13:2015-05-14,ENTRY_IS_NEXT_TRADING_DAY_OPEN,Next trading-day raw open entry,CRITICAL,"[""2015-05-14"", 21.7]","[""2015-05-14 00:00:00"", 21.7]",,PASS,True,"""first stock bar after trigger; raw open required""",OpenCode (assistant),2026-07-18T13:40:16.915473+00:00,"Reviewed against locked signal, frozen qfq layer, remediation raw/hfq layers, and independent reconstruction."
STOCK_RS_PULLBACK_v1:600229.SH:2015-05-13:2015-05-14,ENTRY_DAY_EXECUTABLE,Entry-day execution status,CRITICAL,"{""adj_close"": 22.32, ""adj_factor"": 1.0000000000000009, ""adj_high"": 22.32, ""adj_low"": 19.81, ""adj_offset"": -1.6300000000000203, ""adj_open"": 20.07, ""adj_type"": ""qfq"", ""adjustment_fit_error"": 3.552713678800501e-15, ""adjustment_status"": ""KNOWN_AFFINE_TDX_QFQ_HFQ_VALIDATED"", ""board"": ""MAIN_SH"", ""can_buy_at_open"": ""TRUE"", ""can_sell_at_close"": ""TRUE"", ""can_sell_at_open"": ""TRUE"", ""can_sell_intraday"": ""TRUE"", ""close"": 22.32, ""close_at_limit_down"": ""FALSE"", ""close_at_limit_up"": ""UNKNOWN"", ""closing_auction_fill_status"": ""UNKNOWN"", ""code"": ""600229.SH"", ""date"": ""2015-05-14 00:00:00"", ""hfq_close"": 30.7, ""hfq_fit_error"": 0.00233459689024329, ""hfq_high"": 30.7, ""hfq_low"": 27.57, ""hfq_open"": 27.89, ""high"": 22.32, ""historical_st_branch_status"": ""PASS_BRANCH_INVARIANT"", ""historical_st_status"": ""UNKNOWN"", ""is_suspended"": false, ""limit_down_price"": NaN, ""limit_rule_reason"": ""point-in-time ST status unavailable; execution state resolved only where both ST rule candidates agree"", ""limit_rule_status"": ""UNKNOWN_MISSING_HISTORICAL_ST"", ""limit_up_price"": NaN, ""listing_date"": ""2000-03-09 00:00:00"", ""listing_trading_day"": 3485.0, ""low"": 19.81, ""one_price_limit_down"": ""FALSE"", ""one_price_limit_up"": ""FALSE"", ""open"": 20.07, ""open_at_limit_down"": ""FALSE"", ""open_at_limit_up"": ""FALSE"", ""opening_auction_fill_status"": ""UNKNOWN"", ""raw_close"": 23.95, ""raw_high"": 23.95, ""raw_low"": 21.44, ""raw_open"": 21.7, ""raw_pre_close"": 21.77, ""scheduled_close_fill_status"": ""FILLED_AT_CLOSE"", ""volume"": 29183515.0}","{""executable"": true, ""expected_outcome"": ""valid trade requires executable entry""}",,PASS,True,"""raw open, adjustment factor, trade status, and explicit open fillability""",OpenCode (assistant),2026-07-18T13:40:16.915473+00:00,"Reviewed against locked signal, frozen qfq layer, remediation raw/hfq layers, and independent reconstruction."
STOCK_RS_PULLBACK_v1:600229.SH:2015-05-13:2015-05-14,T1_NO_ENTRY_DAY_EXIT,A-share T+1,CRITICAL,"[""2015-05-14 00:00:00"", ""2015-05-15 00:00:00""]",true,,PASS,True,"""exit must follow entry date""",OpenCode (assistant),2026-07-18T13:40:16.915473+00:00,"Reviewed against locked signal, frozen qfq layer, remediation raw/hfq layers, and independent reconstruction."
STOCK_RS_PULLBACK_v1:600229.SH:2015-05-13:2015-05-14,EXIT_DATE_REASON_RECONSTRUCTION,Independent exit date and reason,CRITICAL,"[""2015-05-15 00:00:00"", ""target_2r""]","[""2015-05-15 00:00:00"", ""target_2r""]",,PASS,True,"""full post-entry replay with T+1 and sellability""",OpenCode (assistant),2026-07-18T13:40:16.915473+00:00,"Reviewed against locked signal, frozen qfq layer, remediation raw/hfq layers, and independent reconstruction."
STOCK_RS_PULLBACK_v1:600229.SH:2015-05-13:2015-05-14,HOLDING_DAYS_RECONSTRUCTION,Holding days including deferred fills,CRITICAL,2,2,0.0,PASS,True,"""target_2r""",OpenCode (assistant),2026-07-18T13:40:16.915473+00:00,"Reviewed against locked signal, frozen qfq layer, remediation raw/hfq layers, and independent reconstruction."
STOCK_RS_PULLBACK_v1:600229.SH:2015-05-13:2015-05-14,EXIT_PRICE_RECONSTRUCTION,Independent adjusted exit price,CRITICAL,23.07,23.07,0.0,PASS,True,"""full post-entry replay""",OpenCode (assistant),2026-07-18T13:40:16.915473+00:00,"Reviewed against locked signal, frozen qfq layer, remediation raw/hfq layers, and independent reconstruction."
STOCK_RS_PULLBACK_v1:600229.SH:2015-05-13:2015-05-14,GROSS_RETURN_RECALCULATION,Gross return,CRITICAL,0.14947683109118093,0.14947683109118093,0.0,PASS,True,"""round_trip_cost=0.002""",OpenCode (assistant),2026-07-18T13:40:16.915473+00:00,"Reviewed against locked signal, frozen qfq layer, remediation raw/hfq layers, and independent reconstruction."
STOCK_RS_PULLBACK_v1:600229.SH:2015-05-13:2015-05-14,NET_RETURN_AND_COST_RECALCULATION,Net return and one cost deduction,CRITICAL,0.14747683109118093,0.14747683109118093,0.0,PASS,True,"""round_trip_cost=0.002""",OpenCode (assistant),2026-07-18T13:40:16.915473+00:00,"Reviewed against locked signal, frozen qfq layer, remediation raw/hfq layers, and independent reconstruction."
STOCK_RS_PULLBACK_v1:600229.SH:2015-05-13:2015-05-14,R_MULTIPLE_RECALCULATION,R multiple,CRITICAL,2.0,2.0,0.0,PASS,True,"""round_trip_cost=0.002""",OpenCode (assistant),2026-07-18T13:40:16.915473+00:00,"Reviewed against locked signal, frozen qfq layer, remediation raw/hfq layers, and independent reconstruction."
STOCK_RS_PULLBACK_v1:600229.SH:2015-05-13:2015-05-14,PRICE_ADJUSTMENT_CONSISTENCY,Adjustment series consistency,CRITICAL,"[""qfq""]","[""qfq""]",,PASS,True,"""signal/entry/exit adj_type""",OpenCode (assistant),2026-07-18T13:40:16.915473+00:00,"Reviewed against locked signal, frozen qfq layer, remediation raw/hfq layers, and independent reconstruction."
STOCK_RS_PULLBACK_v1:600229.SH:2015-05-13:2015-05-14,EXECUTION_REALISM,Raw execution-price realism,BLOCKING_DATA,"[""True"", ""True"", ""True"", true]",true,,PASS,True,"""requires consistent raw and adjusted OHLC plus adjustment factors""",OpenCode (assistant),2026-07-18T13:40:16.915473+00:00,"Reviewed against locked signal, frozen qfq layer, remediation raw/hfq layers, and independent reconstruction."
STOCK_RS_PULLBACK_v1:600229.SH:2015-05-13:2015-05-14,HISTORICAL_ST_STATUS,Historical ST execution branch,BLOCKING_DATA,null,"{""branch_invariant_rows"": 3, ""known_rows"": 0, ""rows"": 3}",,PASS_BRANCH_INVARIANT,False,"""ST/non-ST branches compared; non-execution-time differences remain non-blocking after complete trade replay""",OpenCode (assistant),2026-07-18T13:40:16.915473+00:00,"Reviewed against locked signal, frozen qfq layer, remediation raw/hfq layers, and independent reconstruction."
STOCK_RS_PULLBACK_v1:600229.SH:2015-05-13:2015-05-14,LIMIT_PRICE_VERIFICATION,Board/date-specific limit price,BLOCKING_DATA,null,"{""branch_invariant_rows"": 3, ""known_rows"": 0}",,NOT_EVALUABLE_LIMIT_PRICE_BRANCH_INVARIANT,False,"""exact limits retained as check limitations; complete fail-closed trade replay determines materiality""",OpenCode (assistant),2026-07-18T13:40:16.915473+00:00,Confirmed blocking data limitation; no value imputed.
STOCK_RS_PULLBACK_v1:600295.SH:2021-02-24:2021-02-25,UNIVERSE_TRADABLE_AT_SIGNAL,Signal-day universe,CRITICAL,"""600295.SH""",true,,PASS,True,"""signal_date=2021-02-24 00:00:00""",OpenCode (assistant),2026-07-18T13:40:16.915473+00:00,"Reviewed against locked signal, frozen qfq layer, remediation raw/hfq layers, and independent reconstruction."
STOCK_RS_PULLBACK_v1:600295.SH:2021-02-24:2021-02-25,DATE_ORDER_VALID,Pullback/trigger/entry order,CRITICAL,"[""2021-02-10 00:00:00"", ""2021-02-24 00:00:00"", ""2021-02-25 00:00:00""]",true,,PASS,True,"""strictly increasing dates""",OpenCode (assistant),2026-07-18T13:40:16.915473+00:00,"Reviewed against locked signal, frozen qfq layer, remediation raw/hfq layers, and independent reconstruction."
STOCK_RS_PULLBACK_v1:600295.SH:2021-02-24:2021-02-25,NO_LOOKAHEAD_IN_INDICATORS,Prefix-only indicator reconstruction,CRITICAL,"{""high_10d"": 5.71, ""ma20"": 2.4855, ""ma60"": 1.651166666666667, ""ret20"": 2.6028368794326244, ""vol_ma5"": 33943398.6}","{""high_10d"": 5.71, ""ma20"": 2.4855, ""ma60"": 1.651166666666667, ""ret20"": 2.6028368794326244, ""vol_ma5"": 33943398.6}",,PASS,True,"""prefix-only rolling recomputation""",OpenCode (assistant),2026-07-18T13:40:16.915473+00:00,"Reviewed against locked signal, frozen qfq layer, remediation raw/hfq layers, and independent reconstruction."
STOCK_RS_PULLBACK_v1:600295.SH:2021-02-24:2021-02-25,ENTRY_IS_NEXT_TRADING_DAY_OPEN,Next trading-day raw open entry,CRITICAL,"[""2021-02-25"", 18.9]","[""2021-02-25 00:00:00"", 18.9]",,PASS,True,"""first stock bar after trigger; raw open required""",OpenCode (assistant),2026-07-18T13:40:16.915473+00:00,"Reviewed against locked signal, frozen qfq layer, remediation raw/hfq layers, and independent reconstruction."
STOCK_RS_PULLBACK_v1:600295.SH:2021-02-24:2021-02-25,ENTRY_DAY_EXECUTABLE,Entry-day execution status,CRITICAL,"{""adj_close"": 5.22, ""adj_factor"": 0.5109054708357845, ""adj_high"": 5.59, ""adj_low"": 4.58, ""adj_offset"": -4.256805737816194, ""adj_open"": 5.4, ""adj_type"": ""qfq"", ""adjustment_fit_error"": 0.004618308520748293, ""adjustment_status"": ""KNOWN_AFFINE_TDX_QFQ_HFQ_VALIDATED"", ""board"": ""MAIN_SH"", ""can_buy_at_open"": ""TRUE"", ""can_sell_at_close"": ""TRUE"", ""can_sell_at_open"": ""TRUE"", ""can_sell_intraday"": ""TRUE"", ""close"": 5.22, ""close_at_limit_down"": ""FALSE"", ""close_at_limit_up"": ""FALSE"", ""closing_auction_fill_status"": ""UNKNOWN"", ""code"": ""600295.SH"", ""date"": ""2021-02-25 00:00:00"", ""hfq_close"": 50.03, ""hfq_fit_error"": 0.0035223313272112478, ""hfq_high"": 51.8, ""hfq_low"": 47.05, ""hfq_open"": 50.89, ""high"": 5.59, ""historical_st_branch_status"": ""PASS_BRANCH_INVARIANT"", ""historical_st_status"": ""UNKNOWN"", ""is_suspended"": false, ""limit_down_price"": NaN, ""limit_rule_reason"": ""point-in-time ST status unavailable; execution state resolved only where both ST rule candidates agree"", ""limit_rule_status"": ""UNKNOWN_MISSING_HISTORICAL_ST"", ""limit_up_price"": NaN, ""listing_date"": ""2007-04-23 00:00:00"", ""listing_trading_day"": 4599.0, ""low"": 4.58, ""one_price_limit_down"": ""FALSE"", ""one_price_limit_up"": ""FALSE"", ""open"": 5.4, ""open_at_limit_down"": ""FALSE"", ""open_at_limit_up"": ""FALSE"", ""opening_auction_fill_status"": ""UNKNOWN"", ""raw_close"": 18.54, ""raw_high"": 19.28, ""raw_low"": 17.3, ""raw_open"": 18.9, ""raw_pre_close"": 18.28, ""scheduled_close_fill_status"": ""FILLED_AT_CLOSE"", ""volume"": 62614568.0}","{""executable"": true, ""expected_outcome"": ""valid trade requires executable entry""}",,PASS,True,"""raw open, adjustment factor, trade status, and explicit open fillability""",OpenCode (assistant),2026-07-18T13:40:16.915473+00:00,"Reviewed against locked signal, frozen qfq layer, remediation raw/hfq layers, and independent reconstruction."
STOCK_RS_PULLBACK_v1:600295.SH:2021-02-24:2021-02-25,T1_NO_ENTRY_DAY_EXIT,A-share T+1,CRITICAL,"[""2021-02-25 00:00:00"", ""2021-03-03 00:00:00""]",true,,PASS,True,"""exit must follow entry date""",OpenCode (assistant),2026-07-18T13:40:16.915473+00:00,"Reviewed against locked signal, frozen qfq layer, remediation raw/hfq layers, and independent reconstruction."
STOCK_RS_PULLBACK_v1:600295.SH:2021-02-24:2021-02-25,EXIT_DATE_REASON_RECONSTRUCTION,Independent exit date and reason,CRITICAL,"[""2021-03-03 00:00:00"", ""time_stop_no_upside_progress""]","[""2021-03-03 00:00:00"", ""time_stop_no_upside_progress""]",,PASS,True,"""full post-entry replay with T+1 and sellability""",OpenCode (assistant),2026-07-18T13:40:16.915473+00:00,"Reviewed against locked signal, frozen qfq layer, remediation raw/hfq layers, and independent reconstruction."
STOCK_RS_PULLBACK_v1:600295.SH:2021-02-24:2021-02-25,HOLDING_DAYS_RECONSTRUCTION,Holding days including deferred fills,CRITICAL,5,5,0.0,PASS,True,"""time_stop_no_upside_progress""",OpenCode (assistant),2026-07-18T13:40:16.915473+00:00,"Reviewed against locked signal, frozen qfq layer, remediation raw/hfq layers, and independent reconstruction."
STOCK_RS_PULLBACK_v1:600295.SH:2021-02-24:2021-02-25,EXIT_PRICE_RECONSTRUCTION,Independent adjusted exit price,CRITICAL,8.22998610680889,8.23,-1.3893191109559666e-05,PASS,True,"""full post-entry replay""",OpenCode (assistant),2026-07-18T13:40:16.915473+00:00,"Reviewed against locked signal, frozen qfq layer, remediation raw/hfq layers, and independent reconstruction."
STOCK_RS_PULLBACK_v1:600295.SH:2021-02-24:2021-02-25,GROSS_RETURN_RECALCULATION,Gross return,CRITICAL,0.5240715012609056,0.5240740740740741,-2.57281316851099e-06,PASS,True,"""round_trip_cost=0.002""",OpenCode (assistant),2026-07-18T13:40:16.915473+00:00,"Reviewed against locked signal, frozen qfq layer, remediation raw/hfq layers, and independent reconstruction."
STOCK_RS_PULLBACK_v1:600295.SH:2021-02-24:2021-02-25,NET_RETURN_AND_COST_RECALCULATION,Net return and one cost deduction,CRITICAL,0.5220715012609056,0.5220740740740741,-2.57281316851099e-06,PASS,True,"""round_trip_cost=0.002""",OpenCode (assistant),2026-07-18T13:40:16.915473+00:00,"Reviewed against locked signal, frozen qfq layer, remediation raw/hfq layers, and independent reconstruction."
STOCK_RS_PULLBACK_v1:600295.SH:2021-02-24:2021-02-25,R_MULTIPLE_RECALCULATION,R multiple,CRITICAL,0.8628006423197836,0.8628048780487805,-4.23572899688196e-06,PASS,True,"""round_trip_cost=0.002""",OpenCode (assistant),2026-07-18T13:40:16.915473+00:00,"Reviewed against locked signal, frozen qfq layer, remediation raw/hfq layers, and independent reconstruction."
STOCK_RS_PULLBACK_v1:600295.SH:2021-02-24:2021-02-25,PRICE_ADJUSTMENT_CONSISTENCY,Adjustment series consistency,CRITICAL,"[""qfq""]","[""qfq""]",,PASS,True,"""signal/entry/exit adj_type""",OpenCode (assistant),2026-07-18T13:40:16.915473+00:00,"Reviewed against locked signal, frozen qfq layer, remediation raw/hfq layers, and independent reconstruction."
STOCK_RS_PULLBACK_v1:600295.SH:2021-02-24:2021-02-25,EXECUTION_REALISM,Raw execution-price realism,BLOCKING_DATA,"[""True"", ""True"", ""True"", true]",true,,PASS,True,"""requires consistent raw and adjusted OHLC plus adjustment factors""",OpenCode (assistant),2026-07-18T13:40:16.915473+00:00,"Reviewed against locked signal, frozen qfq layer, remediation raw/hfq layers, and independent reconstruction."
STOCK_RS_PULLBACK_v1:600295.SH:2021-02-24:2021-02-25,HISTORICAL_ST_STATUS,Historical ST execution branch,BLOCKING_DATA,null,"{""branch_invariant_rows"": 6, ""known_rows"": 0, ""rows"": 6}",,PASS_BRANCH_INVARIANT,False,"""ST/non-ST branches compared; non-execution-time differences remain non-blocking after complete trade replay""",OpenCode (assistant),2026-07-18T13:40:16.915473+00:00,"Reviewed against locked signal, frozen qfq layer, remediation raw/hfq layers, and independent reconstruction."
STOCK_RS_PULLBACK_v1:600295.SH:2021-02-24:2021-02-25,LIMIT_PRICE_VERIFICATION,Board/date-specific limit price,BLOCKING_DATA,null,"{""branch_invariant_rows"": 6, ""known_rows"": 0}",,NOT_EVALUABLE_LIMIT_PRICE_BRANCH_INVARIANT,False,"""exact limits retained as check limitations; complete fail-closed trade replay determines materiality""",OpenCode (assistant),2026-07-18T13:40:16.915473+00:00,Confirmed blocking data limitation; no value imputed.
STOCK_RS_PULLBACK_v1:600397.SH:2026-01-19:2026-01-20,UNIVERSE_TRADABLE_AT_SIGNAL,Signal-day universe,CRITICAL,"""600397.SH""",true,,PASS,True,"""signal_date=2026-01-19 00:00:00""",OpenCode (assistant),2026-07-18T13:40:16.915473+00:00,"Reviewed against locked signal, frozen qfq layer, remediation raw/hfq layers, and independent reconstruction."
STOCK_RS_PULLBACK_v1:600397.SH:2026-01-19:2026-01-20,DATE_ORDER_VALID,Pullback/trigger/entry order,CRITICAL,"[""2026-01-14 00:00:00"", ""2026-01-19 00:00:00"", ""2026-01-20 00:00:00""]",true,,PASS,True,"""strictly increasing dates""",OpenCode (assistant),2026-07-18T13:40:16.915473+00:00,"Reviewed against locked signal, frozen qfq layer, remediation raw/hfq layers, and independent reconstruction."
STOCK_RS_PULLBACK_v1:600397.SH:2026-01-19:2026-01-20,NO_LOOKAHEAD_IN_INDICATORS,Prefix-only indicator reconstruction,CRITICAL,"{""high_10d"": 10.21, ""ma20"": 8.2635, ""ma60"": 7.372166666666667, ""ret20"": 0.4318181818181819, ""vol_ma5"": 48618310.6}","{""high_10d"": 10.21, ""ma20"": 8.2635, ""ma60"": 7.372166666666667, ""ret20"": 0.4318181818181819, ""vol_ma5"": 48618310.6}",,PASS,True,"""prefix-only rolling recomputation""",OpenCode (assistant),2026-07-18T13:40:16.915473+00:00,"Reviewed against locked signal, frozen qfq layer, remediation raw/hfq layers, and independent reconstruction."
STOCK_RS_PULLBACK_v1:600397.SH:2026-01-19:2026-01-20,ENTRY_IS_NEXT_TRADING_DAY_OPEN,Next trading-day raw open entry,CRITICAL,"[""2026-01-20"", 10.18]","[""2026-01-20 00:00:00"", 10.18]",,PASS,True,"""first stock bar after trigger; raw open required""",OpenCode (assistant),2026-07-18T13:40:16.915473+00:00,"Reviewed against locked signal, frozen qfq layer, remediation raw/hfq layers, and independent reconstruction."
STOCK_RS_PULLBACK_v1:600397.SH:2026-01-19:2026-01-20,ENTRY_DAY_EXECUTABLE,Entry-day execution status,CRITICAL,"{""adj_close"": 9.49, ""adj_factor"": 1.0, ""adj_high"": 10.66, ""adj_low"": 9.22, ""adj_offset"": 0.0, ""adj_open"": 10.18, ""adj_type"": ""qfq"", ""adjustment_fit_error"": 0.0, ""adjustment_status"": ""KNOWN_AFFINE_TDX_QFQ_HFQ_VALIDATED"", ""board"": ""MAIN_SH"", ""can_buy_at_open"": ""TRUE"", ""can_sell_at_close"": ""TRUE"", ""can_sell_at_open"": ""TRUE"", ""can_sell_intraday"": ""TRUE"", ""close"": 9.49, ""close_at_limit_down"": ""FALSE"", ""close_at_limit_up"": ""FALSE"", ""closing_auction_fill_status"": ""UNKNOWN"", ""code"": ""600397.SH"", ""date"": ""2026-01-20 00:00:00"", ""hfq_close"": 33.37, ""hfq_fit_error"": 0.0011758530183740845, ""hfq_high"": 37.15, ""hfq_low"": 32.5, ""hfq_open"": 35.6, ""high"": 10.66, ""historical_st_branch_status"": ""PASS_BRANCH_INVARIANT"", ""historical_st_status"": ""UNKNOWN"", ""is_suspended"": false, ""limit_down_price"": NaN, ""limit_rule_reason"": ""point-in-time ST status unavailable; execution state resolved only where both ST rule candidates agree"", ""limit_rule_status"": ""UNKNOWN_MISSING_HISTORICAL_ST"", ""limit_up_price"": NaN, ""listing_date"": ""2002-07-02 00:00:00"", ""listing_trading_day"": 5541.0, ""low"": 9.22, ""one_price_limit_down"": ""FALSE"", ""one_price_limit_up"": ""FALSE"", ""open"": 10.18, ""open_at_limit_down"": ""FALSE"", ""open_at_limit_up"": ""FALSE"", ""opening_auction_fill_status"": ""UNKNOWN"", ""raw_close"": 9.49, ""raw_high"": 10.66, ""raw_low"": 9.22, ""raw_open"": 10.18, ""raw_pre_close"": 10.08, ""scheduled_close_fill_status"": ""FILLED_AT_CLOSE"", ""volume"": 78120208.0}","{""executable"": true, ""expected_outcome"": ""valid trade requires executable entry""}",,PASS,True,"""raw open, adjustment factor, trade status, and explicit open fillability""",OpenCode (assistant),2026-07-18T13:40:16.915473+00:00,"Reviewed against locked signal, frozen qfq layer, remediation raw/hfq layers, and independent reconstruction."
STOCK_RS_PULLBACK_v1:600397.SH:2026-01-19:2026-01-20,T1_NO_ENTRY_DAY_EXIT,A-share T+1,CRITICAL,"[""2026-01-20 00:00:00"", ""2026-01-26 00:00:00""]",true,,PASS,True,"""exit must follow entry date""",OpenCode (assistant),2026-07-18T13:40:16.915473+00:00,"Reviewed against locked signal, frozen qfq layer, remediation raw/hfq layers, and independent reconstruction."
STOCK_RS_PULLBACK_v1:600397.SH:2026-01-19:2026-01-20,EXIT_DATE_REASON_RECONSTRUCTION,Independent exit date and reason,CRITICAL,"[""2026-01-26 00:00:00"", ""time_stop_no_upside_progress""]","[""2026-01-26 00:00:00"", ""time_stop_no_upside_progress""]",,PASS,True,"""full post-entry replay with T+1 and sellability""",OpenCode (assistant),2026-07-18T13:40:16.915473+00:00,"Reviewed against locked signal, frozen qfq layer, remediation raw/hfq layers, and independent reconstruction."
STOCK_RS_PULLBACK_v1:600397.SH:2026-01-19:2026-01-20,HOLDING_DAYS_RECONSTRUCTION,Holding days including deferred fills,CRITICAL,5,5,0.0,PASS,True,"""time_stop_no_upside_progress""",OpenCode (assistant),2026-07-18T13:40:16.915473+00:00,"Reviewed against locked signal, frozen qfq layer, remediation raw/hfq layers, and independent reconstruction."
STOCK_RS_PULLBACK_v1:600397.SH:2026-01-19:2026-01-20,EXIT_PRICE_RECONSTRUCTION,Independent adjusted exit price,CRITICAL,10.94,10.94,0.0,PASS,True,"""full post-entry replay""",OpenCode (assistant),2026-07-18T13:40:16.915473+00:00,"Reviewed against locked signal, frozen qfq layer, remediation raw/hfq layers, and independent reconstruction."
STOCK_RS_PULLBACK_v1:600397.SH:2026-01-19:2026-01-20,GROSS_RETURN_RECALCULATION,Gross return,CRITICAL,0.07465618860510803,0.07465618860510803,0.0,PASS,True,"""round_trip_cost=0.002""",OpenCode (assistant),2026-07-18T13:40:16.915473+00:00,"Reviewed against locked signal, frozen qfq layer, remediation raw/hfq layers, and independent reconstruction."
STOCK_RS_PULLBACK_v1:600397.SH:2026-01-19:2026-01-20,NET_RETURN_AND_COST_RECALCULATION,Net return and one cost deduction,CRITICAL,0.07265618860510803,0.07265618860510803,0.0,PASS,True,"""round_trip_cost=0.002""",OpenCode (assistant),2026-07-18T13:40:16.915473+00:00,"Reviewed against locked signal, frozen qfq layer, remediation raw/hfq layers, and independent reconstruction."
STOCK_RS_PULLBACK_v1:600397.SH:2026-01-19:2026-01-20,R_MULTIPLE_RECALCULATION,R multiple,CRITICAL,0.6972477064220183,0.6972477064220183,0.0,PASS,True,"""round_trip_cost=0.002""",OpenCode (assistant),2026-07-18T13:40:16.915473+00:00,"Reviewed against locked signal, frozen qfq layer, remediation raw/hfq layers, and independent reconstruction."
STOCK_RS_PULLBACK_v1:600397.SH:2026-01-19:2026-01-20,PRICE_ADJUSTMENT_CONSISTENCY,Adjustment series consistency,CRITICAL,"[""qfq""]","[""qfq""]",,PASS,True,"""signal/entry/exit adj_type""",OpenCode (assistant),2026-07-18T13:40:16.915473+00:00,"Reviewed against locked signal, frozen qfq layer, remediation raw/hfq layers, and independent reconstruction."
STOCK_RS_PULLBACK_v1:600397.SH:2026-01-19:2026-01-20,EXECUTION_REALISM,Raw execution-price realism,BLOCKING_DATA,"[""True"", ""True"", ""True"", true]",true,,PASS,True,"""requires consistent raw and adjusted OHLC plus adjustment factors""",OpenCode (assistant),2026-07-18T13:40:16.915473+00:00,"Reviewed against locked signal, frozen qfq layer, remediation raw/hfq layers, and independent reconstruction."
STOCK_RS_PULLBACK_v1:600397.SH:2026-01-19:2026-01-20,HISTORICAL_ST_STATUS,Historical ST execution branch,BLOCKING_DATA,null,"{""branch_invariant_rows"": 6, ""known_rows"": 0, ""rows"": 6}",,PASS_BRANCH_INVARIANT,False,"""ST/non-ST branches compared; non-execution-time differences remain non-blocking after complete trade replay""",OpenCode (assistant),2026-07-18T13:40:16.915473+00:00,"Reviewed against locked signal, frozen qfq layer, remediation raw/hfq layers, and independent reconstruction."
STOCK_RS_PULLBACK_v1:600397.SH:2026-01-19:2026-01-20,LIMIT_PRICE_VERIFICATION,Board/date-specific limit price,BLOCKING_DATA,null,"{""branch_invariant_rows"": 6, ""known_rows"": 0}",,NOT_EVALUABLE_LIMIT_PRICE_BRANCH_INVARIANT,False,"""exact limits retained as check limitations; complete fail-closed trade replay determines materiality""",OpenCode (assistant),2026-07-18T13:40:16.915473+00:00,Confirmed blocking data limitation; no value imputed.
STOCK_RS_PULLBACK_v1:600406.SH:2015-03-16:2015-03-17,UNIVERSE_TRADABLE_AT_SIGNAL,Signal-day universe,CRITICAL,"""600406.SH""",true,,PASS,True,"""signal_date=2015-03-16 00:00:00""",OpenCode (assistant),2026-07-18T13:40:16.915473+00:00,"Reviewed against locked signal, frozen qfq layer, remediation raw/hfq layers, and independent reconstruction."
STOCK_RS_PULLBACK_v1:600406.SH:2015-03-16:2015-03-17,DATE_ORDER_VALID,Pullback/trigger/entry order,CRITICAL,"[""2015-03-12 00:00:00"", ""2015-03-16 00:00:00"", ""2015-03-17 00:00:00""]",true,,PASS,True,"""strictly increasing dates""",OpenCode (assistant),2026-07-18T13:40:16.915473+00:00,"Reviewed against locked signal, frozen qfq layer, remediation raw/hfq layers, and independent reconstruction."
STOCK_RS_PULLBACK_v1:600406.SH:2015-03-16:2015-03-17,NO_LOOKAHEAD_IN_INDICATORS,Prefix-only indicator reconstruction,CRITICAL,"{""high_10d"": 6.29, ""ma20"": 5.7155000000000005, ""ma60"": 5.5840000000000005, ""ret20"": 0.20939334637964757, ""vol_ma5"": 51485276.6}","{""high_10d"": 6.29, ""ma20"": 5.7155000000000005, ""ma60"": 5.584, ""ret20"": 0.20939334637964757, ""vol_ma5"": 51485276.6}",,PASS,True,"""prefix-only rolling recomputation""",OpenCode (assistant),2026-07-18T13:40:16.915473+00:00,"Reviewed against locked signal, frozen qfq layer, remediation raw/hfq layers, and independent reconstruction."
STOCK_RS_PULLBACK_v1:600406.SH:2015-03-16:2015-03-17,ENTRY_IS_NEXT_TRADING_DAY_OPEN,Next trading-day raw open entry,CRITICAL,"[""2015-03-17"", 16.9]","[""2015-03-17 00:00:00"", 16.9]",,PASS,True,"""first stock bar after trigger; raw open required""",OpenCode (assistant),2026-07-18T13:40:16.915473+00:00,"Reviewed against locked signal, frozen qfq layer, remediation raw/hfq layers, and independent reconstruction."
STOCK_RS_PULLBACK_v1:600406.SH:2015-03-16:2015-03-17,ENTRY_DAY_EXECUTABLE,Entry-day execution status,CRITICAL,"{""adj_close"": 6.3, ""adj_factor"": 0.5794392523364483, ""adj_high"": 6.46, ""adj_low"": 6.13, ""adj_offset"": -3.6119392523364446, ""adj_open"": 6.18, ""adj_type"": ""qfq"", ""adjustment_fit_error"": 0.002266355140185361, ""adjustment_status"": ""KNOWN_AFFINE_TDX_QFQ_HFQ_VALIDATED"", ""board"": ""MAIN_SH"", ""can_buy_at_open"": ""TRUE"", ""can_sell_at_close"": ""TRUE"", ""can_sell_at_open"": ""TRUE"", ""can_sell_intraday"": ""TRUE"", ""close"": 6.3, ""close_at_limit_down"": ""FALSE"", ""close_at_limit_up"": ""FALSE"", ""closing_auction_fill_status"": ""UNKNOWN"", ""code"": ""600406.SH"", ""date"": ""2015-03-17 00:00:00"", ""hfq_close"": 406.33, ""hfq_fit_error"": 0.0046028037384076015, ""hfq_high"": 412.6, ""hfq_low"": 399.38, ""hfq_open"": 401.46, ""high"": 6.46, ""historical_st_branch_status"": ""PASS_BRANCH_INVARIANT"", ""historical_st_status"": ""UNKNOWN"", ""is_suspended"": false, ""limit_down_price"": NaN, ""limit_rule_reason"": ""point-in-time ST status unavailable; execution state resolved only where both ST rule candidates agree"", ""limit_rule_status"": ""UNKNOWN_MISSING_HISTORICAL_ST"", ""limit_up_price"": NaN, ""listing_date"": ""2010-02-25 00:00:00"", ""listing_trading_day"": 2672.0, ""low"": 6.13, ""one_price_limit_down"": ""FALSE"", ""one_price_limit_up"": ""FALSE"", ""open"": 6.18, ""open_at_limit_down"": ""FALSE"", ""open_at_limit_up"": ""FALSE"", ""opening_auction_fill_status"": ""UNKNOWN"", ""raw_close"": 17.11, ""raw_high"": 17.38, ""raw_low"": 16.81, ""raw_open"": 16.9, ""raw_pre_close"": 16.9, ""scheduled_close_fill_status"": ""FILLED_AT_CLOSE"", ""volume"": 80146950.0}","{""executable"": true, ""expected_outcome"": ""valid trade requires executable entry""}",,PASS,True,"""raw open, adjustment factor, trade status, and explicit open fillability""",OpenCode (assistant),2026-07-18T13:40:16.915473+00:00,"Reviewed against locked signal, frozen qfq layer, remediation raw/hfq layers, and independent reconstruction."
STOCK_RS_PULLBACK_v1:600406.SH:2015-03-16:2015-03-17,T1_NO_ENTRY_DAY_EXIT,A-share T+1,CRITICAL,"[""2015-03-17 00:00:00"", ""2015-03-20 00:00:00""]",true,,PASS,True,"""exit must follow entry date""",OpenCode (assistant),2026-07-18T13:40:16.915473+00:00,"Reviewed against locked signal, frozen qfq layer, remediation raw/hfq layers, and independent reconstruction."
STOCK_RS_PULLBACK_v1:600406.SH:2015-03-16:2015-03-17,EXIT_DATE_REASON_RECONSTRUCTION,Independent exit date and reason,CRITICAL,"[""2015-03-20 00:00:00"", ""target_2r""]","[""2015-03-20 00:00:00"", ""target_2r""]",,PASS,True,"""full post-entry replay with T+1 and sellability""",OpenCode (assistant),2026-07-18T13:40:16.915473+00:00,"Reviewed against locked signal, frozen qfq layer, remediation raw/hfq layers, and independent reconstruction."
STOCK_RS_PULLBACK_v1:600406.SH:2015-03-16:2015-03-17,HOLDING_DAYS_RECONSTRUCTION,Holding days including deferred fills,CRITICAL,4,4,0.0,PASS,True,"""target_2r""",OpenCode (assistant),2026-07-18T13:40:16.915473+00:00,"Reviewed against locked signal, frozen qfq layer, remediation raw/hfq layers, and independent reconstruction."
STOCK_RS_PULLBACK_v1:600406.SH:2015-03-16:2015-03-17,EXIT_PRICE_RECONSTRUCTION,Independent adjusted exit price,CRITICAL,6.859999999999999,6.859999999999999,0.0,PASS,True,"""full post-entry replay""",OpenCode (assistant),2026-07-18T13:40:16.915473+00:00,"Reviewed against locked signal, frozen qfq layer, remediation raw/hfq layers, and independent reconstruction."
STOCK_RS_PULLBACK_v1:600406.SH:2015-03-16:2015-03-17,GROSS_RETURN_RECALCULATION,Gross return,CRITICAL,0.11003236245954695,0.11003236245954695,0.0,PASS,True,"""round_trip_cost=0.002""",OpenCode (assistant),2026-07-18T13:40:16.915473+00:00,"Reviewed against locked signal, frozen qfq layer, remediation raw/hfq layers, and independent reconstruction."
STOCK_RS_PULLBACK_v1:600406.SH:2015-03-16:2015-03-17,NET_RETURN_AND_COST_RECALCULATION,Net return and one cost deduction,CRITICAL,0.10803236245954695,0.10803236245954695,0.0,PASS,True,"""round_trip_cost=0.002""",OpenCode (assistant),2026-07-18T13:40:16.915473+00:00,"Reviewed against locked signal, frozen qfq layer, remediation raw/hfq layers, and independent reconstruction."
STOCK_RS_PULLBACK_v1:600406.SH:2015-03-16:2015-03-17,R_MULTIPLE_RECALCULATION,R multiple,CRITICAL,2.0,2.0,0.0,PASS,True,"""round_trip_cost=0.002""",OpenCode (assistant),2026-07-18T13:40:16.915473+00:00,"Reviewed against locked signal, frozen qfq layer, remediation raw/hfq layers, and independent reconstruction."
STOCK_RS_PULLBACK_v1:600406.SH:2015-03-16:2015-03-17,PRICE_ADJUSTMENT_CONSISTENCY,Adjustment series consistency,CRITICAL,"[""qfq""]","[""qfq""]",,PASS,True,"""signal/entry/exit adj_type""",OpenCode (assistant),2026-07-18T13:40:16.915473+00:00,"Reviewed against locked signal, frozen qfq layer, remediation raw/hfq layers, and independent reconstruction."
STOCK_RS_PULLBACK_v1:600406.SH:2015-03-16:2015-03-17,EXECUTION_REALISM,Raw execution-price realism,BLOCKING_DATA,"[""True"", ""True"", ""True"", true]",true,,PASS,True,"""requires consistent raw and adjusted OHLC plus adjustment factors""",OpenCode (assistant),2026-07-18T13:40:16.915473+00:00,"Reviewed against locked signal, frozen qfq layer, remediation raw/hfq layers, and independent reconstruction."
STOCK_RS_PULLBACK_v1:600406.SH:2015-03-16:2015-03-17,HISTORICAL_ST_STATUS,Historical ST execution branch,BLOCKING_DATA,null,"{""branch_invariant_rows"": 5, ""known_rows"": 0, ""rows"": 5}",,PASS_BRANCH_INVARIANT,False,"""ST/non-ST branches compared; non-execution-time differences remain non-blocking after complete trade replay""",OpenCode (assistant),2026-07-18T13:40:16.915473+00:00,"Reviewed against locked signal, frozen qfq layer, remediation raw/hfq layers, and independent reconstruction."
STOCK_RS_PULLBACK_v1:600406.SH:2015-03-16:2015-03-17,LIMIT_PRICE_VERIFICATION,Board/date-specific limit price,BLOCKING_DATA,null,"{""branch_invariant_rows"": 5, ""known_rows"": 0}",,NOT_EVALUABLE_LIMIT_PRICE_BRANCH_INVARIANT,False,"""exact limits retained as check limitations; complete fail-closed trade replay determines materiality""",OpenCode (assistant),2026-07-18T13:40:16.915473+00:00,Confirmed blocking data limitation; no value imputed.
STOCK_RS_PULLBACK_v1:600498.SH:2025-12-25:2025-12-26,UNIVERSE_TRADABLE_AT_SIGNAL,Signal-day universe,CRITICAL,"""600498.SH""",true,,PASS,True,"""signal_date=2025-12-25 00:00:00""",OpenCode (assistant),2026-07-18T13:40:16.915473+00:00,"Reviewed against locked signal, frozen qfq layer, remediation raw/hfq layers, and independent reconstruction."
STOCK_RS_PULLBACK_v1:600498.SH:2025-12-25:2025-12-26,DATE_ORDER_VALID,Pullback/trigger/entry order,CRITICAL,"[""2025-12-24 00:00:00"", ""2025-12-25 00:00:00"", ""2025-12-26 00:00:00""]",true,,PASS,True,"""strictly increasing dates""",OpenCode (assistant),2026-07-18T13:40:16.915473+00:00,"Reviewed against locked signal, frozen qfq layer, remediation raw/hfq layers, and independent reconstruction."
STOCK_RS_PULLBACK_v1:600498.SH:2025-12-25:2025-12-26,NO_LOOKAHEAD_IN_INDICATORS,Prefix-only indicator reconstruction,CRITICAL,"{""high_10d"": 29.23, ""ma20"": 25.311, ""ma60"": 24.994333333333334, ""ret20"": 0.21691498685363708, ""vol_ma5"": 112786398.2}","{""high_10d"": 29.23, ""ma20"": 25.311, ""ma60"": 24.994333333333334, ""ret20"": 0.21691498685363708, ""vol_ma5"": 112786398.2}",,PASS,True,"""prefix-only rolling recomputation""",OpenCode (assistant),2026-07-18T13:40:16.915473+00:00,"Reviewed against locked signal, frozen qfq layer, remediation raw/hfq layers, and independent reconstruction."
STOCK_RS_PULLBACK_v1:600498.SH:2025-12-25:2025-12-26,ENTRY_IS_NEXT_TRADING_DAY_OPEN,Next trading-day raw open entry,CRITICAL,"[""2025-12-26"", 27.7]","[""2025-12-26 00:00:00"", 27.7]",,PASS,True,"""first stock bar after trigger; raw open required""",OpenCode (assistant),2026-07-18T13:40:16.915473+00:00,"Reviewed against locked signal, frozen qfq layer, remediation raw/hfq layers, and independent reconstruction."
STOCK_RS_PULLBACK_v1:600498.SH:2025-12-25:2025-12-26,ENTRY_DAY_EXECUTABLE,Entry-day execution status,CRITICAL,"{""adj_close"": 29.35, ""adj_factor"": 1.0000000000000009, ""adj_high"": 30.26, ""adj_low"": 27.5, ""adj_offset"": -0.10000000000002274, ""adj_open"": 27.6, ""adj_type"": ""qfq"", ""adjustment_fit_error"": 3.552713678800501e-15, ""adjustment_status"": ""KNOWN_AFFINE_TDX_QFQ_HFQ_VALIDATED"", ""board"": ""MAIN_SH"", ""can_buy_at_open"": ""TRUE"", ""can_sell_at_close"": ""TRUE"", ""can_sell_at_open"": ""TRUE"", ""can_sell_intraday"": ""TRUE"", ""close"": 29.35, ""close_at_limit_down"": ""FALSE"", ""close_at_limit_up"": ""FALSE"", ""closing_auction_fill_status"": ""UNKNOWN"", ""code"": ""600498.SH"", ""date"": ""2025-12-26 00:00:00"", ""hfq_close"": 97.71, ""hfq_fit_error"": 0.0023111512833651204, ""hfq_high"": 100.4, ""hfq_low"": 92.23, ""hfq_open"": 92.53, ""high"": 30.26, ""historical_st_branch_status"": ""PASS_BRANCH_INVARIANT"", ""historical_st_status"": ""UNKNOWN"", ""is_suspended"": false, ""limit_down_price"": NaN, ""limit_rule_reason"": ""point-in-time ST status unavailable; execution state resolved only where both ST rule candidates agree"", ""limit_rule_status"": ""UNKNOWN_MISSING_HISTORICAL_ST"", ""limit_up_price"": NaN, ""listing_date"": ""2001-08-23 00:00:00"", ""listing_trading_day"": 5810.0, ""low"": 27.5, ""one_price_limit_down"": ""FALSE"", ""one_price_limit_up"": ""FALSE"", ""open"": 27.6, ""open_at_limit_down"": ""FALSE"", ""open_at_limit_up"": ""FALSE"", ""opening_auction_fill_status"": ""UNKNOWN"", ""raw_close"": 29.45, ""raw_high"": 30.36, ""raw_low"": 27.6, ""raw_open"": 27.7, ""raw_pre_close"": 27.87, ""scheduled_close_fill_status"": ""FILLED_AT_CLOSE"", ""volume"": 178725051.0}","{""executable"": true, ""expected_outcome"": ""valid trade requires executable entry""}",,PASS,True,"""raw open, adjustment factor, trade status, and explicit open fillability""",OpenCode (assistant),2026-07-18T13:40:16.915473+00:00,"Reviewed against locked signal, frozen qfq layer, remediation raw/hfq layers, and independent reconstruction."
STOCK_RS_PULLBACK_v1:600498.SH:2025-12-25:2025-12-26,T1_NO_ENTRY_DAY_EXIT,A-share T+1,CRITICAL,"[""2025-12-26 00:00:00"", ""2025-12-29 00:00:00""]",true,,PASS,True,"""exit must follow entry date""",OpenCode (assistant),2026-07-18T13:40:16.915473+00:00,"Reviewed against locked signal, frozen qfq layer, remediation raw/hfq layers, and independent reconstruction."
STOCK_RS_PULLBACK_v1:600498.SH:2025-12-25:2025-12-26,EXIT_DATE_REASON_RECONSTRUCTION,Independent exit date and reason,CRITICAL,"[""2025-12-29 00:00:00"", ""target_2r""]","[""2025-12-29 00:00:00"", ""target_2r""]",,PASS,True,"""full post-entry replay with T+1 and sellability""",OpenCode (assistant),2026-07-18T13:40:16.915473+00:00,"Reviewed against locked signal, frozen qfq layer, remediation raw/hfq layers, and independent reconstruction."
STOCK_RS_PULLBACK_v1:600498.SH:2025-12-25:2025-12-26,HOLDING_DAYS_RECONSTRUCTION,Holding days including deferred fills,CRITICAL,2,2,0.0,PASS,True,"""target_2r""",OpenCode (assistant),2026-07-18T13:40:16.915473+00:00,"Reviewed against locked signal, frozen qfq layer, remediation raw/hfq layers, and independent reconstruction."
STOCK_RS_PULLBACK_v1:600498.SH:2025-12-25:2025-12-26,EXIT_PRICE_RECONSTRUCTION,Independent adjusted exit price,CRITICAL,30.400000000000002,30.4,3.552713678800501e-15,PASS,True,"""full post-entry replay""",OpenCode (assistant),2026-07-18T13:40:16.915473+00:00,"Reviewed against locked signal, frozen qfq layer, remediation raw/hfq layers, and independent reconstruction."
STOCK_RS_PULLBACK_v1:600498.SH:2025-12-25:2025-12-26,GROSS_RETURN_RECALCULATION,Gross return,CRITICAL,0.10144927536231885,0.10144927536231862,2.220446049250313e-16,PASS,True,"""round_trip_cost=0.002""",OpenCode (assistant),2026-07-18T13:40:16.915473+00:00,"Reviewed against locked signal, frozen qfq layer, remediation raw/hfq layers, and independent reconstruction."
STOCK_RS_PULLBACK_v1:600498.SH:2025-12-25:2025-12-26,NET_RETURN_AND_COST_RECALCULATION,Net return and one cost deduction,CRITICAL,0.09944927536231885,0.09944927536231862,2.220446049250313e-16,PASS,True,"""round_trip_cost=0.002""",OpenCode (assistant),2026-07-18T13:40:16.915473+00:00,"Reviewed against locked signal, frozen qfq layer, remediation raw/hfq layers, and independent reconstruction."
STOCK_RS_PULLBACK_v1:600498.SH:2025-12-25:2025-12-26,R_MULTIPLE_RECALCULATION,R multiple,CRITICAL,2.8865979381443236,2.8865979381443196,3.9968028886505635e-15,PASS,True,"""round_trip_cost=0.002""",OpenCode (assistant),2026-07-18T13:40:16.915473+00:00,"Reviewed against locked signal, frozen qfq layer, remediation raw/hfq layers, and independent reconstruction."
STOCK_RS_PULLBACK_v1:600498.SH:2025-12-25:2025-12-26,PRICE_ADJUSTMENT_CONSISTENCY,Adjustment series consistency,CRITICAL,"[""qfq""]","[""qfq""]",,PASS,True,"""signal/entry/exit adj_type""",OpenCode (assistant),2026-07-18T13:40:16.915473+00:00,"Reviewed against locked signal, frozen qfq layer, remediation raw/hfq layers, and independent reconstruction."
STOCK_RS_PULLBACK_v1:600498.SH:2025-12-25:2025-12-26,EXECUTION_REALISM,Raw execution-price realism,BLOCKING_DATA,"[""True"", ""True"", ""True"", true]",true,,PASS,True,"""requires consistent raw and adjusted OHLC plus adjustment factors""",OpenCode (assistant),2026-07-18T13:40:16.915473+00:00,"Reviewed against locked signal, frozen qfq layer, remediation raw/hfq layers, and independent reconstruction."
STOCK_RS_PULLBACK_v1:600498.SH:2025-12-25:2025-12-26,HISTORICAL_ST_STATUS,Historical ST execution branch,BLOCKING_DATA,null,"{""branch_invariant_rows"": 3, ""known_rows"": 0, ""rows"": 3}",,PASS_BRANCH_INVARIANT,False,"""ST/non-ST branches compared; non-execution-time differences remain non-blocking after complete trade replay""",OpenCode (assistant),2026-07-18T13:40:16.915473+00:00,"Reviewed against locked signal, frozen qfq layer, remediation raw/hfq layers, and independent reconstruction."
STOCK_RS_PULLBACK_v1:600498.SH:2025-12-25:2025-12-26,LIMIT_PRICE_VERIFICATION,Board/date-specific limit price,BLOCKING_DATA,null,"{""branch_invariant_rows"": 3, ""known_rows"": 0}",,NOT_EVALUABLE_LIMIT_PRICE_BRANCH_INVARIANT,False,"""exact limits retained as check limitations; complete fail-closed trade replay determines materiality""",OpenCode (assistant),2026-07-18T13:40:16.915473+00:00,Confirmed blocking data limitation; no value imputed.
STOCK_RS_PULLBACK_v1:600550.SH:2009-04-09:2009-04-10,UNIVERSE_TRADABLE_AT_SIGNAL,Signal-day universe,CRITICAL,"""600550.SH""",true,,PASS,True,"""signal_date=2009-04-09 00:00:00""",OpenCode (assistant),2026-07-18T13:40:16.915473+00:00,"Reviewed against locked signal, frozen qfq layer, remediation raw/hfq layers, and independent reconstruction."
STOCK_RS_PULLBACK_v1:600550.SH:2009-04-09:2009-04-10,DATE_ORDER_VALID,Pullback/trigger/entry order,CRITICAL,"[""2009-04-01 00:00:00"", ""2009-04-09 00:00:00"", ""2009-04-10 00:00:00""]",true,,PASS,True,"""strictly increasing dates""",OpenCode (assistant),2026-07-18T13:40:16.915473+00:00,"Reviewed against locked signal, frozen qfq layer, remediation raw/hfq layers, and independent reconstruction."
STOCK_RS_PULLBACK_v1:600550.SH:2009-04-09:2009-04-10,NO_LOOKAHEAD_IN_INDICATORS,Prefix-only indicator reconstruction,CRITICAL,"{""high_10d"": 32.54, ""ma20"": 25.714499999999997, ""ma60"": 23.112666666666666, ""ret20"": 0.48622589531680416, ""vol_ma5"": 33854480.0}","{""high_10d"": 32.54, ""ma20"": 25.714499999999997, ""ma60"": 23.112666666666662, ""ret20"": 0.48622589531680416, ""vol_ma5"": 33854480.0}",,PASS,True,"""prefix-only rolling recomputation""",OpenCode (assistant),2026-07-18T13:40:16.915473+00:00,"Reviewed against locked signal, frozen qfq layer, remediation raw/hfq layers, and independent reconstruction."
STOCK_RS_PULLBACK_v1:600550.SH:2009-04-09:2009-04-10,ENTRY_IS_NEXT_TRADING_DAY_OPEN,Next trading-day raw open entry,CRITICAL,"[""2009-04-10"", 37.0]","[""2009-04-10 00:00:00"", 37.0]",,PASS,True,"""first stock bar after trigger; raw open required""",OpenCode (assistant),2026-07-18T13:40:16.915473+00:00,"Reviewed against locked signal, frozen qfq layer, remediation raw/hfq layers, and independent reconstruction."
STOCK_RS_PULLBACK_v1:600550.SH:2009-04-09:2009-04-10,ENTRY_DAY_EXECUTABLE,Entry-day execution status,CRITICAL,"{""adj_close"": 33.79, ""adj_factor"": 0.8468249514153339, ""adj_high"": 35.06, ""adj_low"": 32.56, ""adj_offset"": 1.475153778008611, ""adj_open"": 32.81, ""adj_type"": ""qfq"", ""adjustment_fit_error"": 0.002323019624036249, ""adjustment_status"": ""KNOWN_AFFINE_TDX_QFQ_HFQ_VALIDATED"", ""board"": ""MAIN_SH"", ""can_buy_at_open"": ""TRUE"", ""can_sell_at_close"": ""TRUE"", ""can_sell_at_open"": ""TRUE"", ""can_sell_intraday"": ""TRUE"", ""close"": 33.79, ""close_at_limit_down"": ""FALSE"", ""close_at_limit_up"": ""FALSE"", ""closing_auction_fill_status"": ""UNKNOWN"", ""code"": ""600550.SH"", ""date"": ""2009-04-10 00:00:00"", ""hfq_close"": 257.31, ""hfq_fit_error"": 0.0018222844765318769, ""hfq_high"": 267.39, ""hfq_low"": 247.57, ""hfq_open"": 249.52, ""high"": 35.06, ""historical_st_branch_status"": ""PASS_BRANCH_INVARIANT"", ""historical_st_status"": ""UNKNOWN"", ""is_suspended"": false, ""limit_down_price"": NaN, ""limit_rule_reason"": ""point-in-time ST status unavailable; execution state resolved only where both ST rule candidates agree"", ""limit_rule_status"": ""UNKNOWN_MISSING_HISTORICAL_ST"", ""limit_up_price"": NaN, ""listing_date"": ""2001-02-28 00:00:00"", ""listing_trading_day"": 1846.0, ""low"": 32.56, ""one_price_limit_down"": ""FALSE"", ""one_price_limit_up"": ""FALSE"", ""open"": 32.81, ""open_at_limit_down"": ""FALSE"", ""open_at_limit_up"": ""FALSE"", ""opening_auction_fill_status"": ""UNKNOWN"", ""raw_close"": 38.16, ""raw_high"": 39.66, ""raw_low"": 36.71, ""raw_open"": 37.0, ""raw_pre_close"": 36.48, ""scheduled_close_fill_status"": ""FILLED_AT_CLOSE"", ""volume"": 41626400.0}","{""executable"": true, ""expected_outcome"": ""valid trade requires executable entry""}",,PASS,True,"""raw open, adjustment factor, trade status, and explicit open fillability""",OpenCode (assistant),2026-07-18T13:40:16.915473+00:00,"Reviewed against locked signal, frozen qfq layer, remediation raw/hfq layers, and independent reconstruction."
STOCK_RS_PULLBACK_v1:600550.SH:2009-04-09:2009-04-10,T1_NO_ENTRY_DAY_EXIT,A-share T+1,CRITICAL,"[""2009-04-10 00:00:00"", ""2009-04-23 00:00:00""]",true,,PASS,True,"""exit must follow entry date""",OpenCode (assistant),2026-07-18T13:40:16.915473+00:00,"Reviewed against locked signal, frozen qfq layer, remediation raw/hfq layers, and independent reconstruction."
STOCK_RS_PULLBACK_v1:600550.SH:2009-04-09:2009-04-10,EXIT_DATE_REASON_RECONSTRUCTION,Independent exit date and reason,CRITICAL,"[""2009-04-23 00:00:00"", ""max_holding_exit""]","[""2009-04-23 00:00:00"", ""max_holding_exit""]",,PASS,True,"""full post-entry replay with T+1 and sellability""",OpenCode (assistant),2026-07-18T13:40:16.915473+00:00,"Reviewed against locked signal, frozen qfq layer, remediation raw/hfq layers, and independent reconstruction."
STOCK_RS_PULLBACK_v1:600550.SH:2009-04-09:2009-04-10,HOLDING_DAYS_RECONSTRUCTION,Holding days including deferred fills,CRITICAL,10,10,0.0,PASS,True,"""max_holding_exit""",OpenCode (assistant),2026-07-18T13:40:16.915473+00:00,"Reviewed against locked signal, frozen qfq layer, remediation raw/hfq layers, and independent reconstruction."
STOCK_RS_PULLBACK_v1:600550.SH:2009-04-09:2009-04-10,EXIT_PRICE_RECONSTRUCTION,Independent adjusted exit price,CRITICAL,32.33220432197412,32.33,0.002204321974119239,PASS,True,"""full post-entry replay""",OpenCode (assistant),2026-07-18T13:40:16.915473+00:00,"Reviewed against locked signal, frozen qfq layer, remediation raw/hfq layers, and independent reconstruction."
STOCK_RS_PULLBACK_v1:600550.SH:2009-04-09:2009-04-10,GROSS_RETURN_RECALCULATION,Gross return,CRITICAL,-0.014562501616150136,-0.01462968607131987,6.718445516973315e-05,PASS,True,"""round_trip_cost=0.002""",OpenCode (assistant),2026-07-18T13:40:16.915473+00:00,"Reviewed against locked signal, frozen qfq layer, remediation raw/hfq layers, and independent reconstruction."
STOCK_RS_PULLBACK_v1:600550.SH:2009-04-09:2009-04-10,NET_RETURN_AND_COST_RECALCULATION,Net return and one cost deduction,CRITICAL,-0.016562501616150138,-0.01662968607131987,6.718445516973315e-05,PASS,True,"""round_trip_cost=0.002""",OpenCode (assistant),2026-07-18T13:40:16.915473+00:00,"Reviewed against locked signal, frozen qfq layer, remediation raw/hfq layers, and independent reconstruction."
STOCK_RS_PULLBACK_v1:600550.SH:2009-04-09:2009-04-10,R_MULTIPLE_RECALCULATION,R multiple,CRITICAL,-0.17064131358067308,-0.17142857142857282,0.0007872578478997361,PASS,True,"""round_trip_cost=0.002""",OpenCode (assistant),2026-07-18T13:40:16.915473+00:00,"Reviewed against locked signal, frozen qfq layer, remediation raw/hfq layers, and independent reconstruction."
STOCK_RS_PULLBACK_v1:600550.SH:2009-04-09:2009-04-10,PRICE_ADJUSTMENT_CONSISTENCY,Adjustment series consistency,CRITICAL,"[""qfq""]","[""qfq""]",,PASS,True,"""signal/entry/exit adj_type""",OpenCode (assistant),2026-07-18T13:40:16.915473+00:00,"Reviewed against locked signal, frozen qfq layer, remediation raw/hfq layers, and independent reconstruction."
STOCK_RS_PULLBACK_v1:600550.SH:2009-04-09:2009-04-10,EXECUTION_REALISM,Raw execution-price realism,BLOCKING_DATA,"[""True"", ""True"", ""True"", true]",true,,PASS,True,"""requires consistent raw and adjusted OHLC plus adjustment factors""",OpenCode (assistant),2026-07-18T13:40:16.915473+00:00,"Reviewed against locked signal, frozen qfq layer, remediation raw/hfq layers, and independent reconstruction."
STOCK_RS_PULLBACK_v1:600550.SH:2009-04-09:2009-04-10,HISTORICAL_ST_STATUS,Historical ST execution branch,BLOCKING_DATA,null,"{""branch_invariant_rows"": 11, ""known_rows"": 0, ""rows"": 11}",,PASS_BRANCH_INVARIANT,False,"""ST/non-ST branches compared; non-execution-time differences remain non-blocking after complete trade replay""",OpenCode (assistant),2026-07-18T13:40:16.915473+00:00,"Reviewed against locked signal, frozen qfq layer, remediation raw/hfq layers, and independent reconstruction."
STOCK_RS_PULLBACK_v1:600550.SH:2009-04-09:2009-04-10,LIMIT_PRICE_VERIFICATION,Board/date-specific limit price,BLOCKING_DATA,null,"{""branch_invariant_rows"": 11, ""known_rows"": 0}",,NOT_EVALUABLE_LIMIT_PRICE_BRANCH_INVARIANT,False,"""exact limits retained as check limitations; complete fail-closed trade replay determines materiality""",OpenCode (assistant),2026-07-18T13:40:16.915473+00:00,Confirmed blocking data limitation; no value imputed.
STOCK_RS_PULLBACK_v1:600621.SH:2019-03-06:2019-03-07,UNIVERSE_TRADABLE_AT_SIGNAL,Signal-day universe,CRITICAL,"""600621.SH""",true,,PASS,True,"""signal_date=2019-03-06 00:00:00""",OpenCode (assistant),2026-07-18T13:40:16.915473+00:00,"Reviewed against locked signal, frozen qfq layer, remediation raw/hfq layers, and independent reconstruction."
STOCK_RS_PULLBACK_v1:600621.SH:2019-03-06:2019-03-07,DATE_ORDER_VALID,Pullback/trigger/entry order,CRITICAL,"[""2019-03-05 00:00:00"", ""2019-03-06 00:00:00"", ""2019-03-07 00:00:00""]",true,,PASS,True,"""strictly increasing dates""",OpenCode (assistant),2026-07-18T13:40:16.915473+00:00,"Reviewed against locked signal, frozen qfq layer, remediation raw/hfq layers, and independent reconstruction."
STOCK_RS_PULLBACK_v1:600621.SH:2019-03-06:2019-03-07,NO_LOOKAHEAD_IN_INDICATORS,Prefix-only indicator reconstruction,CRITICAL,"{""high_10d"": 13.32, ""ma20"": 9.9755, ""ma60"": 9.102833333333333, ""ret20"": 0.6781170483460559, ""vol_ma5"": 57661771.4}","{""high_10d"": 13.32, ""ma20"": 9.9755, ""ma60"": 9.102833333333335, ""ret20"": 0.6781170483460559, ""vol_ma5"": 57661771.4}",,PASS,True,"""prefix-only rolling recomputation""",OpenCode (assistant),2026-07-18T13:40:16.915473+00:00,"Reviewed against locked signal, frozen qfq layer, remediation raw/hfq layers, and independent reconstruction."
STOCK_RS_PULLBACK_v1:600621.SH:2019-03-06:2019-03-07,ENTRY_IS_NEXT_TRADING_DAY_OPEN,Next trading-day raw open entry,CRITICAL,"[""2019-03-07"", 13.53]","[""2019-03-07 00:00:00"", 13.53]",,PASS,True,"""first stock bar after trigger; raw open required""",OpenCode (assistant),2026-07-18T13:40:16.915473+00:00,"Reviewed against locked signal, frozen qfq layer, remediation raw/hfq layers, and independent reconstruction."
STOCK_RS_PULLBACK_v1:600621.SH:2019-03-06:2019-03-07,ENTRY_DAY_EXECUTABLE,Entry-day execution status,CRITICAL,"{""adj_close"": 13.46, ""adj_factor"": 1.0000000000000004, ""adj_high"": 14.14, ""adj_low"": 12.69, ""adj_offset"": -0.6600000000000055, ""adj_open"": 12.87, ""adj_type"": ""qfq"", ""adjustment_fit_error"": 1.7763568394002505e-15, ""adjustment_status"": ""KNOWN_AFFINE_TDX_QFQ_HFQ_VALIDATED"", ""board"": ""MAIN_SH"", ""can_buy_at_open"": ""TRUE"", ""can_sell_at_close"": ""TRUE"", ""can_sell_at_open"": ""TRUE"", ""can_sell_intraday"": ""TRUE"", ""close"": 13.46, ""close_at_limit_down"": ""FALSE"", ""close_at_limit_up"": ""FALSE"", ""closing_auction_fill_status"": ""UNKNOWN"", ""code"": ""600621.SH"", ""date"": ""2019-03-07 00:00:00"", ""hfq_close"": 3980.33, ""hfq_fit_error"": 0.003016384531292715, ""hfq_high"": 4162.97, ""hfq_low"": 3773.52, ""hfq_open"": 3821.87, ""high"": 14.14, ""historical_st_branch_status"": ""PASS_BRANCH_INVARIANT"", ""historical_st_status"": ""UNKNOWN"", ""is_suspended"": false, ""limit_down_price"": NaN, ""limit_rule_reason"": ""point-in-time ST status unavailable; execution state resolved only where both ST rule candidates agree"", ""limit_rule_status"": ""UNKNOWN_MISSING_HISTORICAL_ST"", ""limit_up_price"": NaN, ""listing_date"": ""1995-05-22 00:00:00"", ""listing_trading_day"": 6267.0, ""low"": 12.69, ""one_price_limit_down"": ""FALSE"", ""one_price_limit_up"": ""FALSE"", ""open"": 12.87, ""open_at_limit_down"": ""FALSE"", ""open_at_limit_up"": ""FALSE"", ""opening_auction_fill_status"": ""UNKNOWN"", ""raw_close"": 14.12, ""raw_high"": 14.8, ""raw_low"": 13.35, ""raw_open"": 13.53, ""raw_pre_close"": 13.85, ""scheduled_close_fill_status"": ""FILLED_AT_CLOSE"", ""volume"": 78069471.0}","{""executable"": true, ""expected_outcome"": ""valid trade requires executable entry""}",,PASS,True,"""raw open, adjustment factor, trade status, and explicit open fillability""",OpenCode (assistant),2026-07-18T13:40:16.915473+00:00,"Reviewed against locked signal, frozen qfq layer, remediation raw/hfq layers, and independent reconstruction."
STOCK_RS_PULLBACK_v1:600621.SH:2019-03-06:2019-03-07,T1_NO_ENTRY_DAY_EXIT,A-share T+1,CRITICAL,"[""2019-03-07 00:00:00"", ""2019-03-11 00:00:00""]",true,,PASS,True,"""exit must follow entry date""",OpenCode (assistant),2026-07-18T13:40:16.915473+00:00,"Reviewed against locked signal, frozen qfq layer, remediation raw/hfq layers, and independent reconstruction."
STOCK_RS_PULLBACK_v1:600621.SH:2019-03-06:2019-03-07,EXIT_DATE_REASON_RECONSTRUCTION,Independent exit date and reason,CRITICAL,"[""2019-03-11 00:00:00"", ""stop_loss""]","[""2019-03-11 00:00:00"", ""stop_loss""]",,PASS,True,"""full post-entry replay with T+1 and sellability""",OpenCode (assistant),2026-07-18T13:40:16.915473+00:00,"Reviewed against locked signal, frozen qfq layer, remediation raw/hfq layers, and independent reconstruction."
STOCK_RS_PULLBACK_v1:600621.SH:2019-03-06:2019-03-07,HOLDING_DAYS_RECONSTRUCTION,Holding days including deferred fills,CRITICAL,3,3,0.0,PASS,True,"""stop_loss""",OpenCode (assistant),2026-07-18T13:40:16.915473+00:00,"Reviewed against locked signal, frozen qfq layer, remediation raw/hfq layers, and independent reconstruction."
STOCK_RS_PULLBACK_v1:600621.SH:2019-03-06:2019-03-07,EXIT_PRICE_RECONSTRUCTION,Independent adjusted exit price,CRITICAL,11.69,11.69,0.0,PASS,True,"""full post-entry replay""",OpenCode (assistant),2026-07-18T13:40:16.915473+00:00,"Reviewed against locked signal, frozen qfq layer, remediation raw/hfq layers, and independent reconstruction."
STOCK_RS_PULLBACK_v1:600621.SH:2019-03-06:2019-03-07,GROSS_RETURN_RECALCULATION,Gross return,CRITICAL,-0.09168609168609165,-0.09168609168609165,0.0,PASS,True,"""round_trip_cost=0.002""",OpenCode (assistant),2026-07-18T13:40:16.915473+00:00,"Reviewed against locked signal, frozen qfq layer, remediation raw/hfq layers, and independent reconstruction."
STOCK_RS_PULLBACK_v1:600621.SH:2019-03-06:2019-03-07,NET_RETURN_AND_COST_RECALCULATION,Net return and one cost deduction,CRITICAL,-0.09368609168609165,-0.09368609168609165,0.0,PASS,True,"""round_trip_cost=0.002""",OpenCode (assistant),2026-07-18T13:40:16.915473+00:00,"Reviewed against locked signal, frozen qfq layer, remediation raw/hfq layers, and independent reconstruction."
STOCK_RS_PULLBACK_v1:600621.SH:2019-03-06:2019-03-07,R_MULTIPLE_RECALCULATION,R multiple,CRITICAL,-1.0,-1.0,0.0,PASS,True,"""round_trip_cost=0.002""",OpenCode (assistant),2026-07-18T13:40:16.915473+00:00,"Reviewed against locked signal, frozen qfq layer, remediation raw/hfq layers, and independent reconstruction."
STOCK_RS_PULLBACK_v1:600621.SH:2019-03-06:2019-03-07,PRICE_ADJUSTMENT_CONSISTENCY,Adjustment series consistency,CRITICAL,"[""qfq""]","[""qfq""]",,PASS,True,"""signal/entry/exit adj_type""",OpenCode (assistant),2026-07-18T13:40:16.915473+00:00,"Reviewed against locked signal, frozen qfq layer, remediation raw/hfq layers, and independent reconstruction."
STOCK_RS_PULLBACK_v1:600621.SH:2019-03-06:2019-03-07,EXECUTION_REALISM,Raw execution-price realism,BLOCKING_DATA,"[""True"", ""True"", ""True"", true]",true,,PASS,True,"""requires consistent raw and adjusted OHLC plus adjustment factors""",OpenCode (assistant),2026-07-18T13:40:16.915473+00:00,"Reviewed against locked signal, frozen qfq layer, remediation raw/hfq layers, and independent reconstruction."
STOCK_RS_PULLBACK_v1:600621.SH:2019-03-06:2019-03-07,HISTORICAL_ST_STATUS,Historical ST execution branch,BLOCKING_DATA,null,"{""branch_invariant_rows"": 3, ""known_rows"": 0, ""rows"": 4}",,NOT_EVALUABLE_MISSING_HISTORICAL_ST,False,"""ST/non-ST branches compared; non-execution-time differences remain non-blocking after complete trade replay""",OpenCode (assistant),2026-07-18T13:40:16.915473+00:00,Confirmed blocking data limitation; no value imputed.
STOCK_RS_PULLBACK_v1:600621.SH:2019-03-06:2019-03-07,LIMIT_PRICE_VERIFICATION,Board/date-specific limit price,BLOCKING_DATA,null,"""UNKNOWN_MISSING_HISTORICAL_ST""",,NOT_EVALUABLE_LIMIT_PRICE,False,"""exact limits retained as check limitations; complete fail-closed trade replay determines materiality""",OpenCode (assistant),2026-07-18T13:40:16.915473+00:00,Confirmed blocking data limitation; no value imputed.
STOCK_RS_PULLBACK_v1:600640.SH:2016-09-20:2016-09-21,UNIVERSE_TRADABLE_AT_SIGNAL,Signal-day universe,CRITICAL,"""600640.SH""",true,,PASS,True,"""signal_date=2016-09-20 00:00:00""",OpenCode (assistant),2026-07-18T13:40:16.915473+00:00,"Reviewed against locked signal, frozen qfq layer, remediation raw/hfq layers, and independent reconstruction."
STOCK_RS_PULLBACK_v1:600640.SH:2016-09-20:2016-09-21,DATE_ORDER_VALID,Pullback/trigger/entry order,CRITICAL,"[""2016-09-19 00:00:00"", ""2016-09-20 00:00:00"", ""2016-09-21 00:00:00""]",true,,PASS,True,"""strictly increasing dates""",OpenCode (assistant),2026-07-18T13:40:16.915473+00:00,"Reviewed against locked signal, frozen qfq layer, remediation raw/hfq layers, and independent reconstruction."
STOCK_RS_PULLBACK_v1:600640.SH:2016-09-20:2016-09-21,NO_LOOKAHEAD_IN_INDICATORS,Prefix-only indicator reconstruction,CRITICAL,"{""high_10d"": 21.65, ""ma20"": 20.203, ""ma60"": 17.075833333333332, ""ret20"": 0.24439053972104308, ""vol_ma5"": 13597992.4}","{""high_10d"": 21.65, ""ma20"": 20.203000000000003, ""ma60"": 17.075833333333332, ""ret20"": 0.24439053972104308, ""vol_ma5"": 13597992.4}",,PASS,True,"""prefix-only rolling recomputation""",OpenCode (assistant),2026-07-18T13:40:16.915473+00:00,"Reviewed against locked signal, frozen qfq layer, remediation raw/hfq layers, and independent reconstruction."
STOCK_RS_PULLBACK_v1:600640.SH:2016-09-20:2016-09-21,ENTRY_IS_NEXT_TRADING_DAY_OPEN,Next trading-day raw open entry,CRITICAL,"[""2016-09-21"", 20.68]","[""2016-09-21 00:00:00"", 20.68]",,PASS,True,"""first stock bar after trigger; raw open required""",OpenCode (assistant),2026-07-18T13:40:16.915473+00:00,"Reviewed against locked signal, frozen qfq layer, remediation raw/hfq layers, and independent reconstruction."
STOCK_RS_PULLBACK_v1:600640.SH:2016-09-20:2016-09-21,ENTRY_DAY_EXECUTABLE,Entry-day execution status,CRITICAL,"{""adj_close"": 20.29, ""adj_factor"": 1.0, ""adj_high"": 20.75, ""adj_low"": 20.22, ""adj_offset"": -0.28000000000000114, ""adj_open"": 20.4, ""adj_type"": ""qfq"", ""adjustment_fit_error"": 0.0, ""adjustment_status"": ""KNOWN_AFFINE_TDX_QFQ_HFQ_VALIDATED"", ""board"": ""MAIN_SH"", ""can_buy_at_open"": ""TRUE"", ""can_sell_at_close"": ""TRUE"", ""can_sell_at_open"": ""TRUE"", ""can_sell_intraday"": ""TRUE"", ""close"": 20.29, ""close_at_limit_down"": ""FALSE"", ""close_at_limit_up"": ""FALSE"", ""closing_auction_fill_status"": ""UNKNOWN"", ""code"": ""600640.SH"", ""date"": ""2016-09-21 00:00:00"", ""hfq_close"": 177.38, ""hfq_fit_error"": 0.0058398555087251225, ""hfq_high"": 181.26, ""hfq_low"": 176.78, ""hfq_open"": 178.3, ""high"": 20.75, ""historical_st_branch_status"": ""PASS_BRANCH_INVARIANT"", ""historical_st_status"": ""UNKNOWN"", ""is_suspended"": false, ""limit_down_price"": NaN, ""limit_rule_reason"": ""point-in-time ST status unavailable; execution state resolved only where both ST rule candidates agree"", ""limit_rule_status"": ""UNKNOWN_MISSING_HISTORICAL_ST"", ""limit_up_price"": NaN, ""listing_date"": ""1993-04-07 00:00:00"", ""listing_trading_day"": 5523.0, ""low"": 20.22, ""one_price_limit_down"": ""FALSE"", ""one_price_limit_up"": ""FALSE"", ""open"": 20.4, ""open_at_limit_down"": ""FALSE"", ""open_at_limit_up"": ""FALSE"", ""opening_auction_fill_status"": ""UNKNOWN"", ""raw_close"": 20.57, ""raw_high"": 21.03, ""raw_low"": 20.5, ""raw_open"": 20.68, ""raw_pre_close"": 20.8, ""scheduled_close_fill_status"": ""FILLED_AT_CLOSE"", ""volume"": 5598059.0}","{""executable"": true, ""expected_outcome"": ""valid trade requires executable entry""}",,PASS,True,"""raw open, adjustment factor, trade status, and explicit open fillability""",OpenCode (assistant),2026-07-18T13:40:16.915473+00:00,"Reviewed against locked signal, frozen qfq layer, remediation raw/hfq layers, and independent reconstruction."
STOCK_RS_PULLBACK_v1:600640.SH:2016-09-20:2016-09-21,T1_NO_ENTRY_DAY_EXIT,A-share T+1,CRITICAL,"[""2016-09-21 00:00:00"", ""2016-09-23 00:00:00""]",true,,PASS,True,"""exit must follow entry date""",OpenCode (assistant),2026-07-18T13:40:16.915473+00:00,"Reviewed against locked signal, frozen qfq layer, remediation raw/hfq layers, and independent reconstruction."
STOCK_RS_PULLBACK_v1:600640.SH:2016-09-20:2016-09-21,EXIT_DATE_REASON_RECONSTRUCTION,Independent exit date and reason,CRITICAL,"[""2016-09-23 00:00:00"", ""target_2r""]","[""2016-09-23 00:00:00"", ""target_2r""]",,PASS,True,"""full post-entry replay with T+1 and sellability""",OpenCode (assistant),2026-07-18T13:40:16.915473+00:00,"Reviewed against locked signal, frozen qfq layer, remediation raw/hfq layers, and independent reconstruction."
STOCK_RS_PULLBACK_v1:600640.SH:2016-09-20:2016-09-21,HOLDING_DAYS_RECONSTRUCTION,Holding days including deferred fills,CRITICAL,3,3,0.0,PASS,True,"""target_2r""",OpenCode (assistant),2026-07-18T13:40:16.915473+00:00,"Reviewed against locked signal, frozen qfq layer, remediation raw/hfq layers, and independent reconstruction."
STOCK_RS_PULLBACK_v1:600640.SH:2016-09-20:2016-09-21,EXIT_PRICE_RECONSTRUCTION,Independent adjusted exit price,CRITICAL,22.119999999999997,22.119999999999997,0.0,PASS,True,"""full post-entry replay""",OpenCode (assistant),2026-07-18T13:40:16.915473+00:00,"Reviewed against locked signal, frozen qfq layer, remediation raw/hfq layers, and independent reconstruction."
STOCK_RS_PULLBACK_v1:600640.SH:2016-09-20:2016-09-21,GROSS_RETURN_RECALCULATION,Gross return,CRITICAL,0.084313725490196,0.084313725490196,0.0,PASS,True,"""round_trip_cost=0.002""",OpenCode (assistant),2026-07-18T13:40:16.915473+00:00,"Reviewed against locked signal, frozen qfq layer, remediation raw/hfq layers, and independent reconstruction."
STOCK_RS_PULLBACK_v1:600640.SH:2016-09-20:2016-09-21,NET_RETURN_AND_COST_RECALCULATION,Net return and one cost deduction,CRITICAL,0.082313725490196,0.082313725490196,0.0,PASS,True,"""round_trip_cost=0.002""",OpenCode (assistant),2026-07-18T13:40:16.915473+00:00,"Reviewed against locked signal, frozen qfq layer, remediation raw/hfq layers, and independent reconstruction."
STOCK_RS_PULLBACK_v1:600640.SH:2016-09-20:2016-09-21,R_MULTIPLE_RECALCULATION,R multiple,CRITICAL,2.0,2.0,0.0,PASS,True,"""round_trip_cost=0.002""",OpenCode (assistant),2026-07-18T13:40:16.915473+00:00,"Reviewed against locked signal, frozen qfq layer, remediation raw/hfq layers, and independent reconstruction."
STOCK_RS_PULLBACK_v1:600640.SH:2016-09-20:2016-09-21,PRICE_ADJUSTMENT_CONSISTENCY,Adjustment series consistency,CRITICAL,"[""qfq""]","[""qfq""]",,PASS,True,"""signal/entry/exit adj_type""",OpenCode (assistant),2026-07-18T13:40:16.915473+00:00,"Reviewed against locked signal, frozen qfq layer, remediation raw/hfq layers, and independent reconstruction."
STOCK_RS_PULLBACK_v1:600640.SH:2016-09-20:2016-09-21,EXECUTION_REALISM,Raw execution-price realism,BLOCKING_DATA,"[""True"", ""True"", ""True"", true]",true,,PASS,True,"""requires consistent raw and adjusted OHLC plus adjustment factors""",OpenCode (assistant),2026-07-18T13:40:16.915473+00:00,"Reviewed against locked signal, frozen qfq layer, remediation raw/hfq layers, and independent reconstruction."
STOCK_RS_PULLBACK_v1:600640.SH:2016-09-20:2016-09-21,HISTORICAL_ST_STATUS,Historical ST execution branch,BLOCKING_DATA,null,"{""branch_invariant_rows"": 4, ""known_rows"": 0, ""rows"": 4}",,PASS_BRANCH_INVARIANT,False,"""ST/non-ST branches compared; non-execution-time differences remain non-blocking after complete trade replay""",OpenCode (assistant),2026-07-18T13:40:16.915473+00:00,"Reviewed against locked signal, frozen qfq layer, remediation raw/hfq layers, and independent reconstruction."
STOCK_RS_PULLBACK_v1:600640.SH:2016-09-20:2016-09-21,LIMIT_PRICE_VERIFICATION,Board/date-specific limit price,BLOCKING_DATA,null,"{""branch_invariant_rows"": 4, ""known_rows"": 0}",,NOT_EVALUABLE_LIMIT_PRICE_BRANCH_INVARIANT,False,"""exact limits retained as check limitations; complete fail-closed trade replay determines materiality""",OpenCode (assistant),2026-07-18T13:40:16.915473+00:00,Confirmed blocking data limitation; no value imputed.
STOCK_RS_PULLBACK_v1:600699.SH:2020-11-12:2020-11-13,UNIVERSE_TRADABLE_AT_SIGNAL,Signal-day universe,CRITICAL,"""600699.SH""",true,,PASS,True,"""signal_date=2020-11-12 00:00:00""",OpenCode (assistant),2026-07-18T13:40:16.915473+00:00,"Reviewed against locked signal, frozen qfq layer, remediation raw/hfq layers, and independent reconstruction."
STOCK_RS_PULLBACK_v1:600699.SH:2020-11-12:2020-11-13,DATE_ORDER_VALID,Pullback/trigger/entry order,CRITICAL,"[""2020-11-11 00:00:00"", ""2020-11-12 00:00:00"", ""2020-11-13 00:00:00""]",true,,PASS,True,"""strictly increasing dates""",OpenCode (assistant),2026-07-18T13:40:16.915473+00:00,"Reviewed against locked signal, frozen qfq layer, remediation raw/hfq layers, and independent reconstruction."
STOCK_RS_PULLBACK_v1:600699.SH:2020-11-12:2020-11-13,NO_LOOKAHEAD_IN_INDICATORS,Prefix-only indicator reconstruction,CRITICAL,"{""high_10d"": 26.02, ""ma20"": 22.798, ""ma60"": 22.441333333333333, ""ret20"": 0.1503386004514673, ""vol_ma5"": 35339324.8}","{""high_10d"": 26.02, ""ma20"": 22.798000000000002, ""ma60"": 22.441333333333333, ""ret20"": 0.1503386004514673, ""vol_ma5"": 35339324.8}",,PASS,True,"""prefix-only rolling recomputation""",OpenCode (assistant),2026-07-18T13:40:16.915473+00:00,"Reviewed against locked signal, frozen qfq layer, remediation raw/hfq layers, and independent reconstruction."
STOCK_RS_PULLBACK_v1:600699.SH:2020-11-12:2020-11-13,ENTRY_IS_NEXT_TRADING_DAY_OPEN,Next trading-day raw open entry,CRITICAL,"[""2020-11-13"", 26.86]","[""2020-11-13 00:00:00"", 26.86]",,PASS,True,"""first stock bar after trigger; raw open required""",OpenCode (assistant),2026-07-18T13:40:16.915473+00:00,"Reviewed against locked signal, frozen qfq layer, remediation raw/hfq layers, and independent reconstruction."
STOCK_RS_PULLBACK_v1:600699.SH:2020-11-12:2020-11-13,ENTRY_DAY_EXECUTABLE,Entry-day execution status,CRITICAL,"{""adj_close"": 25.05, ""adj_factor"": 1.0, ""adj_high"": 25.91, ""adj_low"": 24.79, ""adj_offset"": -0.9499999999999993, ""adj_open"": 25.91, ""adj_type"": ""qfq"", ""adjustment_fit_error"": 0.0, ""adjustment_status"": ""KNOWN_AFFINE_TDX_QFQ_HFQ_VALIDATED"", ""board"": ""MAIN_SH"", ""can_buy_at_open"": ""TRUE"", ""can_sell_at_close"": ""TRUE"", ""can_sell_at_open"": ""TRUE"", ""can_sell_intraday"": ""TRUE"", ""close"": 25.05, ""close_at_limit_down"": ""FALSE"", ""close_at_limit_up"": ""FALSE"", ""closing_auction_fill_status"": ""UNKNOWN"", ""code"": ""600699.SH"", ""date"": ""2020-11-13 00:00:00"", ""hfq_close"": 123.6, ""hfq_fit_error"": 0.0006627872571272064, ""hfq_high"": 127.73, ""hfq_low"": 122.35, ""hfq_open"": 127.73, ""high"": 25.91, ""historical_st_branch_status"": ""PASS_BRANCH_INVARIANT"", ""historical_st_status"": ""UNKNOWN"", ""is_suspended"": false, ""limit_down_price"": NaN, ""limit_rule_reason"": ""point-in-time ST status unavailable; execution state resolved only where both ST rule candidates agree"", ""limit_rule_status"": ""UNKNOWN_MISSING_HISTORICAL_ST"", ""limit_up_price"": NaN, ""listing_date"": ""1993-12-06 00:00:00"", ""listing_trading_day"": 6077.0, ""low"": 24.79, ""one_price_limit_down"": ""FALSE"", ""one_price_limit_up"": ""FALSE"", ""open"": 25.91, ""open_at_limit_down"": ""FALSE"", ""open_at_limit_up"": ""FALSE"", ""opening_auction_fill_status"": ""UNKNOWN"", ""raw_close"": 26.0, ""raw_high"": 26.86, ""raw_low"": 25.74, ""raw_open"": 26.86, ""raw_pre_close"": 26.43, ""scheduled_close_fill_status"": ""FILLED_AT_CLOSE"", ""volume"": 31933048.0}","{""executable"": true, ""expected_outcome"": ""valid trade requires executable entry""}",,PASS,True,"""raw open, adjustment factor, trade status, and explicit open fillability""",OpenCode (assistant),2026-07-18T13:40:16.915473+00:00,"Reviewed against locked signal, frozen qfq layer, remediation raw/hfq layers, and independent reconstruction."
STOCK_RS_PULLBACK_v1:600699.SH:2020-11-12:2020-11-13,T1_NO_ENTRY_DAY_EXIT,A-share T+1,CRITICAL,"[""2020-11-13 00:00:00"", ""2020-11-16 00:00:00""]",true,,PASS,True,"""exit must follow entry date""",OpenCode (assistant),2026-07-18T13:40:16.915473+00:00,"Reviewed against locked signal, frozen qfq layer, remediation raw/hfq layers, and independent reconstruction."
STOCK_RS_PULLBACK_v1:600699.SH:2020-11-12:2020-11-13,EXIT_DATE_REASON_RECONSTRUCTION,Independent exit date and reason,CRITICAL,"[""2020-11-16 00:00:00"", ""stop_loss""]","[""2020-11-16 00:00:00"", ""stop_loss""]",,PASS,True,"""full post-entry replay with T+1 and sellability""",OpenCode (assistant),2026-07-18T13:40:16.915473+00:00,"Reviewed against locked signal, frozen qfq layer, remediation raw/hfq layers, and independent reconstruction."
STOCK_RS_PULLBACK_v1:600699.SH:2020-11-12:2020-11-13,HOLDING_DAYS_RECONSTRUCTION,Holding days including deferred fills,CRITICAL,2,2,0.0,PASS,True,"""stop_loss""",OpenCode (assistant),2026-07-18T13:40:16.915473+00:00,"Reviewed against locked signal, frozen qfq layer, remediation raw/hfq layers, and independent reconstruction."
STOCK_RS_PULLBACK_v1:600699.SH:2020-11-12:2020-11-13,EXIT_PRICE_RECONSTRUCTION,Independent adjusted exit price,CRITICAL,24.25,24.25,0.0,PASS,True,"""full post-entry replay""",OpenCode (assistant),2026-07-18T13:40:16.915473+00:00,"Reviewed against locked signal, frozen qfq layer, remediation raw/hfq layers, and independent reconstruction."
STOCK_RS_PULLBACK_v1:600699.SH:2020-11-12:2020-11-13,GROSS_RETURN_RECALCULATION,Gross return,CRITICAL,-0.06406792744114242,-0.06406792744114242,0.0,PASS,True,"""round_trip_cost=0.002""",OpenCode (assistant),2026-07-18T13:40:16.915473+00:00,"Reviewed against locked signal, frozen qfq layer, remediation raw/hfq layers, and independent reconstruction."
STOCK_RS_PULLBACK_v1:600699.SH:2020-11-12:2020-11-13,NET_RETURN_AND_COST_RECALCULATION,Net return and one cost deduction,CRITICAL,-0.06606792744114243,-0.06606792744114243,0.0,PASS,True,"""round_trip_cost=0.002""",OpenCode (assistant),2026-07-18T13:40:16.915473+00:00,"Reviewed against locked signal, frozen qfq layer, remediation raw/hfq layers, and independent reconstruction."
STOCK_RS_PULLBACK_v1:600699.SH:2020-11-12:2020-11-13,R_MULTIPLE_RECALCULATION,R multiple,CRITICAL,-1.0,-1.0,0.0,PASS,True,"""round_trip_cost=0.002""",OpenCode (assistant),2026-07-18T13:40:16.915473+00:00,"Reviewed against locked signal, frozen qfq layer, remediation raw/hfq layers, and independent reconstruction."
STOCK_RS_PULLBACK_v1:600699.SH:2020-11-12:2020-11-13,PRICE_ADJUSTMENT_CONSISTENCY,Adjustment series consistency,CRITICAL,"[""qfq""]","[""qfq""]",,PASS,True,"""signal/entry/exit adj_type""",OpenCode (assistant),2026-07-18T13:40:16.915473+00:00,"Reviewed against locked signal, frozen qfq layer, remediation raw/hfq layers, and independent reconstruction."
STOCK_RS_PULLBACK_v1:600699.SH:2020-11-12:2020-11-13,EXECUTION_REALISM,Raw execution-price realism,BLOCKING_DATA,"[""True"", ""True"", ""True"", true]",true,,PASS,True,"""requires consistent raw and adjusted OHLC plus adjustment factors""",OpenCode (assistant),2026-07-18T13:40:16.915473+00:00,"Reviewed against locked signal, frozen qfq layer, remediation raw/hfq layers, and independent reconstruction."
STOCK_RS_PULLBACK_v1:600699.SH:2020-11-12:2020-11-13,HISTORICAL_ST_STATUS,Historical ST execution branch,BLOCKING_DATA,null,"{""branch_invariant_rows"": 3, ""known_rows"": 0, ""rows"": 3}",,PASS_BRANCH_INVARIANT,False,"""ST/non-ST branches compared; non-execution-time differences remain non-blocking after complete trade replay""",OpenCode (assistant),2026-07-18T13:40:16.915473+00:00,"Reviewed against locked signal, frozen qfq layer, remediation raw/hfq layers, and independent reconstruction."
STOCK_RS_PULLBACK_v1:600699.SH:2020-11-12:2020-11-13,LIMIT_PRICE_VERIFICATION,Board/date-specific limit price,BLOCKING_DATA,null,"{""branch_invariant_rows"": 3, ""known_rows"": 0}",,NOT_EVALUABLE_LIMIT_PRICE_BRANCH_INVARIANT,False,"""exact limits retained as check limitations; complete fail-closed trade replay determines materiality""",OpenCode (assistant),2026-07-18T13:40:16.915473+00:00,Confirmed blocking data limitation; no value imputed.
STOCK_RS_PULLBACK_v1:600717.SH:2017-08-17:2017-08-18,UNIVERSE_TRADABLE_AT_SIGNAL,Signal-day universe,CRITICAL,"""600717.SH""",true,,PASS,True,"""signal_date=2017-08-17 00:00:00""",OpenCode (assistant),2026-07-18T13:40:16.915473+00:00,"Reviewed against locked signal, frozen qfq layer, remediation raw/hfq layers, and independent reconstruction."
STOCK_RS_PULLBACK_v1:600717.SH:2017-08-17:2017-08-18,DATE_ORDER_VALID,Pullback/trigger/entry order,CRITICAL,"[""2017-08-16 00:00:00"", ""2017-08-17 00:00:00"", ""2017-08-18 00:00:00""]",true,,PASS,True,"""strictly increasing dates""",OpenCode (assistant),2026-07-18T13:40:16.915473+00:00,"Reviewed against locked signal, frozen qfq layer, remediation raw/hfq layers, and independent reconstruction."
STOCK_RS_PULLBACK_v1:600717.SH:2017-08-17:2017-08-18,NO_LOOKAHEAD_IN_INDICATORS,Prefix-only indicator reconstruction,CRITICAL,"{""high_10d"": 7.24, ""ma20"": 6.569500000000001, ""ma60"": 6.537999999999999, ""ret20"": 0.07790143084260737, ""vol_ma5"": 20817493.0}","{""high_10d"": 7.24, ""ma20"": 6.5695, ""ma60"": 6.537999999999999, ""ret20"": 0.07790143084260737, ""vol_ma5"": 20817493.0}",,PASS,True,"""prefix-only rolling recomputation""",OpenCode (assistant),2026-07-18T13:40:16.915473+00:00,"Reviewed against locked signal, frozen qfq layer, remediation raw/hfq layers, and independent reconstruction."
STOCK_RS_PULLBACK_v1:600717.SH:2017-08-17:2017-08-18,ENTRY_IS_NEXT_TRADING_DAY_OPEN,Next trading-day raw open entry,CRITICAL,"[""2017-08-18"", 13.01]","[""2017-08-18 00:00:00"", 13.01]",,PASS,True,"""first stock bar after trigger; raw open required""",OpenCode (assistant),2026-07-18T13:40:16.915473+00:00,"Reviewed against locked signal, frozen qfq layer, remediation raw/hfq layers, and independent reconstruction."
STOCK_RS_PULLBACK_v1:600717.SH:2017-08-17:2017-08-18,ENTRY_DAY_EXECUTABLE,Entry-day execution status,CRITICAL,"{""adj_close"": 6.85, ""adj_factor"": 0.5735457576880333, ""adj_high"": 6.91, ""adj_low"": 6.72, ""adj_offset"": -0.7020155613190155, ""adj_open"": 6.76, ""adj_type"": ""qfq"", ""adjustment_fit_error"": 0.0015820674323832051, ""adjustment_status"": ""KNOWN_AFFINE_TDX_QFQ_HFQ_VALIDATED"", ""board"": ""MAIN_SH"", ""can_buy_at_open"": ""TRUE"", ""can_sell_at_close"": ""TRUE"", ""can_sell_at_open"": ""TRUE"", ""can_sell_intraday"": ""TRUE"", ""close"": 6.85, ""close_at_limit_down"": ""FALSE"", ""close_at_limit_up"": ""FALSE"", ""closing_auction_fill_status"": ""UNKNOWN"", ""code"": ""600717.SH"", ""date"": ""2017-08-18 00:00:00"", ""hfq_close"": 361.25, ""hfq_fit_error"": 0.0015820674323663297, ""hfq_high"": 363.79, ""hfq_low"": 355.4, ""hfq_open"": 357.18, ""high"": 6.91, ""historical_st_branch_status"": ""PASS_BRANCH_INVARIANT"", ""historical_st_status"": ""UNKNOWN"", ""is_suspended"": false, ""limit_down_price"": NaN, ""limit_rule_reason"": ""point-in-time ST status unavailable; execution state resolved only where both ST rule candidates agree"", ""limit_rule_status"": ""UNKNOWN_MISSING_HISTORICAL_ST"", ""limit_up_price"": NaN, ""listing_date"": ""2001-01-05 00:00:00"", ""listing_trading_day"": 5053.0, ""low"": 6.72, ""one_price_limit_down"": ""FALSE"", ""one_price_limit_up"": ""FALSE"", ""open"": 6.76, ""open_at_limit_down"": ""FALSE"", ""open_at_limit_up"": ""FALSE"", ""opening_auction_fill_status"": ""UNKNOWN"", ""raw_close"": 13.17, ""raw_high"": 13.27, ""raw_low"": 12.94, ""raw_open"": 13.01, ""raw_pre_close"": 13.04, ""scheduled_close_fill_status"": ""FILLED_AT_CLOSE"", ""volume"": 29178752.0}","{""executable"": true, ""expected_outcome"": ""valid trade requires executable entry""}",,PASS,True,"""raw open, adjustment factor, trade status, and explicit open fillability""",OpenCode (assistant),2026-07-18T13:40:16.915473+00:00,"Reviewed against locked signal, frozen qfq layer, remediation raw/hfq layers, and independent reconstruction."
STOCK_RS_PULLBACK_v1:600717.SH:2017-08-17:2017-08-18,T1_NO_ENTRY_DAY_EXIT,A-share T+1,CRITICAL,"[""2017-08-18 00:00:00"", ""2017-08-23 00:00:00""]",true,,PASS,True,"""exit must follow entry date""",OpenCode (assistant),2026-07-18T13:40:16.915473+00:00,"Reviewed against locked signal, frozen qfq layer, remediation raw/hfq layers, and independent reconstruction."
STOCK_RS_PULLBACK_v1:600717.SH:2017-08-17:2017-08-18,EXIT_DATE_REASON_RECONSTRUCTION,Independent exit date and reason,CRITICAL,"[""2017-08-23 00:00:00"", ""stop_loss""]","[""2017-08-23 00:00:00"", ""stop_loss""]",,PASS,True,"""full post-entry replay with T+1 and sellability""",OpenCode (assistant),2026-07-18T13:40:16.915473+00:00,"Reviewed against locked signal, frozen qfq layer, remediation raw/hfq layers, and independent reconstruction."
STOCK_RS_PULLBACK_v1:600717.SH:2017-08-17:2017-08-18,HOLDING_DAYS_RECONSTRUCTION,Holding days including deferred fills,CRITICAL,4,4,0.0,PASS,True,"""stop_loss""",OpenCode (assistant),2026-07-18T13:40:16.915473+00:00,"Reviewed against locked signal, frozen qfq layer, remediation raw/hfq layers, and independent reconstruction."
STOCK_RS_PULLBACK_v1:600717.SH:2017-08-17:2017-08-18,EXIT_PRICE_RECONSTRUCTION,Independent adjusted exit price,CRITICAL,6.6,6.6,0.0,PASS,True,"""full post-entry replay""",OpenCode (assistant),2026-07-18T13:40:16.915473+00:00,"Reviewed against locked signal, frozen qfq layer, remediation raw/hfq layers, and independent reconstruction."
STOCK_RS_PULLBACK_v1:600717.SH:2017-08-17:2017-08-18,GROSS_RETURN_RECALCULATION,Gross return,CRITICAL,-0.023668639053254448,-0.023668639053254448,0.0,PASS,True,"""round_trip_cost=0.002""",OpenCode (assistant),2026-07-18T13:40:16.915473+00:00,"Reviewed against locked signal, frozen qfq layer, remediation raw/hfq layers, and independent reconstruction."
STOCK_RS_PULLBACK_v1:600717.SH:2017-08-17:2017-08-18,NET_RETURN_AND_COST_RECALCULATION,Net return and one cost deduction,CRITICAL,-0.02566863905325445,-0.02566863905325445,0.0,PASS,True,"""round_trip_cost=0.002""",OpenCode (assistant),2026-07-18T13:40:16.915473+00:00,"Reviewed against locked signal, frozen qfq layer, remediation raw/hfq layers, and independent reconstruction."
STOCK_RS_PULLBACK_v1:600717.SH:2017-08-17:2017-08-18,R_MULTIPLE_RECALCULATION,R multiple,CRITICAL,-1.0,-1.0,0.0,PASS,True,"""round_trip_cost=0.002""",OpenCode (assistant),2026-07-18T13:40:16.915473+00:00,"Reviewed against locked signal, frozen qfq layer, remediation raw/hfq layers, and independent reconstruction."
STOCK_RS_PULLBACK_v1:600717.SH:2017-08-17:2017-08-18,PRICE_ADJUSTMENT_CONSISTENCY,Adjustment series consistency,CRITICAL,"[""qfq""]","[""qfq""]",,PASS,True,"""signal/entry/exit adj_type""",OpenCode (assistant),2026-07-18T13:40:16.915473+00:00,"Reviewed against locked signal, frozen qfq layer, remediation raw/hfq layers, and independent reconstruction."
STOCK_RS_PULLBACK_v1:600717.SH:2017-08-17:2017-08-18,EXECUTION_REALISM,Raw execution-price realism,BLOCKING_DATA,"[""True"", ""True"", ""True"", true]",true,,PASS,True,"""requires consistent raw and adjusted OHLC plus adjustment factors""",OpenCode (assistant),2026-07-18T13:40:16.915473+00:00,"Reviewed against locked signal, frozen qfq layer, remediation raw/hfq layers, and independent reconstruction."
STOCK_RS_PULLBACK_v1:600717.SH:2017-08-17:2017-08-18,HISTORICAL_ST_STATUS,Historical ST execution branch,BLOCKING_DATA,null,"{""branch_invariant_rows"": 5, ""known_rows"": 0, ""rows"": 5}",,PASS_BRANCH_INVARIANT,False,"""ST/non-ST branches compared; non-execution-time differences remain non-blocking after complete trade replay""",OpenCode (assistant),2026-07-18T13:40:16.915473+00:00,"Reviewed against locked signal, frozen qfq layer, remediation raw/hfq layers, and independent reconstruction."
STOCK_RS_PULLBACK_v1:600717.SH:2017-08-17:2017-08-18,LIMIT_PRICE_VERIFICATION,Board/date-specific limit price,BLOCKING_DATA,null,"{""branch_invariant_rows"": 5, ""known_rows"": 0}",,NOT_EVALUABLE_LIMIT_PRICE_BRANCH_INVARIANT,False,"""exact limits retained as check limitations; complete fail-closed trade replay determines materiality""",OpenCode (assistant),2026-07-18T13:40:16.915473+00:00,Confirmed blocking data limitation; no value imputed.
STOCK_RS_PULLBACK_v1:600770.SH:2015-02-16:2015-02-17,UNIVERSE_TRADABLE_AT_SIGNAL,Signal-day universe,CRITICAL,"""600770.SH""",true,,PASS,True,"""signal_date=2015-02-16 00:00:00""",OpenCode (assistant),2026-07-18T13:40:16.915473+00:00,"Reviewed against locked signal, frozen qfq layer, remediation raw/hfq layers, and independent reconstruction."
STOCK_RS_PULLBACK_v1:600770.SH:2015-02-16:2015-02-17,DATE_ORDER_VALID,Pullback/trigger/entry order,CRITICAL,"[""2015-02-09 00:00:00"", ""2015-02-16 00:00:00"", ""2015-02-17 00:00:00""]",true,,PASS,True,"""strictly increasing dates""",OpenCode (assistant),2026-07-18T13:40:16.915473+00:00,"Reviewed against locked signal, frozen qfq layer, remediation raw/hfq layers, and independent reconstruction."
STOCK_RS_PULLBACK_v1:600770.SH:2015-02-16:2015-02-17,NO_LOOKAHEAD_IN_INDICATORS,Prefix-only indicator reconstruction,CRITICAL,"{""high_10d"": 13.2, ""ma20"": 10.7755, ""ma60"": 9.907833333333334, ""ret20"": 0.5069124423963134, ""vol_ma5"": 52062056.6}","{""high_10d"": 13.2, ""ma20"": 10.775500000000001, ""ma60"": 9.907833333333336, ""ret20"": 0.5069124423963134, ""vol_ma5"": 52062056.6}",,PASS,True,"""prefix-only rolling recomputation""",OpenCode (assistant),2026-07-18T13:40:16.915473+00:00,"Reviewed against locked signal, frozen qfq layer, remediation raw/hfq layers, and independent reconstruction."
STOCK_RS_PULLBACK_v1:600770.SH:2015-02-16:2015-02-17,ENTRY_IS_NEXT_TRADING_DAY_OPEN,Next trading-day raw open entry,CRITICAL,"[""2015-02-17"", 12.97]","[""2015-02-17 00:00:00"", 12.97]",,PASS,True,"""first stock bar after trigger; raw open required""",OpenCode (assistant),2026-07-18T13:40:16.915473+00:00,"Reviewed against locked signal, frozen qfq layer, remediation raw/hfq layers, and independent reconstruction."
STOCK_RS_PULLBACK_v1:600770.SH:2015-02-16:2015-02-17,ENTRY_DAY_EXECUTABLE,Entry-day execution status,CRITICAL,"{""adj_close"": 12.68, ""adj_factor"": 1.0, ""adj_high"": 13.14, ""adj_low"": 12.46, ""adj_offset"": 0.0, ""adj_open"": 12.97, ""adj_type"": ""qfq"", ""adjustment_fit_error"": 0.0, ""adjustment_status"": ""KNOWN_AFFINE_TDX_QFQ_HFQ_VALIDATED"", ""board"": ""MAIN_SH"", ""can_buy_at_open"": ""TRUE"", ""can_sell_at_close"": ""TRUE"", ""can_sell_at_open"": ""TRUE"", ""can_sell_intraday"": ""TRUE"", ""close"": 12.68, ""close_at_limit_down"": ""FALSE"", ""close_at_limit_up"": ""FALSE"", ""closing_auction_fill_status"": ""UNKNOWN"", ""code"": ""600770.SH"", ""date"": ""2015-02-17 00:00:00"", ""hfq_close"": 262.73, ""hfq_fit_error"": 0.003297124600692314, ""hfq_high"": 272.16, ""hfq_low"": 258.22, ""hfq_open"": 268.67, ""high"": 13.14, ""historical_st_branch_status"": ""PASS_BRANCH_INVARIANT"", ""historical_st_status"": ""UNKNOWN"", ""is_suspended"": false, ""limit_down_price"": NaN, ""limit_rule_reason"": ""point-in-time ST status unavailable; execution state resolved only where both ST rule candidates agree"", ""limit_rule_status"": ""UNKNOWN_MISSING_HISTORICAL_ST"", ""limit_up_price"": NaN, ""listing_date"": ""1996-11-20 00:00:00"", ""listing_trading_day"": 4363.0, ""low"": 12.46, ""one_price_limit_down"": ""FALSE"", ""one_price_limit_up"": ""FALSE"", ""open"": 12.97, ""open_at_limit_down"": ""FALSE"", ""open_at_limit_up"": ""FALSE"", ""opening_auction_fill_status"": ""UNKNOWN"", ""raw_close"": 12.68, ""raw_high"": 13.14, ""raw_low"": 12.46, ""raw_open"": 12.97, ""raw_pre_close"": 13.08, ""scheduled_close_fill_status"": ""FILLED_AT_CLOSE"", ""volume"": 49531341.0}","{""executable"": true, ""expected_outcome"": ""valid trade requires executable entry""}",,PASS,True,"""raw open, adjustment factor, trade status, and explicit open fillability""",OpenCode (assistant),2026-07-18T13:40:16.915473+00:00,"Reviewed against locked signal, frozen qfq layer, remediation raw/hfq layers, and independent reconstruction."
STOCK_RS_PULLBACK_v1:600770.SH:2015-02-16:2015-02-17,T1_NO_ENTRY_DAY_EXIT,A-share T+1,CRITICAL,"[""2015-02-17 00:00:00"", ""2015-03-02 00:00:00""]",true,,PASS,True,"""exit must follow entry date""",OpenCode (assistant),2026-07-18T13:40:16.915473+00:00,"Reviewed against locked signal, frozen qfq layer, remediation raw/hfq layers, and independent reconstruction."
STOCK_RS_PULLBACK_v1:600770.SH:2015-02-16:2015-02-17,EXIT_DATE_REASON_RECONSTRUCTION,Independent exit date and reason,CRITICAL,"[""2015-03-02 00:00:00"", ""time_stop_no_upside_progress""]","[""2015-03-02 00:00:00"", ""time_stop_no_upside_progress""]",,PASS,True,"""full post-entry replay with T+1 and sellability""",OpenCode (assistant),2026-07-18T13:40:16.915473+00:00,"Reviewed against locked signal, frozen qfq layer, remediation raw/hfq layers, and independent reconstruction."
STOCK_RS_PULLBACK_v1:600770.SH:2015-02-16:2015-02-17,HOLDING_DAYS_RECONSTRUCTION,Holding days including deferred fills,CRITICAL,5,5,0.0,PASS,True,"""time_stop_no_upside_progress""",OpenCode (assistant),2026-07-18T13:40:16.915473+00:00,"Reviewed against locked signal, frozen qfq layer, remediation raw/hfq layers, and independent reconstruction."
STOCK_RS_PULLBACK_v1:600770.SH:2015-02-16:2015-02-17,EXIT_PRICE_RECONSTRUCTION,Independent adjusted exit price,CRITICAL,12.62,12.62,0.0,PASS,True,"""full post-entry replay""",OpenCode (assistant),2026-07-18T13:40:16.915473+00:00,"Reviewed against locked signal, frozen qfq layer, remediation raw/hfq layers, and independent reconstruction."
STOCK_RS_PULLBACK_v1:600770.SH:2015-02-16:2015-02-17,GROSS_RETURN_RECALCULATION,Gross return,CRITICAL,-0.02698535080956066,-0.02698535080956066,0.0,PASS,True,"""round_trip_cost=0.002""",OpenCode (assistant),2026-07-18T13:40:16.915473+00:00,"Reviewed against locked signal, frozen qfq layer, remediation raw/hfq layers, and independent reconstruction."
STOCK_RS_PULLBACK_v1:600770.SH:2015-02-16:2015-02-17,NET_RETURN_AND_COST_RECALCULATION,Net return and one cost deduction,CRITICAL,-0.02898535080956066,-0.02898535080956066,0.0,PASS,True,"""round_trip_cost=0.002""",OpenCode (assistant),2026-07-18T13:40:16.915473+00:00,"Reviewed against locked signal, frozen qfq layer, remediation raw/hfq layers, and independent reconstruction."
STOCK_RS_PULLBACK_v1:600770.SH:2015-02-16:2015-02-17,R_MULTIPLE_RECALCULATION,R multiple,CRITICAL,-0.3017241379310357,-0.3017241379310357,0.0,PASS,True,"""round_trip_cost=0.002""",OpenCode (assistant),2026-07-18T13:40:16.915473+00:00,"Reviewed against locked signal, frozen qfq layer, remediation raw/hfq layers, and independent reconstruction."
STOCK_RS_PULLBACK_v1:600770.SH:2015-02-16:2015-02-17,PRICE_ADJUSTMENT_CONSISTENCY,Adjustment series consistency,CRITICAL,"[""qfq""]","[""qfq""]",,PASS,True,"""signal/entry/exit adj_type""",OpenCode (assistant),2026-07-18T13:40:16.915473+00:00,"Reviewed against locked signal, frozen qfq layer, remediation raw/hfq layers, and independent reconstruction."
STOCK_RS_PULLBACK_v1:600770.SH:2015-02-16:2015-02-17,EXECUTION_REALISM,Raw execution-price realism,BLOCKING_DATA,"[""True"", ""True"", ""True"", true]",true,,PASS,True,"""requires consistent raw and adjusted OHLC plus adjustment factors""",OpenCode (assistant),2026-07-18T13:40:16.915473+00:00,"Reviewed against locked signal, frozen qfq layer, remediation raw/hfq layers, and independent reconstruction."
STOCK_RS_PULLBACK_v1:600770.SH:2015-02-16:2015-02-17,HISTORICAL_ST_STATUS,Historical ST execution branch,BLOCKING_DATA,null,"{""branch_invariant_rows"": 6, ""known_rows"": 0, ""rows"": 6}",,PASS_BRANCH_INVARIANT,False,"""ST/non-ST branches compared; non-execution-time differences remain non-blocking after complete trade replay""",OpenCode (assistant),2026-07-18T13:40:16.915473+00:00,"Reviewed against locked signal, frozen qfq layer, remediation raw/hfq layers, and independent reconstruction."
STOCK_RS_PULLBACK_v1:600770.SH:2015-02-16:2015-02-17,LIMIT_PRICE_VERIFICATION,Board/date-specific limit price,BLOCKING_DATA,null,"{""branch_invariant_rows"": 6, ""known_rows"": 0}",,NOT_EVALUABLE_LIMIT_PRICE_BRANCH_INVARIANT,False,"""exact limits retained as check limitations; complete fail-closed trade replay determines materiality""",OpenCode (assistant),2026-07-18T13:40:16.915473+00:00,Confirmed blocking data limitation; no value imputed.
STOCK_RS_PULLBACK_v1:601012.SH:2017-11-06:2017-11-07,UNIVERSE_TRADABLE_AT_SIGNAL,Signal-day universe,CRITICAL,"""601012.SH""",true,,PASS,True,"""signal_date=2017-11-06 00:00:00""",OpenCode (assistant),2026-07-18T13:40:16.915473+00:00,"Reviewed against locked signal, frozen qfq layer, remediation raw/hfq layers, and independent reconstruction."
STOCK_RS_PULLBACK_v1:601012.SH:2017-11-06:2017-11-07,DATE_ORDER_VALID,Pullback/trigger/entry order,CRITICAL,"[""2017-11-03 00:00:00"", ""2017-11-06 00:00:00"", ""2017-11-07 00:00:00""]",true,,PASS,True,"""strictly increasing dates""",OpenCode (assistant),2026-07-18T13:40:16.915473+00:00,"Reviewed against locked signal, frozen qfq layer, remediation raw/hfq layers, and independent reconstruction."
STOCK_RS_PULLBACK_v1:601012.SH:2017-11-06:2017-11-07,NO_LOOKAHEAD_IN_INDICATORS,Prefix-only indicator reconstruction,CRITICAL,"{""high_10d"": 9.12, ""ma20"": 7.949000000000001, ""ma60"": 6.670333333333333, ""ret20"": 0.1478149100257069, ""vol_ma5"": 32338316.0}","{""high_10d"": 9.12, ""ma20"": 7.949000000000001, ""ma60"": 6.670333333333332, ""ret20"": 0.1478149100257069, ""vol_ma5"": 32338316.0}",,PASS,True,"""prefix-only rolling recomputation""",OpenCode (assistant),2026-07-18T13:40:16.915473+00:00,"Reviewed against locked signal, frozen qfq layer, remediation raw/hfq layers, and independent reconstruction."
STOCK_RS_PULLBACK_v1:601012.SH:2017-11-06:2017-11-07,ENTRY_IS_NEXT_TRADING_DAY_OPEN,Next trading-day raw open entry,CRITICAL,"[""2017-11-07"", 34.29]","[""2017-11-07 00:00:00"", 34.29]",,PASS,True,"""first stock bar after trigger; raw open required""",OpenCode (assistant),2026-07-18T13:40:16.915473+00:00,"Reviewed against locked signal, frozen qfq layer, remediation raw/hfq layers, and independent reconstruction."
STOCK_RS_PULLBACK_v1:601012.SH:2017-11-06:2017-11-07,ENTRY_DAY_EXECUTABLE,Entry-day execution status,CRITICAL,"{""adj_close"": 9.14, ""adj_factor"": 0.27881257275902277, ""adj_high"": 9.33, ""adj_low"": 8.87, ""adj_offset"": -0.5808556461001402, ""adj_open"": 8.98, ""adj_type"": ""qfq"", ""adjustment_fit_error"": 0.0014493597206080011, ""adjustment_status"": ""KNOWN_AFFINE_TDX_QFQ_HFQ_VALIDATED"", ""board"": ""MAIN_SH"", ""can_buy_at_open"": ""TRUE"", ""can_sell_at_close"": ""TRUE"", ""can_sell_at_open"": ""TRUE"", ""can_sell_intraday"": ""TRUE"", ""close"": 9.14, ""close_at_limit_down"": ""FALSE"", ""close_at_limit_up"": ""FALSE"", ""closing_auction_fill_status"": ""UNKNOWN"", ""code"": ""601012.SH"", ""date"": ""2017-11-07 00:00:00"", ""hfq_close"": 189.5, ""hfq_fit_error"": 0.0031926658905376826, ""hfq_high"": 193.23, ""hfq_low"": 184.32, ""hfq_open"": 186.42, ""high"": 9.33, ""historical_st_branch_status"": ""PASS_BRANCH_INVARIANT"", ""historical_st_status"": ""UNKNOWN"", ""is_suspended"": false, ""limit_down_price"": NaN, ""limit_rule_reason"": ""point-in-time ST status unavailable; execution state resolved only where both ST rule candidates agree"", ""limit_rule_status"": ""UNKNOWN_MISSING_HISTORICAL_ST"", ""limit_up_price"": NaN, ""listing_date"": ""2012-04-11 00:00:00"", ""listing_trading_day"": 1323.0, ""low"": 8.87, ""one_price_limit_down"": ""FALSE"", ""one_price_limit_up"": ""FALSE"", ""open"": 8.98, ""open_at_limit_down"": ""FALSE"", ""open_at_limit_up"": ""FALSE"", ""opening_auction_fill_status"": ""UNKNOWN"", ""raw_close"": 34.86, ""raw_high"": 35.55, ""raw_low"": 33.9, ""raw_open"": 34.29, ""raw_pre_close"": 34.11, ""scheduled_close_fill_status"": ""FILLED_AT_CLOSE"", ""volume"": 40557071.0}","{""executable"": true, ""expected_outcome"": ""valid trade requires executable entry""}",,PASS,True,"""raw open, adjustment factor, trade status, and explicit open fillability""",OpenCode (assistant),2026-07-18T13:40:16.915473+00:00,"Reviewed against locked signal, frozen qfq layer, remediation raw/hfq layers, and independent reconstruction."
STOCK_RS_PULLBACK_v1:601012.SH:2017-11-06:2017-11-07,T1_NO_ENTRY_DAY_EXIT,A-share T+1,CRITICAL,"[""2017-11-07 00:00:00"", ""2017-11-13 00:00:00""]",true,,PASS,True,"""exit must follow entry date""",OpenCode (assistant),2026-07-18T13:40:16.915473+00:00,"Reviewed against locked signal, frozen qfq layer, remediation raw/hfq layers, and independent reconstruction."
STOCK_RS_PULLBACK_v1:601012.SH:2017-11-06:2017-11-07,EXIT_DATE_REASON_RECONSTRUCTION,Independent exit date and reason,CRITICAL,"[""2017-11-13 00:00:00"", ""target_2r""]","[""2017-11-13 00:00:00"", ""target_2r""]",,PASS,True,"""full post-entry replay with T+1 and sellability""",OpenCode (assistant),2026-07-18T13:40:16.915473+00:00,"Reviewed against locked signal, frozen qfq layer, remediation raw/hfq layers, and independent reconstruction."
STOCK_RS_PULLBACK_v1:601012.SH:2017-11-06:2017-11-07,HOLDING_DAYS_RECONSTRUCTION,Holding days including deferred fills,CRITICAL,5,5,0.0,PASS,True,"""target_2r""",OpenCode (assistant),2026-07-18T13:40:16.915473+00:00,"Reviewed against locked signal, frozen qfq layer, remediation raw/hfq layers, and independent reconstruction."
STOCK_RS_PULLBACK_v1:601012.SH:2017-11-06:2017-11-07,EXIT_PRICE_RECONSTRUCTION,Independent adjusted exit price,CRITICAL,10.870094911823102,10.87,9.491182310306101e-05,PASS,True,"""full post-entry replay""",OpenCode (assistant),2026-07-18T13:40:16.915473+00:00,"Reviewed against locked signal, frozen qfq layer, remediation raw/hfq layers, and independent reconstruction."
STOCK_RS_PULLBACK_v1:601012.SH:2017-11-06:2017-11-07,GROSS_RETURN_RECALCULATION,Gross return,CRITICAL,0.21047827525869733,0.21046770601336284,1.0569245334490773e-05,PASS,True,"""round_trip_cost=0.002""",OpenCode (assistant),2026-07-18T13:40:16.915473+00:00,"Reviewed against locked signal, frozen qfq layer, remediation raw/hfq layers, and independent reconstruction."
STOCK_RS_PULLBACK_v1:601012.SH:2017-11-06:2017-11-07,NET_RETURN_AND_COST_RECALCULATION,Net return and one cost deduction,CRITICAL,0.20847827525869733,0.20846770601336284,1.0569245334490773e-05,PASS,True,"""round_trip_cost=0.002""",OpenCode (assistant),2026-07-18T13:40:16.915473+00:00,"Reviewed against locked signal, frozen qfq layer, remediation raw/hfq layers, and independent reconstruction."
STOCK_RS_PULLBACK_v1:601012.SH:2017-11-06:2017-11-07,R_MULTIPLE_RECALCULATION,R multiple,CRITICAL,2.333450508423581,2.3333333333333304,0.00011717509025066519,PASS,True,"""round_trip_cost=0.002""",OpenCode (assistant),2026-07-18T13:40:16.915473+00:00,"Reviewed against locked signal, frozen qfq layer, remediation raw/hfq layers, and independent reconstruction."
STOCK_RS_PULLBACK_v1:601012.SH:2017-11-06:2017-11-07,PRICE_ADJUSTMENT_CONSISTENCY,Adjustment series consistency,CRITICAL,"[""qfq""]","[""qfq""]",,PASS,True,"""signal/entry/exit adj_type""",OpenCode (assistant),2026-07-18T13:40:16.915473+00:00,"Reviewed against locked signal, frozen qfq layer, remediation raw/hfq layers, and independent reconstruction."
STOCK_RS_PULLBACK_v1:601012.SH:2017-11-06:2017-11-07,EXECUTION_REALISM,Raw execution-price realism,BLOCKING_DATA,"[""True"", ""True"", ""True"", true]",true,,PASS,True,"""requires consistent raw and adjusted OHLC plus adjustment factors""",OpenCode (assistant),2026-07-18T13:40:16.915473+00:00,"Reviewed against locked signal, frozen qfq layer, remediation raw/hfq layers, and independent reconstruction."
STOCK_RS_PULLBACK_v1:601012.SH:2017-11-06:2017-11-07,HISTORICAL_ST_STATUS,Historical ST execution branch,BLOCKING_DATA,null,"{""branch_invariant_rows"": 6, ""known_rows"": 0, ""rows"": 6}",,PASS_BRANCH_INVARIANT,False,"""ST/non-ST branches compared; non-execution-time differences remain non-blocking after complete trade replay""",OpenCode (assistant),2026-07-18T13:40:16.915473+00:00,"Reviewed against locked signal, frozen qfq layer, remediation raw/hfq layers, and independent reconstruction."
STOCK_RS_PULLBACK_v1:601012.SH:2017-11-06:2017-11-07,LIMIT_PRICE_VERIFICATION,Board/date-specific limit price,BLOCKING_DATA,null,"{""branch_invariant_rows"": 6, ""known_rows"": 0}",,NOT_EVALUABLE_LIMIT_PRICE_BRANCH_INVARIANT,False,"""exact limits retained as check limitations; complete fail-closed trade replay determines materiality""",OpenCode (assistant),2026-07-18T13:40:16.915473+00:00,Confirmed blocking data limitation; no value imputed.
STOCK_RS_PULLBACK_v1:601059.SH:2023-08-03:2023-08-04,UNIVERSE_TRADABLE_AT_SIGNAL,Signal-day universe,CRITICAL,"""601059.SH""",true,,PASS,True,"""signal_date=2023-08-03 00:00:00""",OpenCode (assistant),2026-07-18T13:40:16.915473+00:00,"Reviewed against locked signal, frozen qfq layer, remediation raw/hfq layers, and independent reconstruction."
STOCK_RS_PULLBACK_v1:601059.SH:2023-08-03:2023-08-04,DATE_ORDER_VALID,Pullback/trigger/entry order,CRITICAL,"[""2023-08-02 00:00:00"", ""2023-08-03 00:00:00"", ""2023-08-04 00:00:00""]",true,,PASS,True,"""strictly increasing dates""",OpenCode (assistant),2026-07-18T13:40:16.915473+00:00,"Reviewed against locked signal, frozen qfq layer, remediation raw/hfq layers, and independent reconstruction."
STOCK_RS_PULLBACK_v1:601059.SH:2023-08-03:2023-08-04,NO_LOOKAHEAD_IN_INDICATORS,Prefix-only indicator reconstruction,CRITICAL,"{""high_10d"": 18.33, ""ma20"": 14.8875, ""ma60"": 14.592, ""ret20"": 0.30239303843364773, ""vol_ma5"": 120267837.8}","{""high_10d"": 18.33, ""ma20"": 14.887499999999998, ""ma60"": 14.592000000000002, ""ret20"": 0.30239303843364773, ""vol_ma5"": 120267837.8}",,PASS,True,"""prefix-only rolling recomputation""",OpenCode (assistant),2026-07-18T13:40:16.915473+00:00,"Reviewed against locked signal, frozen qfq layer, remediation raw/hfq layers, and independent reconstruction."
STOCK_RS_PULLBACK_v1:601059.SH:2023-08-03:2023-08-04,ENTRY_IS_NEXT_TRADING_DAY_OPEN,Next trading-day raw open entry,CRITICAL,"[""2023-08-04"", 18.71]","[""2023-08-04 00:00:00"", 18.71]",,PASS,True,"""first stock bar after trigger; raw open required""",OpenCode (assistant),2026-07-18T13:40:16.915473+00:00,"Reviewed against locked signal, frozen qfq layer, remediation raw/hfq layers, and independent reconstruction."
STOCK_RS_PULLBACK_v1:601059.SH:2023-08-03:2023-08-04,ENTRY_DAY_EXECUTABLE,Entry-day execution status,CRITICAL,"{""adj_close"": 19.78, ""adj_factor"": 1.0, ""adj_high"": 19.78, ""adj_low"": 17.96, ""adj_offset"": -0.1999999999999993, ""adj_open"": 18.51, ""adj_type"": ""qfq"", ""adjustment_fit_error"": 0.0, ""adjustment_status"": ""KNOWN_AFFINE_TDX_QFQ_HFQ_VALIDATED"", ""board"": ""MAIN_SH"", ""can_buy_at_open"": ""TRUE"", ""can_sell_at_close"": ""TRUE"", ""can_sell_at_open"": ""TRUE"", ""can_sell_intraday"": ""TRUE"", ""close"": 19.78, ""close_at_limit_down"": ""FALSE"", ""close_at_limit_up"": ""UNKNOWN"", ""closing_auction_fill_status"": ""UNKNOWN"", ""code"": ""601059.SH"", ""date"": ""2023-08-04 00:00:00"", ""hfq_close"": 19.98, ""hfq_fit_error"": 0.0, ""hfq_high"": 19.98, ""hfq_low"": 18.16, ""hfq_open"": 18.71, ""high"": 19.78, ""historical_st_branch_status"": ""PASS_BRANCH_INVARIANT"", ""historical_st_status"": ""UNKNOWN"", ""is_suspended"": false, ""limit_down_price"": NaN, ""limit_rule_reason"": ""point-in-time ST status unavailable; execution state resolved only where both ST rule candidates agree"", ""limit_rule_status"": ""UNKNOWN_MISSING_HISTORICAL_ST"", ""limit_up_price"": NaN, ""listing_date"": ""2023-02-01 00:00:00"", ""listing_trading_day"": 127.0, ""low"": 17.96, ""one_price_limit_down"": ""FALSE"", ""one_price_limit_up"": ""FALSE"", ""open"": 18.51, ""open_at_limit_down"": ""FALSE"", ""open_at_limit_up"": ""FALSE"", ""opening_auction_fill_status"": ""UNKNOWN"", ""raw_close"": 19.98, ""raw_high"": 19.98, ""raw_low"": 18.16, ""raw_open"": 18.71, ""raw_pre_close"": 18.16, ""scheduled_close_fill_status"": ""FILLED_AT_CLOSE"", ""volume"": 175566023.0}","{""executable"": true, ""expected_outcome"": ""valid trade requires executable entry""}",,PASS,True,"""raw open, adjustment factor, trade status, and explicit open fillability""",OpenCode (assistant),2026-07-18T13:40:16.915473+00:00,"Reviewed against locked signal, frozen qfq layer, remediation raw/hfq layers, and independent reconstruction."
STOCK_RS_PULLBACK_v1:601059.SH:2023-08-03:2023-08-04,T1_NO_ENTRY_DAY_EXIT,A-share T+1,CRITICAL,"[""2023-08-04 00:00:00"", ""2023-08-17 00:00:00""]",true,,PASS,True,"""exit must follow entry date""",OpenCode (assistant),2026-07-18T13:40:16.915473+00:00,"Reviewed against locked signal, frozen qfq layer, remediation raw/hfq layers, and independent reconstruction."
STOCK_RS_PULLBACK_v1:601059.SH:2023-08-03:2023-08-04,EXIT_DATE_REASON_RECONSTRUCTION,Independent exit date and reason,CRITICAL,"[""2023-08-17 00:00:00"", ""target_2r""]","[""2023-08-17 00:00:00"", ""target_2r""]",,PASS,True,"""full post-entry replay with T+1 and sellability""",OpenCode (assistant),2026-07-18T13:40:16.915473+00:00,"Reviewed against locked signal, frozen qfq layer, remediation raw/hfq layers, and independent reconstruction."
STOCK_RS_PULLBACK_v1:601059.SH:2023-08-03:2023-08-04,HOLDING_DAYS_RECONSTRUCTION,Holding days including deferred fills,CRITICAL,10,10,0.0,PASS,True,"""target_2r""",OpenCode (assistant),2026-07-18T13:40:16.915473+00:00,"Reviewed against locked signal, frozen qfq layer, remediation raw/hfq layers, and independent reconstruction."
STOCK_RS_PULLBACK_v1:601059.SH:2023-08-03:2023-08-04,EXIT_PRICE_RECONSTRUCTION,Independent adjusted exit price,CRITICAL,22.19,22.19,0.0,PASS,True,"""full post-entry replay""",OpenCode (assistant),2026-07-18T13:40:16.915473+00:00,"Reviewed against locked signal, frozen qfq layer, remediation raw/hfq layers, and independent reconstruction."
STOCK_RS_PULLBACK_v1:601059.SH:2023-08-03:2023-08-04,GROSS_RETURN_RECALCULATION,Gross return,CRITICAL,0.19881145326850347,0.19881145326850347,0.0,PASS,True,"""round_trip_cost=0.002""",OpenCode (assistant),2026-07-18T13:40:16.915473+00:00,"Reviewed against locked signal, frozen qfq layer, remediation raw/hfq layers, and independent reconstruction."
STOCK_RS_PULLBACK_v1:601059.SH:2023-08-03:2023-08-04,NET_RETURN_AND_COST_RECALCULATION,Net return and one cost deduction,CRITICAL,0.19681145326850347,0.19681145326850347,0.0,PASS,True,"""round_trip_cost=0.002""",OpenCode (assistant),2026-07-18T13:40:16.915473+00:00,"Reviewed against locked signal, frozen qfq layer, remediation raw/hfq layers, and independent reconstruction."
STOCK_RS_PULLBACK_v1:601059.SH:2023-08-03:2023-08-04,R_MULTIPLE_RECALCULATION,R multiple,CRITICAL,2.0,2.0,0.0,PASS,True,"""round_trip_cost=0.002""",OpenCode (assistant),2026-07-18T13:40:16.915473+00:00,"Reviewed against locked signal, frozen qfq layer, remediation raw/hfq layers, and independent reconstruction."
STOCK_RS_PULLBACK_v1:601059.SH:2023-08-03:2023-08-04,PRICE_ADJUSTMENT_CONSISTENCY,Adjustment series consistency,CRITICAL,"[""qfq""]","[""qfq""]",,PASS,True,"""signal/entry/exit adj_type""",OpenCode (assistant),2026-07-18T13:40:16.915473+00:00,"Reviewed against locked signal, frozen qfq layer, remediation raw/hfq layers, and independent reconstruction."
STOCK_RS_PULLBACK_v1:601059.SH:2023-08-03:2023-08-04,EXECUTION_REALISM,Raw execution-price realism,BLOCKING_DATA,"[""True"", ""True"", ""True"", true]",true,,PASS,True,"""requires consistent raw and adjusted OHLC plus adjustment factors""",OpenCode (assistant),2026-07-18T13:40:16.915473+00:00,"Reviewed against locked signal, frozen qfq layer, remediation raw/hfq layers, and independent reconstruction."
STOCK_RS_PULLBACK_v1:601059.SH:2023-08-03:2023-08-04,HISTORICAL_ST_STATUS,Historical ST execution branch,BLOCKING_DATA,null,"{""branch_invariant_rows"": 10, ""known_rows"": 0, ""rows"": 11}",,NOT_EVALUABLE_MISSING_HISTORICAL_ST,False,"""ST/non-ST branches compared; non-execution-time differences remain non-blocking after complete trade replay""",OpenCode (assistant),2026-07-18T13:40:16.915473+00:00,Confirmed blocking data limitation; no value imputed.
STOCK_RS_PULLBACK_v1:601059.SH:2023-08-03:2023-08-04,LIMIT_PRICE_VERIFICATION,Board/date-specific limit price,BLOCKING_DATA,null,"""UNKNOWN_MISSING_HISTORICAL_ST""",,NOT_EVALUABLE_LIMIT_PRICE,False,"""exact limits retained as check limitations; complete fail-closed trade replay determines materiality""",OpenCode (assistant),2026-07-18T13:40:16.915473+00:00,Confirmed blocking data limitation; no value imputed.
STOCK_RS_PULLBACK_v1:601668.SH:2023-03-13:2023-03-14,UNIVERSE_TRADABLE_AT_SIGNAL,Signal-day universe,CRITICAL,"""601668.SH""",true,,PASS,True,"""signal_date=2023-03-13 00:00:00""",OpenCode (assistant),2026-07-18T13:40:16.915473+00:00,"Reviewed against locked signal, frozen qfq layer, remediation raw/hfq layers, and independent reconstruction."
STOCK_RS_PULLBACK_v1:601668.SH:2023-03-13:2023-03-14,DATE_ORDER_VALID,Pullback/trigger/entry order,CRITICAL,"[""2023-03-08 00:00:00"", ""2023-03-13 00:00:00"", ""2023-03-14 00:00:00""]",true,,PASS,True,"""strictly increasing dates""",OpenCode (assistant),2026-07-18T13:40:16.915473+00:00,"Reviewed against locked signal, frozen qfq layer, remediation raw/hfq layers, and independent reconstruction."
STOCK_RS_PULLBACK_v1:601668.SH:2023-03-13:2023-03-14,NO_LOOKAHEAD_IN_INDICATORS,Prefix-only indicator reconstruction,CRITICAL,"{""high_10d"": 5.21, ""ma20"": 4.685499999999999, ""ma60"": 4.5085, ""ret20"": 0.1480637813211847, ""vol_ma5"": 333252759.0}","{""high_10d"": 5.21, ""ma20"": 4.685499999999999, ""ma60"": 4.5085, ""ret20"": 0.1480637813211847, ""vol_ma5"": 333252759.0}",,PASS,True,"""prefix-only rolling recomputation""",OpenCode (assistant),2026-07-18T13:40:16.915473+00:00,"Reviewed against locked signal, frozen qfq layer, remediation raw/hfq layers, and independent reconstruction."
STOCK_RS_PULLBACK_v1:601668.SH:2023-03-13:2023-03-14,ENTRY_IS_NEXT_TRADING_DAY_OPEN,Next trading-day raw open entry,CRITICAL,"[""2023-03-14"", 6.07]","[""2023-03-14 00:00:00"", 6.07]",,PASS,True,"""first stock bar after trigger; raw open required""",OpenCode (assistant),2026-07-18T13:40:16.915473+00:00,"Reviewed against locked signal, frozen qfq layer, remediation raw/hfq layers, and independent reconstruction."
STOCK_RS_PULLBACK_v1:601668.SH:2023-03-13:2023-03-14,ENTRY_DAY_EXECUTABLE,Entry-day execution status,CRITICAL,"{""adj_close"": 4.92, ""adj_factor"": 0.9999999999999969, ""adj_high"": 5.09, ""adj_low"": 4.9, ""adj_offset"": -1.0699999999999807, ""adj_open"": 5.0, ""adj_type"": ""qfq"", ""adjustment_fit_error"": 8.881784197001252e-16, ""adjustment_status"": ""KNOWN_AFFINE_TDX_QFQ_HFQ_VALIDATED"", ""board"": ""MAIN_SH"", ""can_buy_at_open"": ""TRUE"", ""can_sell_at_close"": ""TRUE"", ""can_sell_at_open"": ""TRUE"", ""can_sell_intraday"": ""TRUE"", ""close"": 4.92, ""close_at_limit_down"": ""FALSE"", ""close_at_limit_up"": ""FALSE"", ""closing_auction_fill_status"": ""UNKNOWN"", ""code"": ""601668.SH"", ""date"": ""2023-03-14 00:00:00"", ""hfq_close"": 10.75, ""hfq_fit_error"": 0.0018353726362629885, ""hfq_high"": 10.99, ""hfq_low"": 10.72, ""hfq_open"": 10.86, ""high"": 5.09, ""historical_st_branch_status"": ""PASS_BRANCH_INVARIANT"", ""historical_st_status"": ""UNKNOWN"", ""is_suspended"": false, ""limit_down_price"": NaN, ""limit_rule_reason"": ""point-in-time ST status unavailable; execution state resolved only where both ST rule candidates agree"", ""limit_rule_status"": ""UNKNOWN_MISSING_HISTORICAL_ST"", ""limit_up_price"": NaN, ""listing_date"": ""2009-07-29 00:00:00"", ""listing_trading_day"": 3304.0, ""low"": 4.9, ""one_price_limit_down"": ""FALSE"", ""one_price_limit_up"": ""FALSE"", ""open"": 5.0, ""open_at_limit_down"": ""FALSE"", ""open_at_limit_up"": ""FALSE"", ""opening_auction_fill_status"": ""UNKNOWN"", ""raw_close"": 5.99, ""raw_high"": 6.16, ""raw_low"": 5.97, ""raw_open"": 6.07, ""raw_pre_close"": 6.11, ""scheduled_close_fill_status"": ""FILLED_AT_CLOSE"", ""volume"": 321729332.0}","{""executable"": true, ""expected_outcome"": ""valid trade requires executable entry""}",,PASS,True,"""raw open, adjustment factor, trade status, and explicit open fillability""",OpenCode (assistant),2026-07-18T13:40:16.915473+00:00,"Reviewed against locked signal, frozen qfq layer, remediation raw/hfq layers, and independent reconstruction."
STOCK_RS_PULLBACK_v1:601668.SH:2023-03-13:2023-03-14,T1_NO_ENTRY_DAY_EXIT,A-share T+1,CRITICAL,"[""2023-03-14 00:00:00"", ""2023-03-15 00:00:00""]",true,,PASS,True,"""exit must follow entry date""",OpenCode (assistant),2026-07-18T13:40:16.915473+00:00,"Reviewed against locked signal, frozen qfq layer, remediation raw/hfq layers, and independent reconstruction."
STOCK_RS_PULLBACK_v1:601668.SH:2023-03-13:2023-03-14,EXIT_DATE_REASON_RECONSTRUCTION,Independent exit date and reason,CRITICAL,"[""2023-03-15 00:00:00"", ""stop_loss""]","[""2023-03-15 00:00:00"", ""stop_loss""]",,PASS,True,"""full post-entry replay with T+1 and sellability""",OpenCode (assistant),2026-07-18T13:40:16.915473+00:00,"Reviewed against locked signal, frozen qfq layer, remediation raw/hfq layers, and independent reconstruction."
STOCK_RS_PULLBACK_v1:601668.SH:2023-03-13:2023-03-14,HOLDING_DAYS_RECONSTRUCTION,Holding days including deferred fills,CRITICAL,2,2,0.0,PASS,True,"""stop_loss""",OpenCode (assistant),2026-07-18T13:40:16.915473+00:00,"Reviewed against locked signal, frozen qfq layer, remediation raw/hfq layers, and independent reconstruction."
STOCK_RS_PULLBACK_v1:601668.SH:2023-03-13:2023-03-14,EXIT_PRICE_RECONSTRUCTION,Independent adjusted exit price,CRITICAL,4.87,4.87,0.0,PASS,True,"""full post-entry replay""",OpenCode (assistant),2026-07-18T13:40:16.915473+00:00,"Reviewed against locked signal, frozen qfq layer, remediation raw/hfq layers, and independent reconstruction."
STOCK_RS_PULLBACK_v1:601668.SH:2023-03-13:2023-03-14,GROSS_RETURN_RECALCULATION,Gross return,CRITICAL,-0.026000000000000023,-0.026000000000000023,0.0,PASS,True,"""round_trip_cost=0.002""",OpenCode (assistant),2026-07-18T13:40:16.915473+00:00,"Reviewed against locked signal, frozen qfq layer, remediation raw/hfq layers, and independent reconstruction."
STOCK_RS_PULLBACK_v1:601668.SH:2023-03-13:2023-03-14,NET_RETURN_AND_COST_RECALCULATION,Net return and one cost deduction,CRITICAL,-0.028000000000000025,-0.028000000000000025,0.0,PASS,True,"""round_trip_cost=0.002""",OpenCode (assistant),2026-07-18T13:40:16.915473+00:00,"Reviewed against locked signal, frozen qfq layer, remediation raw/hfq layers, and independent reconstruction."
STOCK_RS_PULLBACK_v1:601668.SH:2023-03-13:2023-03-14,R_MULTIPLE_RECALCULATION,R multiple,CRITICAL,-1.0,-1.0,0.0,PASS,True,"""round_trip_cost=0.002""",OpenCode (assistant),2026-07-18T13:40:16.915473+00:00,"Reviewed against locked signal, frozen qfq layer, remediation raw/hfq layers, and independent reconstruction."
STOCK_RS_PULLBACK_v1:601668.SH:2023-03-13:2023-03-14,PRICE_ADJUSTMENT_CONSISTENCY,Adjustment series consistency,CRITICAL,"[""qfq""]","[""qfq""]",,PASS,True,"""signal/entry/exit adj_type""",OpenCode (assistant),2026-07-18T13:40:16.915473+00:00,"Reviewed against locked signal, frozen qfq layer, remediation raw/hfq layers, and independent reconstruction."
STOCK_RS_PULLBACK_v1:601668.SH:2023-03-13:2023-03-14,EXECUTION_REALISM,Raw execution-price realism,BLOCKING_DATA,"[""True"", ""True"", ""True"", true]",true,,PASS,True,"""requires consistent raw and adjusted OHLC plus adjustment factors""",OpenCode (assistant),2026-07-18T13:40:16.915473+00:00,"Reviewed against locked signal, frozen qfq layer, remediation raw/hfq layers, and independent reconstruction."
STOCK_RS_PULLBACK_v1:601668.SH:2023-03-13:2023-03-14,HISTORICAL_ST_STATUS,Historical ST execution branch,BLOCKING_DATA,null,"{""branch_invariant_rows"": 3, ""known_rows"": 0, ""rows"": 3}",,PASS_BRANCH_INVARIANT,False,"""ST/non-ST branches compared; non-execution-time differences remain non-blocking after complete trade replay""",OpenCode (assistant),2026-07-18T13:40:16.915473+00:00,"Reviewed against locked signal, frozen qfq layer, remediation raw/hfq layers, and independent reconstruction."
STOCK_RS_PULLBACK_v1:601668.SH:2023-03-13:2023-03-14,LIMIT_PRICE_VERIFICATION,Board/date-specific limit price,BLOCKING_DATA,null,"{""branch_invariant_rows"": 3, ""known_rows"": 0}",,NOT_EVALUABLE_LIMIT_PRICE_BRANCH_INVARIANT,False,"""exact limits retained as check limitations; complete fail-closed trade replay determines materiality""",OpenCode (assistant),2026-07-18T13:40:16.915473+00:00,Confirmed blocking data limitation; no value imputed.
STOCK_RS_PULLBACK_v1:601919.SH:2009-07-16:2009-07-17,UNIVERSE_TRADABLE_AT_SIGNAL,Signal-day universe,CRITICAL,"""601919.SH""",true,,PASS,True,"""signal_date=2009-07-16 00:00:00""",OpenCode (assistant),2026-07-18T13:40:16.915473+00:00,"Reviewed against locked signal, frozen qfq layer, remediation raw/hfq layers, and independent reconstruction."
STOCK_RS_PULLBACK_v1:601919.SH:2009-07-16:2009-07-17,DATE_ORDER_VALID,Pullback/trigger/entry order,CRITICAL,"[""2009-07-09 00:00:00"", ""2009-07-16 00:00:00"", ""2009-07-17 00:00:00""]",true,,PASS,True,"""strictly increasing dates""",OpenCode (assistant),2026-07-18T13:40:16.915473+00:00,"Reviewed against locked signal, frozen qfq layer, remediation raw/hfq layers, and independent reconstruction."
STOCK_RS_PULLBACK_v1:601919.SH:2009-07-16:2009-07-17,NO_LOOKAHEAD_IN_INDICATORS,Prefix-only indicator reconstruction,CRITICAL,"{""high_10d"": 5.35, ""ma20"": 3.19, ""ma60"": 2.4825, ""ret20"": 0.8333333333333333, ""vol_ma5"": 117472998.6}","{""high_10d"": 5.35, ""ma20"": 3.19, ""ma60"": 2.4825000000000004, ""ret20"": 0.8333333333333333, ""vol_ma5"": 117472998.6}",,PASS,True,"""prefix-only rolling recomputation""",OpenCode (assistant),2026-07-18T13:40:16.915473+00:00,"Reviewed against locked signal, frozen qfq layer, remediation raw/hfq layers, and independent reconstruction."
STOCK_RS_PULLBACK_v1:601919.SH:2009-07-16:2009-07-17,ENTRY_IS_NEXT_TRADING_DAY_OPEN,Next trading-day raw open entry,CRITICAL,"[""2009-07-17"", 15.9]","[""2009-07-17 00:00:00"", 15.9]",,PASS,True,"""first stock bar after trigger; raw open required""",OpenCode (assistant),2026-07-18T13:40:16.915473+00:00,"Reviewed against locked signal, frozen qfq layer, remediation raw/hfq layers, and independent reconstruction."
STOCK_RS_PULLBACK_v1:601919.SH:2009-07-16:2009-07-17,ENTRY_DAY_EXECUTABLE,Entry-day execution status,CRITICAL,"{""adj_close"": 4.89, ""adj_factor"": 0.7623852452237199, ""adj_high"": 5.06, ""adj_low"": 4.55, ""adj_offset"": -7.52036804234554, ""adj_open"": 4.6, ""adj_type"": ""qfq"", ""adjustment_fit_error"": 0.0018096104540541447, ""adjustment_status"": ""KNOWN_AFFINE_TDX_QFQ_HFQ_VALIDATED"", ""board"": ""MAIN_SH"", ""can_buy_at_open"": ""TRUE"", ""can_sell_at_close"": ""TRUE"", ""can_sell_at_open"": ""TRUE"", ""can_sell_intraday"": ""TRUE"", ""close"": 4.89, ""close_at_limit_down"": ""FALSE"", ""close_at_limit_up"": ""FALSE"", ""closing_auction_fill_status"": ""UNKNOWN"", ""code"": ""601919.SH"", ""date"": ""2009-07-17 00:00:00"", ""hfq_close"": 16.75, ""hfq_fit_error"": 3.552713678800501e-15, ""hfq_high"": 16.97, ""hfq_low"": 16.3, ""hfq_open"": 16.37, ""high"": 5.06, ""historical_st_branch_status"": ""PASS_BRANCH_INVARIANT"", ""historical_st_status"": ""UNKNOWN"", ""is_suspended"": false, ""limit_down_price"": NaN, ""limit_rule_reason"": ""point-in-time ST status unavailable; execution state resolved only where both ST rule candidates agree"", ""limit_rule_status"": ""UNKNOWN_MISSING_HISTORICAL_ST"", ""limit_up_price"": NaN, ""listing_date"": ""2007-06-26 00:00:00"", ""listing_trading_day"": 473.0, ""low"": 4.55, ""one_price_limit_down"": ""FALSE"", ""one_price_limit_up"": ""FALSE"", ""open"": 4.6, ""open_at_limit_down"": ""FALSE"", ""open_at_limit_up"": ""FALSE"", ""opening_auction_fill_status"": ""UNKNOWN"", ""raw_close"": 16.28, ""raw_high"": 16.5, ""raw_low"": 15.83, ""raw_open"": 15.9, ""raw_pre_close"": 15.92, ""scheduled_close_fill_status"": ""FILLED_AT_CLOSE"", ""volume"": 95641309.0}","{""executable"": true, ""expected_outcome"": ""valid trade requires executable entry""}",,PASS,True,"""raw open, adjustment factor, trade status, and explicit open fillability""",OpenCode (assistant),2026-07-18T13:40:16.915473+00:00,"Reviewed against locked signal, frozen qfq layer, remediation raw/hfq layers, and independent reconstruction."
STOCK_RS_PULLBACK_v1:601919.SH:2009-07-16:2009-07-17,T1_NO_ENTRY_DAY_EXIT,A-share T+1,CRITICAL,"[""2009-07-17 00:00:00"", ""2009-07-28 00:00:00""]",true,,PASS,True,"""exit must follow entry date""",OpenCode (assistant),2026-07-18T13:40:16.915473+00:00,"Reviewed against locked signal, frozen qfq layer, remediation raw/hfq layers, and independent reconstruction."
STOCK_RS_PULLBACK_v1:601919.SH:2009-07-16:2009-07-17,EXIT_DATE_REASON_RECONSTRUCTION,Independent exit date and reason,CRITICAL,"[""2009-07-28 00:00:00"", ""target_2r""]","[""2009-07-28 00:00:00"", ""target_2r""]",,PASS,True,"""full post-entry replay with T+1 and sellability""",OpenCode (assistant),2026-07-18T13:40:16.915473+00:00,"Reviewed against locked signal, frozen qfq layer, remediation raw/hfq layers, and independent reconstruction."
STOCK_RS_PULLBACK_v1:601919.SH:2009-07-16:2009-07-17,HOLDING_DAYS_RECONSTRUCTION,Holding days including deferred fills,CRITICAL,8,8,0.0,PASS,True,"""target_2r""",OpenCode (assistant),2026-07-18T13:40:16.915473+00:00,"Reviewed against locked signal, frozen qfq layer, remediation raw/hfq layers, and independent reconstruction."
STOCK_RS_PULLBACK_v1:601919.SH:2009-07-16:2009-07-17,EXIT_PRICE_RECONSTRUCTION,Independent adjusted exit price,CRITICAL,7.159999999999999,7.159999999999999,0.0,PASS,True,"""full post-entry replay""",OpenCode (assistant),2026-07-18T13:40:16.915473+00:00,"Reviewed against locked signal, frozen qfq layer, remediation raw/hfq layers, and independent reconstruction."
STOCK_RS_PULLBACK_v1:601919.SH:2009-07-16:2009-07-17,GROSS_RETURN_RECALCULATION,Gross return,CRITICAL,0.5565217391304347,0.5565217391304347,0.0,PASS,True,"""round_trip_cost=0.002""",OpenCode (assistant),2026-07-18T13:40:16.915473+00:00,"Reviewed against locked signal, frozen qfq layer, remediation raw/hfq layers, and independent reconstruction."
STOCK_RS_PULLBACK_v1:601919.SH:2009-07-16:2009-07-17,NET_RETURN_AND_COST_RECALCULATION,Net return and one cost deduction,CRITICAL,0.5545217391304347,0.5545217391304347,0.0,PASS,True,"""round_trip_cost=0.002""",OpenCode (assistant),2026-07-18T13:40:16.915473+00:00,"Reviewed against locked signal, frozen qfq layer, remediation raw/hfq layers, and independent reconstruction."
STOCK_RS_PULLBACK_v1:601919.SH:2009-07-16:2009-07-17,R_MULTIPLE_RECALCULATION,R multiple,CRITICAL,2.0,2.0,0.0,PASS,True,"""round_trip_cost=0.002""",OpenCode (assistant),2026-07-18T13:40:16.915473+00:00,"Reviewed against locked signal, frozen qfq layer, remediation raw/hfq layers, and independent reconstruction."
STOCK_RS_PULLBACK_v1:601919.SH:2009-07-16:2009-07-17,PRICE_ADJUSTMENT_CONSISTENCY,Adjustment series consistency,CRITICAL,"[""qfq""]","[""qfq""]",,PASS,True,"""signal/entry/exit adj_type""",OpenCode (assistant),2026-07-18T13:40:16.915473+00:00,"Reviewed against locked signal, frozen qfq layer, remediation raw/hfq layers, and independent reconstruction."
STOCK_RS_PULLBACK_v1:601919.SH:2009-07-16:2009-07-17,EXECUTION_REALISM,Raw execution-price realism,BLOCKING_DATA,"[""True"", ""True"", ""True"", true]",true,,PASS,True,"""requires consistent raw and adjusted OHLC plus adjustment factors""",OpenCode (assistant),2026-07-18T13:40:16.915473+00:00,"Reviewed against locked signal, frozen qfq layer, remediation raw/hfq layers, and independent reconstruction."
STOCK_RS_PULLBACK_v1:601919.SH:2009-07-16:2009-07-17,HISTORICAL_ST_STATUS,Historical ST execution branch,BLOCKING_DATA,null,"{""branch_invariant_rows"": 9, ""known_rows"": 0, ""rows"": 9}",,PASS_BRANCH_INVARIANT,False,"""ST/non-ST branches compared; non-execution-time differences remain non-blocking after complete trade replay""",OpenCode (assistant),2026-07-18T13:40:16.915473+00:00,"Reviewed against locked signal, frozen qfq layer, remediation raw/hfq layers, and independent reconstruction."
STOCK_RS_PULLBACK_v1:601919.SH:2009-07-16:2009-07-17,LIMIT_PRICE_VERIFICATION,Board/date-specific limit price,BLOCKING_DATA,null,"{""branch_invariant_rows"": 9, ""known_rows"": 0}",,NOT_EVALUABLE_LIMIT_PRICE_BRANCH_INVARIANT,False,"""exact limits retained as check limitations; complete fail-closed trade replay determines materiality""",OpenCode (assistant),2026-07-18T13:40:16.915473+00:00,Confirmed blocking data limitation; no value imputed.
STOCK_RS_PULLBACK_v1:603052.SH:2026-04-21:2026-04-22,UNIVERSE_TRADABLE_AT_SIGNAL,Signal-day universe,CRITICAL,"""603052.SH""",true,,PASS,True,"""signal_date=2026-04-21 00:00:00""",OpenCode (assistant),2026-07-18T13:40:16.915473+00:00,"Reviewed against locked signal, frozen qfq layer, remediation raw/hfq layers, and independent reconstruction."
STOCK_RS_PULLBACK_v1:603052.SH:2026-04-21:2026-04-22,DATE_ORDER_VALID,Pullback/trigger/entry order,CRITICAL,"[""2026-04-15 00:00:00"", ""2026-04-21 00:00:00"", ""2026-04-22 00:00:00""]",true,,PASS,True,"""strictly increasing dates""",OpenCode (assistant),2026-07-18T13:40:16.915473+00:00,"Reviewed against locked signal, frozen qfq layer, remediation raw/hfq layers, and independent reconstruction."
STOCK_RS_PULLBACK_v1:603052.SH:2026-04-21:2026-04-22,NO_LOOKAHEAD_IN_INDICATORS,Prefix-only indicator reconstruction,CRITICAL,"{""high_10d"": 94.0, ""ma20"": 69.1785, ""ma60"": 63.2885, ""ret20"": 0.584488506755571, ""vol_ma5"": 11641266.6}","{""high_10d"": 94.0, ""ma20"": 69.1785, ""ma60"": 63.2885, ""ret20"": 0.584488506755571, ""vol_ma5"": 11641266.6}",,PASS,True,"""prefix-only rolling recomputation""",OpenCode (assistant),2026-07-18T13:40:16.915473+00:00,"Reviewed against locked signal, frozen qfq layer, remediation raw/hfq layers, and independent reconstruction."
STOCK_RS_PULLBACK_v1:603052.SH:2026-04-21:2026-04-22,ENTRY_IS_NEXT_TRADING_DAY_OPEN,Next trading-day raw open entry,CRITICAL,"[""2026-04-22"", 90.4]","[""2026-04-22 00:00:00"", 90.4]",,PASS,True,"""first stock bar after trigger; raw open required""",OpenCode (assistant),2026-07-18T13:40:16.915473+00:00,"Reviewed against locked signal, frozen qfq layer, remediation raw/hfq layers, and independent reconstruction."
STOCK_RS_PULLBACK_v1:603052.SH:2026-04-21:2026-04-22,ENTRY_DAY_EXECUTABLE,Entry-day execution status,CRITICAL,"{""adj_close"": 91.36, ""adj_factor"": 1.0, ""adj_high"": 92.95, ""adj_low"": 89.0, ""adj_offset"": 0.0, ""adj_open"": 90.4, ""adj_type"": ""qfq"", ""adjustment_fit_error"": 0.0, ""adjustment_status"": ""KNOWN_AFFINE_TDX_QFQ_HFQ_VALIDATED"", ""board"": ""MAIN_SH"", ""can_buy_at_open"": ""TRUE"", ""can_sell_at_close"": ""TRUE"", ""can_sell_at_open"": ""TRUE"", ""can_sell_intraday"": ""TRUE"", ""close"": 91.36, ""close_at_limit_down"": ""FALSE"", ""close_at_limit_up"": ""FALSE"", ""closing_auction_fill_status"": ""UNKNOWN"", ""code"": ""603052.SH"", ""date"": ""2026-04-22 00:00:00"", ""hfq_close"": 252.38, ""hfq_fit_error"": 0.0012176470410736329, ""hfq_high"": 256.74, ""hfq_low"": 245.91, ""hfq_open"": 249.75, ""high"": 92.95, ""historical_st_branch_status"": ""PASS_BRANCH_INVARIANT"", ""historical_st_status"": ""UNKNOWN"", ""is_suspended"": false, ""limit_down_price"": NaN, ""limit_rule_reason"": ""point-in-time ST status unavailable; execution state resolved only where both ST rule candidates agree"", ""limit_rule_status"": ""UNKNOWN_MISSING_HISTORICAL_ST"", ""limit_up_price"": NaN, ""listing_date"": ""2022-10-11 00:00:00"", ""listing_trading_day"": 857.0, ""low"": 89.0, ""one_price_limit_down"": ""FALSE"", ""one_price_limit_up"": ""FALSE"", ""open"": 90.4, ""open_at_limit_down"": ""FALSE"", ""open_at_limit_up"": ""FALSE"", ""opening_auction_fill_status"": ""UNKNOWN"", ""raw_close"": 91.36, ""raw_high"": 92.95, ""raw_low"": 89.0, ""raw_open"": 90.4, ""raw_pre_close"": 90.3, ""scheduled_close_fill_status"": ""FILLED_AT_CLOSE"", ""volume"": 9916735.0}","{""executable"": true, ""expected_outcome"": ""valid trade requires executable entry""}",,PASS,True,"""raw open, adjustment factor, trade status, and explicit open fillability""",OpenCode (assistant),2026-07-18T13:40:16.915473+00:00,"Reviewed against locked signal, frozen qfq layer, remediation raw/hfq layers, and independent reconstruction."
STOCK_RS_PULLBACK_v1:603052.SH:2026-04-21:2026-04-22,T1_NO_ENTRY_DAY_EXIT,A-share T+1,CRITICAL,"[""2026-04-22 00:00:00"", ""2026-04-28 00:00:00""]",true,,PASS,True,"""exit must follow entry date""",OpenCode (assistant),2026-07-18T13:40:16.915473+00:00,"Reviewed against locked signal, frozen qfq layer, remediation raw/hfq layers, and independent reconstruction."
STOCK_RS_PULLBACK_v1:603052.SH:2026-04-21:2026-04-22,EXIT_DATE_REASON_RECONSTRUCTION,Independent exit date and reason,CRITICAL,"[""2026-04-28 00:00:00"", ""time_stop_no_upside_progress""]","[""2026-04-28 00:00:00"", ""time_stop_no_upside_progress""]",,PASS,True,"""full post-entry replay with T+1 and sellability""",OpenCode (assistant),2026-07-18T13:40:16.915473+00:00,"Reviewed against locked signal, frozen qfq layer, remediation raw/hfq layers, and independent reconstruction."
STOCK_RS_PULLBACK_v1:603052.SH:2026-04-21:2026-04-22,HOLDING_DAYS_RECONSTRUCTION,Holding days including deferred fills,CRITICAL,5,5,0.0,PASS,True,"""time_stop_no_upside_progress""",OpenCode (assistant),2026-07-18T13:40:16.915473+00:00,"Reviewed against locked signal, frozen qfq layer, remediation raw/hfq layers, and independent reconstruction."
STOCK_RS_PULLBACK_v1:603052.SH:2026-04-21:2026-04-22,EXIT_PRICE_RECONSTRUCTION,Independent adjusted exit price,CRITICAL,84.94,84.94,0.0,PASS,True,"""full post-entry replay""",OpenCode (assistant),2026-07-18T13:40:16.915473+00:00,"Reviewed against locked signal, frozen qfq layer, remediation raw/hfq layers, and independent reconstruction."
STOCK_RS_PULLBACK_v1:603052.SH:2026-04-21:2026-04-22,GROSS_RETURN_RECALCULATION,Gross return,CRITICAL,-0.06039823008849565,-0.06039823008849565,0.0,PASS,True,"""round_trip_cost=0.002""",OpenCode (assistant),2026-07-18T13:40:16.915473+00:00,"Reviewed against locked signal, frozen qfq layer, remediation raw/hfq layers, and independent reconstruction."
STOCK_RS_PULLBACK_v1:603052.SH:2026-04-21:2026-04-22,NET_RETURN_AND_COST_RECALCULATION,Net return and one cost deduction,CRITICAL,-0.062398230088495654,-0.062398230088495654,0.0,PASS,True,"""round_trip_cost=0.002""",OpenCode (assistant),2026-07-18T13:40:16.915473+00:00,"Reviewed against locked signal, frozen qfq layer, remediation raw/hfq layers, and independent reconstruction."
STOCK_RS_PULLBACK_v1:603052.SH:2026-04-21:2026-04-22,R_MULTIPLE_RECALCULATION,R multiple,CRITICAL,-0.249315068493151,-0.249315068493151,0.0,PASS,True,"""round_trip_cost=0.002""",OpenCode (assistant),2026-07-18T13:40:16.915473+00:00,"Reviewed against locked signal, frozen qfq layer, remediation raw/hfq layers, and independent reconstruction."
STOCK_RS_PULLBACK_v1:603052.SH:2026-04-21:2026-04-22,PRICE_ADJUSTMENT_CONSISTENCY,Adjustment series consistency,CRITICAL,"[""qfq""]","[""qfq""]",,PASS,True,"""signal/entry/exit adj_type""",OpenCode (assistant),2026-07-18T13:40:16.915473+00:00,"Reviewed against locked signal, frozen qfq layer, remediation raw/hfq layers, and independent reconstruction."
STOCK_RS_PULLBACK_v1:603052.SH:2026-04-21:2026-04-22,EXECUTION_REALISM,Raw execution-price realism,BLOCKING_DATA,"[""True"", ""True"", ""True"", true]",true,,PASS,True,"""requires consistent raw and adjusted OHLC plus adjustment factors""",OpenCode (assistant),2026-07-18T13:40:16.915473+00:00,"Reviewed against locked signal, frozen qfq layer, remediation raw/hfq layers, and independent reconstruction."
STOCK_RS_PULLBACK_v1:603052.SH:2026-04-21:2026-04-22,HISTORICAL_ST_STATUS,Historical ST execution branch,BLOCKING_DATA,null,"{""branch_invariant_rows"": 6, ""known_rows"": 0, ""rows"": 6}",,PASS_BRANCH_INVARIANT,False,"""ST/non-ST branches compared; non-execution-time differences remain non-blocking after complete trade replay""",OpenCode (assistant),2026-07-18T13:40:16.915473+00:00,"Reviewed against locked signal, frozen qfq layer, remediation raw/hfq layers, and independent reconstruction."
STOCK_RS_PULLBACK_v1:603052.SH:2026-04-21:2026-04-22,LIMIT_PRICE_VERIFICATION,Board/date-specific limit price,BLOCKING_DATA,null,"{""branch_invariant_rows"": 6, ""known_rows"": 0}",,NOT_EVALUABLE_LIMIT_PRICE_BRANCH_INVARIANT,False,"""exact limits retained as check limitations; complete fail-closed trade replay determines materiality""",OpenCode (assistant),2026-07-18T13:40:16.915473+00:00,Confirmed blocking data limitation; no value imputed.
STOCK_RS_PULLBACK_v1:688018.SH:2026-05-06:2026-05-07,UNIVERSE_TRADABLE_AT_SIGNAL,Signal-day universe,CRITICAL,"""688018.SH""",true,,PASS,True,"""signal_date=2026-05-06 00:00:00""",OpenCode (assistant),2026-07-18T13:40:16.915473+00:00,"Reviewed against locked signal, frozen qfq layer, remediation raw/hfq layers, and independent reconstruction."
STOCK_RS_PULLBACK_v1:688018.SH:2026-05-06:2026-05-07,DATE_ORDER_VALID,Pullback/trigger/entry order,CRITICAL,"[""2026-04-30 00:00:00"", ""2026-05-06 00:00:00"", ""2026-05-07 00:00:00""]",true,,PASS,True,"""strictly increasing dates""",OpenCode (assistant),2026-07-18T13:40:16.915473+00:00,"Reviewed against locked signal, frozen qfq layer, remediation raw/hfq layers, and independent reconstruction."
STOCK_RS_PULLBACK_v1:688018.SH:2026-05-06:2026-05-07,NO_LOOKAHEAD_IN_INDICATORS,Prefix-only indicator reconstruction,CRITICAL,"{""high_10d"": 127.46, ""ma20"": 113.65450000000001, ""ma60"": 111.79533333333333, ""ret20"": 0.22926540284360186, ""vol_ma5"": 5795224.8}","{""high_10d"": 127.46, ""ma20"": 113.65450000000001, ""ma60"": 111.79533333333333, ""ret20"": 0.22926540284360186, ""vol_ma5"": 5795224.8}",,PASS,True,"""prefix-only rolling recomputation""",OpenCode (assistant),2026-07-18T13:40:16.915473+00:00,"Reviewed against locked signal, frozen qfq layer, remediation raw/hfq layers, and independent reconstruction."
STOCK_RS_PULLBACK_v1:688018.SH:2026-05-06:2026-05-07,ENTRY_IS_NEXT_TRADING_DAY_OPEN,Next trading-day raw open entry,CRITICAL,"[""2026-05-07"", 174.71]","[""2026-05-07 00:00:00"", 174.71]",,PASS,True,"""first stock bar after trigger; raw open required""",OpenCode (assistant),2026-07-18T13:40:16.915473+00:00,"Reviewed against locked signal, frozen qfq layer, remediation raw/hfq layers, and independent reconstruction."
STOCK_RS_PULLBACK_v1:688018.SH:2026-05-06:2026-05-07,ENTRY_DAY_EXECUTABLE,Entry-day execution status,CRITICAL,"{""adj_close"": 127.85, ""adj_factor"": 0.7140169299838929, ""adj_high"": 128.49, ""adj_low"": 122.79, ""adj_offset"": -0.30642229000314103, ""adj_open"": 124.44, ""adj_type"": ""qfq"", ""adjustment_fit_error"": 0.0024764728058102037, ""adjustment_status"": ""KNOWN_AFFINE_TDX_QFQ_HFQ_VALIDATED"", ""board"": ""STAR"", ""can_buy_at_open"": ""TRUE"", ""can_sell_at_close"": ""TRUE"", ""can_sell_at_open"": ""TRUE"", ""can_sell_intraday"": ""TRUE"", ""close"": 127.85, ""close_at_limit_down"": ""FALSE"", ""close_at_limit_up"": ""FALSE"", ""closing_auction_fill_status"": ""UNKNOWN"", ""code"": ""688018.SH"", ""date"": ""2026-05-07 00:00:00"", ""hfq_close"": 356.62, ""hfq_fit_error"": 0.0022735757450504934, ""hfq_high"": 358.36, ""hfq_low"": 342.72, ""hfq_open"": 347.25, ""high"": 128.49, ""historical_st_branch_status"": ""PASS_BRANCH_INVARIANT"", ""historical_st_status"": ""UNKNOWN"", ""is_suspended"": false, ""limit_down_price"": NaN, ""limit_rule_reason"": ""point-in-time ST status unavailable; execution state resolved only where both ST rule candidates agree"", ""limit_rule_status"": ""UNKNOWN_MISSING_HISTORICAL_ST"", ""limit_up_price"": NaN, ""listing_date"": ""2019-07-22 00:00:00"", ""listing_trading_day"": 1645.0, ""low"": 122.79, ""one_price_limit_down"": ""FALSE"", ""one_price_limit_up"": ""FALSE"", ""open"": 124.44, ""open_at_limit_down"": ""FALSE"", ""open_at_limit_up"": ""FALSE"", ""opening_auction_fill_status"": ""UNKNOWN"", ""raw_close"": 179.49, ""raw_high"": 180.38, ""raw_low"": 172.4, ""raw_open"": 174.71, ""raw_pre_close"": 174.8, ""scheduled_close_fill_status"": ""FILLED_AT_CLOSE"", ""volume"": 6998079.0}","{""executable"": true, ""expected_outcome"": ""valid trade requires executable entry""}",,PASS,True,"""raw open, adjustment factor, trade status, and explicit open fillability""",OpenCode (assistant),2026-07-18T13:40:16.915473+00:00,"Reviewed against locked signal, frozen qfq layer, remediation raw/hfq layers, and independent reconstruction."
STOCK_RS_PULLBACK_v1:688018.SH:2026-05-06:2026-05-07,T1_NO_ENTRY_DAY_EXIT,A-share T+1,CRITICAL,"[""2026-05-07 00:00:00"", ""2026-05-19 00:00:00""]",true,,PASS,True,"""exit must follow entry date""",OpenCode (assistant),2026-07-18T13:40:16.915473+00:00,"Reviewed against locked signal, frozen qfq layer, remediation raw/hfq layers, and independent reconstruction."
STOCK_RS_PULLBACK_v1:688018.SH:2026-05-06:2026-05-07,EXIT_DATE_REASON_RECONSTRUCTION,Independent exit date and reason,CRITICAL,"[""2026-05-19 00:00:00"", ""target_2r""]","[""2026-05-19 00:00:00"", ""target_2r""]",,PASS,True,"""full post-entry replay with T+1 and sellability""",OpenCode (assistant),2026-07-18T13:40:16.915473+00:00,"Reviewed against locked signal, frozen qfq layer, remediation raw/hfq layers, and independent reconstruction."
STOCK_RS_PULLBACK_v1:688018.SH:2026-05-06:2026-05-07,HOLDING_DAYS_RECONSTRUCTION,Holding days including deferred fills,CRITICAL,9,9,0.0,PASS,True,"""target_2r""",OpenCode (assistant),2026-07-18T13:40:16.915473+00:00,"Reviewed against locked signal, frozen qfq layer, remediation raw/hfq layers, and independent reconstruction."
STOCK_RS_PULLBACK_v1:688018.SH:2026-05-06:2026-05-07,EXIT_PRICE_RECONSTRUCTION,Independent adjusted exit price,CRITICAL,136.18,136.18,0.0,PASS,True,"""full post-entry replay""",OpenCode (assistant),2026-07-18T13:40:16.915473+00:00,"Reviewed against locked signal, frozen qfq layer, remediation raw/hfq layers, and independent reconstruction."
STOCK_RS_PULLBACK_v1:688018.SH:2026-05-06:2026-05-07,GROSS_RETURN_RECALCULATION,Gross return,CRITICAL,0.09434265509482498,0.09434265509482498,0.0,PASS,True,"""round_trip_cost=0.002""",OpenCode (assistant),2026-07-18T13:40:16.915473+00:00,"Reviewed against locked signal, frozen qfq layer, remediation raw/hfq layers, and independent reconstruction."
STOCK_RS_PULLBACK_v1:688018.SH:2026-05-06:2026-05-07,NET_RETURN_AND_COST_RECALCULATION,Net return and one cost deduction,CRITICAL,0.09234265509482498,0.09234265509482498,0.0,PASS,True,"""round_trip_cost=0.002""",OpenCode (assistant),2026-07-18T13:40:16.915473+00:00,"Reviewed against locked signal, frozen qfq layer, remediation raw/hfq layers, and independent reconstruction."
STOCK_RS_PULLBACK_v1:688018.SH:2026-05-06:2026-05-07,R_MULTIPLE_RECALCULATION,R multiple,CRITICAL,2.0,2.0,0.0,PASS,True,"""round_trip_cost=0.002""",OpenCode (assistant),2026-07-18T13:40:16.915473+00:00,"Reviewed against locked signal, frozen qfq layer, remediation raw/hfq layers, and independent reconstruction."
STOCK_RS_PULLBACK_v1:688018.SH:2026-05-06:2026-05-07,PRICE_ADJUSTMENT_CONSISTENCY,Adjustment series consistency,CRITICAL,"[""qfq""]","[""qfq""]",,PASS,True,"""signal/entry/exit adj_type""",OpenCode (assistant),2026-07-18T13:40:16.915473+00:00,"Reviewed against locked signal, frozen qfq layer, remediation raw/hfq layers, and independent reconstruction."
STOCK_RS_PULLBACK_v1:688018.SH:2026-05-06:2026-05-07,EXECUTION_REALISM,Raw execution-price realism,BLOCKING_DATA,"[""True"", ""True"", ""True"", true]",true,,PASS,True,"""requires consistent raw and adjusted OHLC plus adjustment factors""",OpenCode (assistant),2026-07-18T13:40:16.915473+00:00,"Reviewed against locked signal, frozen qfq layer, remediation raw/hfq layers, and independent reconstruction."
STOCK_RS_PULLBACK_v1:688018.SH:2026-05-06:2026-05-07,HISTORICAL_ST_STATUS,Historical ST execution branch,BLOCKING_DATA,null,"{""branch_invariant_rows"": 10, ""known_rows"": 0, ""rows"": 10}",,PASS_BRANCH_INVARIANT,False,"""ST/non-ST branches compared; non-execution-time differences remain non-blocking after complete trade replay""",OpenCode (assistant),2026-07-18T13:40:16.915473+00:00,"Reviewed against locked signal, frozen qfq layer, remediation raw/hfq layers, and independent reconstruction."
STOCK_RS_PULLBACK_v1:688018.SH:2026-05-06:2026-05-07,LIMIT_PRICE_VERIFICATION,Board/date-specific limit price,BLOCKING_DATA,null,"{""branch_invariant_rows"": 10, ""known_rows"": 0}",,NOT_EVALUABLE_LIMIT_PRICE_BRANCH_INVARIANT,False,"""exact limits retained as check limitations; complete fail-closed trade replay determines materiality""",OpenCode (assistant),2026-07-18T13:40:16.915473+00:00,Confirmed blocking data limitation; no value imputed.
STOCK_RS_PULLBACK_v1:688353.SH:2025-11-17:2025-11-18,UNIVERSE_TRADABLE_AT_SIGNAL,Signal-day universe,CRITICAL,"""688353.SH""",true,,PASS,True,"""signal_date=2025-11-17 00:00:00""",OpenCode (assistant),2026-07-18T13:40:16.915473+00:00,"Reviewed against locked signal, frozen qfq layer, remediation raw/hfq layers, and independent reconstruction."
STOCK_RS_PULLBACK_v1:688353.SH:2025-11-17:2025-11-18,DATE_ORDER_VALID,Pullback/trigger/entry order,CRITICAL,"[""2025-11-12 00:00:00"", ""2025-11-17 00:00:00"", ""2025-11-18 00:00:00""]",true,,PASS,True,"""strictly increasing dates""",OpenCode (assistant),2026-07-18T13:40:16.915473+00:00,"Reviewed against locked signal, frozen qfq layer, remediation raw/hfq layers, and independent reconstruction."
STOCK_RS_PULLBACK_v1:688353.SH:2025-11-17:2025-11-18,NO_LOOKAHEAD_IN_INDICATORS,Prefix-only indicator reconstruction,CRITICAL,"{""high_10d"": 155.0, ""ma20"": 68.8165, ""ma60"": 50.3195, ""ret20"": 1.8484911550468266, ""vol_ma5"": 17550253.4}","{""high_10d"": 155.0, ""ma20"": 68.81649999999999, ""ma60"": 50.31949999999999, ""ret20"": 1.8484911550468266, ""vol_ma5"": 17550253.4}",,PASS,True,"""prefix-only rolling recomputation""",OpenCode (assistant),2026-07-18T13:40:16.915473+00:00,"Reviewed against locked signal, frozen qfq layer, remediation raw/hfq layers, and independent reconstruction."
STOCK_RS_PULLBACK_v1:688353.SH:2025-11-17:2025-11-18,ENTRY_IS_NEXT_TRADING_DAY_OPEN,Next trading-day raw open entry,CRITICAL,"[""2025-11-18"", 130.0]","[""2025-11-18 00:00:00"", 130.0]",,PASS,True,"""first stock bar after trigger; raw open required""",OpenCode (assistant),2026-07-18T13:40:16.915473+00:00,"Reviewed against locked signal, frozen qfq layer, remediation raw/hfq layers, and independent reconstruction."
STOCK_RS_PULLBACK_v1:688353.SH:2025-11-17:2025-11-18,ENTRY_DAY_EXECUTABLE,Entry-day execution status,CRITICAL,"{""adj_close"": 113.0, ""adj_factor"": 1.0, ""adj_high"": 132.0, ""adj_low"": 112.23, ""adj_offset"": 0.0, ""adj_open"": 130.0, ""adj_type"": ""qfq"", ""adjustment_fit_error"": 0.0, ""adjustment_status"": ""KNOWN_AFFINE_TDX_QFQ_HFQ_VALIDATED"", ""board"": ""STAR"", ""can_buy_at_open"": ""TRUE"", ""can_sell_at_close"": ""TRUE"", ""can_sell_at_open"": ""TRUE"", ""can_sell_intraday"": ""TRUE"", ""close"": 113.0, ""close_at_limit_down"": ""FALSE"", ""close_at_limit_up"": ""FALSE"", ""closing_auction_fill_status"": ""UNKNOWN"", ""code"": ""688353.SH"", ""date"": ""2025-11-18 00:00:00"", ""hfq_close"": 165.29, ""hfq_fit_error"": 0.0017425708301459508, ""hfq_high"": 192.84, ""hfq_low"": 164.17, ""hfq_open"": 189.94, ""high"": 132.0, ""historical_st_branch_status"": ""PASS_BRANCH_INVARIANT"", ""historical_st_status"": ""UNKNOWN"", ""is_suspended"": false, ""limit_down_price"": NaN, ""limit_rule_reason"": ""point-in-time ST status unavailable; execution state resolved only where both ST rule candidates agree"", ""limit_rule_status"": ""UNKNOWN_MISSING_HISTORICAL_ST"", ""limit_up_price"": NaN, ""listing_date"": ""2022-07-13 00:00:00"", ""listing_trading_day"": 813.0, ""low"": 112.23, ""one_price_limit_down"": ""FALSE"", ""one_price_limit_up"": ""FALSE"", ""open"": 130.0, ""open_at_limit_down"": ""FALSE"", ""open_at_limit_up"": ""FALSE"", ""opening_auction_fill_status"": ""UNKNOWN"", ""raw_close"": 113.0, ""raw_high"": 132.0, ""raw_low"": 112.23, ""raw_open"": 130.0, ""raw_pre_close"": 136.87, ""scheduled_close_fill_status"": ""FILLED_AT_CLOSE"", ""volume"": 20289195.0}","{""executable"": true, ""expected_outcome"": ""valid trade requires executable entry""}",,PASS,True,"""raw open, adjustment factor, trade status, and explicit open fillability""",OpenCode (assistant),2026-07-18T13:40:16.915473+00:00,"Reviewed against locked signal, frozen qfq layer, remediation raw/hfq layers, and independent reconstruction."
STOCK_RS_PULLBACK_v1:688353.SH:2025-11-17:2025-11-18,T1_NO_ENTRY_DAY_EXIT,A-share T+1,CRITICAL,"[""2025-11-18 00:00:00"", ""2025-11-24 00:00:00""]",true,,PASS,True,"""exit must follow entry date""",OpenCode (assistant),2026-07-18T13:40:16.915473+00:00,"Reviewed against locked signal, frozen qfq layer, remediation raw/hfq layers, and independent reconstruction."
STOCK_RS_PULLBACK_v1:688353.SH:2025-11-17:2025-11-18,EXIT_DATE_REASON_RECONSTRUCTION,Independent exit date and reason,CRITICAL,"[""2025-11-24 00:00:00"", ""time_stop_no_upside_progress""]","[""2025-11-24 00:00:00"", ""time_stop_no_upside_progress""]",,PASS,True,"""full post-entry replay with T+1 and sellability""",OpenCode (assistant),2026-07-18T13:40:16.915473+00:00,"Reviewed against locked signal, frozen qfq layer, remediation raw/hfq layers, and independent reconstruction."
STOCK_RS_PULLBACK_v1:688353.SH:2025-11-17:2025-11-18,HOLDING_DAYS_RECONSTRUCTION,Holding days including deferred fills,CRITICAL,5,5,0.0,PASS,True,"""time_stop_no_upside_progress""",OpenCode (assistant),2026-07-18T13:40:16.915473+00:00,"Reviewed against locked signal, frozen qfq layer, remediation raw/hfq layers, and independent reconstruction."
STOCK_RS_PULLBACK_v1:688353.SH:2025-11-17:2025-11-18,EXIT_PRICE_RECONSTRUCTION,Independent adjusted exit price,CRITICAL,93.4,93.4,0.0,PASS,True,"""full post-entry replay""",OpenCode (assistant),2026-07-18T13:40:16.915473+00:00,"Reviewed against locked signal, frozen qfq layer, remediation raw/hfq layers, and independent reconstruction."
STOCK_RS_PULLBACK_v1:688353.SH:2025-11-17:2025-11-18,GROSS_RETURN_RECALCULATION,Gross return,CRITICAL,-0.2815384615384615,-0.2815384615384615,0.0,PASS,True,"""round_trip_cost=0.002""",OpenCode (assistant),2026-07-18T13:40:16.915473+00:00,"Reviewed against locked signal, frozen qfq layer, remediation raw/hfq layers, and independent reconstruction."
STOCK_RS_PULLBACK_v1:688353.SH:2025-11-17:2025-11-18,NET_RETURN_AND_COST_RECALCULATION,Net return and one cost deduction,CRITICAL,-0.2835384615384615,-0.2835384615384615,0.0,PASS,True,"""round_trip_cost=0.002""",OpenCode (assistant),2026-07-18T13:40:16.915473+00:00,"Reviewed against locked signal, frozen qfq layer, remediation raw/hfq layers, and independent reconstruction."
STOCK_RS_PULLBACK_v1:688353.SH:2025-11-17:2025-11-18,R_MULTIPLE_RECALCULATION,R multiple,CRITICAL,-0.8929007074896316,-0.8929007074896316,0.0,PASS,True,"""round_trip_cost=0.002""",OpenCode (assistant),2026-07-18T13:40:16.915473+00:00,"Reviewed against locked signal, frozen qfq layer, remediation raw/hfq layers, and independent reconstruction."
STOCK_RS_PULLBACK_v1:688353.SH:2025-11-17:2025-11-18,PRICE_ADJUSTMENT_CONSISTENCY,Adjustment series consistency,CRITICAL,"[""qfq""]","[""qfq""]",,PASS,True,"""signal/entry/exit adj_type""",OpenCode (assistant),2026-07-18T13:40:16.915473+00:00,"Reviewed against locked signal, frozen qfq layer, remediation raw/hfq layers, and independent reconstruction."
STOCK_RS_PULLBACK_v1:688353.SH:2025-11-17:2025-11-18,EXECUTION_REALISM,Raw execution-price realism,BLOCKING_DATA,"[""True"", ""True"", ""True"", true]",true,,PASS,True,"""requires consistent raw and adjusted OHLC plus adjustment factors""",OpenCode (assistant),2026-07-18T13:40:16.915473+00:00,"Reviewed against locked signal, frozen qfq layer, remediation raw/hfq layers, and independent reconstruction."
STOCK_RS_PULLBACK_v1:688353.SH:2025-11-17:2025-11-18,HISTORICAL_ST_STATUS,Historical ST execution branch,BLOCKING_DATA,null,"{""branch_invariant_rows"": 6, ""known_rows"": 0, ""rows"": 6}",,PASS_BRANCH_INVARIANT,False,"""ST/non-ST branches compared; non-execution-time differences remain non-blocking after complete trade replay""",OpenCode (assistant),2026-07-18T13:40:16.915473+00:00,"Reviewed against locked signal, frozen qfq layer, remediation raw/hfq layers, and independent reconstruction."
STOCK_RS_PULLBACK_v1:688353.SH:2025-11-17:2025-11-18,LIMIT_PRICE_VERIFICATION,Board/date-specific limit price,BLOCKING_DATA,null,"{""branch_invariant_rows"": 6, ""known_rows"": 0}",,NOT_EVALUABLE_LIMIT_PRICE_BRANCH_INVARIANT,False,"""exact limits retained as check limitations; complete fail-closed trade replay determines materiality""",OpenCode (assistant),2026-07-18T13:40:16.915473+00:00,Confirmed blocking data limitation; no value imputed.
STOCK_RS_PULLBACK_v1:688408.SH:2022-07-22:2022-07-25,UNIVERSE_TRADABLE_AT_SIGNAL,Signal-day universe,CRITICAL,"""688408.SH""",true,,PASS,True,"""signal_date=2022-07-22 00:00:00""",OpenCode (assistant),2026-07-18T13:40:16.915473+00:00,"Reviewed against locked signal, frozen qfq layer, remediation raw/hfq layers, and independent reconstruction."
STOCK_RS_PULLBACK_v1:688408.SH:2022-07-22:2022-07-25,DATE_ORDER_VALID,Pullback/trigger/entry order,CRITICAL,"[""2022-07-20 00:00:00"", ""2022-07-22 00:00:00"", ""2022-07-25 00:00:00""]",true,,PASS,True,"""strictly increasing dates""",OpenCode (assistant),2026-07-18T13:40:16.915473+00:00,"Reviewed against locked signal, frozen qfq layer, remediation raw/hfq layers, and independent reconstruction."
STOCK_RS_PULLBACK_v1:688408.SH:2022-07-22:2022-07-25,NO_LOOKAHEAD_IN_INDICATORS,Prefix-only indicator reconstruction,CRITICAL,"{""high_10d"": 74.47, ""ma20"": 61.3165, ""ma60"": 52.956833333333336, ""ret20"": 0.09932762836185827, ""vol_ma5"": 3938251.2}","{""high_10d"": 74.47, ""ma20"": 61.3165, ""ma60"": 52.956833333333336, ""ret20"": 0.09932762836185827, ""vol_ma5"": 3938251.2}",,PASS,True,"""prefix-only rolling recomputation""",OpenCode (assistant),2026-07-18T13:40:16.915473+00:00,"Reviewed against locked signal, frozen qfq layer, remediation raw/hfq layers, and independent reconstruction."
STOCK_RS_PULLBACK_v1:688408.SH:2022-07-22:2022-07-25,ENTRY_IS_NEXT_TRADING_DAY_OPEN,Next trading-day raw open entry,CRITICAL,"[""2022-07-25"", 112.0]","[""2022-07-25 00:00:00"", 112.0]",,PASS,True,"""first stock bar after trigger; raw open required""",OpenCode (assistant),2026-07-18T13:40:16.915473+00:00,"Reviewed against locked signal, frozen qfq layer, remediation raw/hfq layers, and independent reconstruction."
STOCK_RS_PULLBACK_v1:688408.SH:2022-07-22:2022-07-25,ENTRY_DAY_EXECUTABLE,Entry-day execution status,CRITICAL,"{""adj_close"": 74.87, ""adj_factor"": 0.672093566786178, ""adj_high"": 76.85, ""adj_low"": 70.99, ""adj_offset"": -1.7638752691487412, ""adj_open"": 73.51, ""adj_type"": ""qfq"", ""adjustment_fit_error"": 0.0017667841887316627, ""adjustment_status"": ""KNOWN_AFFINE_TDX_QFQ_HFQ_VALIDATED"", ""board"": ""STAR"", ""can_buy_at_open"": ""TRUE"", ""can_sell_at_close"": ""TRUE"", ""can_sell_at_open"": ""TRUE"", ""can_sell_intraday"": ""TRUE"", ""close"": 74.87, ""close_at_limit_down"": ""FALSE"", ""close_at_limit_up"": ""FALSE"", ""closing_auction_fill_status"": ""UNKNOWN"", ""code"": ""688408.SH"", ""date"": ""2022-07-25 00:00:00"", ""hfq_close"": 114.48, ""hfq_fit_error"": 1.4210854715202004e-14, ""hfq_high"": 117.43, ""hfq_low"": 108.71, ""hfq_open"": 112.46, ""high"": 76.85, ""historical_st_branch_status"": ""PASS_BRANCH_INVARIANT"", ""historical_st_status"": ""UNKNOWN"", ""is_suspended"": false, ""limit_down_price"": NaN, ""limit_rule_reason"": ""point-in-time ST status unavailable; execution state resolved only where both ST rule candidates agree"", ""limit_rule_status"": ""UNKNOWN_MISSING_HISTORICAL_ST"", ""limit_up_price"": NaN, ""listing_date"": ""2020-08-28 00:00:00"", ""listing_trading_day"": 461.0, ""low"": 70.99, ""one_price_limit_down"": ""FALSE"", ""one_price_limit_up"": ""FALSE"", ""open"": 73.51, ""open_at_limit_down"": ""FALSE"", ""open_at_limit_up"": ""FALSE"", ""opening_auction_fill_status"": ""UNKNOWN"", ""raw_close"": 114.02, ""raw_high"": 116.97, ""raw_low"": 108.25, ""raw_open"": 112.0, ""raw_pre_close"": 109.66, ""scheduled_close_fill_status"": ""FILLED_AT_CLOSE"", ""volume"": 4418042.0}","{""executable"": true, ""expected_outcome"": ""valid trade requires executable entry""}",,PASS,True,"""raw open, adjustment factor, trade status, and explicit open fillability""",OpenCode (assistant),2026-07-18T13:40:16.915473+00:00,"Reviewed against locked signal, frozen qfq layer, remediation raw/hfq layers, and independent reconstruction."
STOCK_RS_PULLBACK_v1:688408.SH:2022-07-22:2022-07-25,T1_NO_ENTRY_DAY_EXIT,A-share T+1,CRITICAL,"[""2022-07-25 00:00:00"", ""2022-07-28 00:00:00""]",true,,PASS,True,"""exit must follow entry date""",OpenCode (assistant),2026-07-18T13:40:16.915473+00:00,"Reviewed against locked signal, frozen qfq layer, remediation raw/hfq layers, and independent reconstruction."
STOCK_RS_PULLBACK_v1:688408.SH:2022-07-22:2022-07-25,EXIT_DATE_REASON_RECONSTRUCTION,Independent exit date and reason,CRITICAL,"[""2022-07-28 00:00:00"", ""target_2r""]","[""2022-07-28 00:00:00"", ""target_2r""]",,PASS,True,"""full post-entry replay with T+1 and sellability""",OpenCode (assistant),2026-07-18T13:40:16.915473+00:00,"Reviewed against locked signal, frozen qfq layer, remediation raw/hfq layers, and independent reconstruction."
STOCK_RS_PULLBACK_v1:688408.SH:2022-07-22:2022-07-25,HOLDING_DAYS_RECONSTRUCTION,Holding days including deferred fills,CRITICAL,4,4,0.0,PASS,True,"""target_2r""",OpenCode (assistant),2026-07-18T13:40:16.915473+00:00,"Reviewed against locked signal, frozen qfq layer, remediation raw/hfq layers, and independent reconstruction."
STOCK_RS_PULLBACK_v1:688408.SH:2022-07-22:2022-07-25,EXIT_PRICE_RECONSTRUCTION,Independent adjusted exit price,CRITICAL,93.65000000000002,93.65000000000002,0.0,PASS,True,"""full post-entry replay""",OpenCode (assistant),2026-07-18T13:40:16.915473+00:00,"Reviewed against locked signal, frozen qfq layer, remediation raw/hfq layers, and independent reconstruction."
STOCK_RS_PULLBACK_v1:688408.SH:2022-07-22:2022-07-25,GROSS_RETURN_RECALCULATION,Gross return,CRITICAL,0.27397632975105446,0.27397632975105446,0.0,PASS,True,"""round_trip_cost=0.002""",OpenCode (assistant),2026-07-18T13:40:16.915473+00:00,"Reviewed against locked signal, frozen qfq layer, remediation raw/hfq layers, and independent reconstruction."
STOCK_RS_PULLBACK_v1:688408.SH:2022-07-22:2022-07-25,NET_RETURN_AND_COST_RECALCULATION,Net return and one cost deduction,CRITICAL,0.27197632975105446,0.27197632975105446,0.0,PASS,True,"""round_trip_cost=0.002""",OpenCode (assistant),2026-07-18T13:40:16.915473+00:00,"Reviewed against locked signal, frozen qfq layer, remediation raw/hfq layers, and independent reconstruction."
STOCK_RS_PULLBACK_v1:688408.SH:2022-07-22:2022-07-25,R_MULTIPLE_RECALCULATION,R multiple,CRITICAL,2.0,2.0,0.0,PASS,True,"""round_trip_cost=0.002""",OpenCode (assistant),2026-07-18T13:40:16.915473+00:00,"Reviewed against locked signal, frozen qfq layer, remediation raw/hfq layers, and independent reconstruction."
STOCK_RS_PULLBACK_v1:688408.SH:2022-07-22:2022-07-25,PRICE_ADJUSTMENT_CONSISTENCY,Adjustment series consistency,CRITICAL,"[""qfq""]","[""qfq""]",,PASS,True,"""signal/entry/exit adj_type""",OpenCode (assistant),2026-07-18T13:40:16.915473+00:00,"Reviewed against locked signal, frozen qfq layer, remediation raw/hfq layers, and independent reconstruction."
STOCK_RS_PULLBACK_v1:688408.SH:2022-07-22:2022-07-25,EXECUTION_REALISM,Raw execution-price realism,BLOCKING_DATA,"[""True"", ""True"", ""True"", true]",true,,PASS,True,"""requires consistent raw and adjusted OHLC plus adjustment factors""",OpenCode (assistant),2026-07-18T13:40:16.915473+00:00,"Reviewed against locked signal, frozen qfq layer, remediation raw/hfq layers, and independent reconstruction."
STOCK_RS_PULLBACK_v1:688408.SH:2022-07-22:2022-07-25,HISTORICAL_ST_STATUS,Historical ST execution branch,BLOCKING_DATA,null,"{""branch_invariant_rows"": 5, ""known_rows"": 0, ""rows"": 5}",,PASS_BRANCH_INVARIANT,False,"""ST/non-ST branches compared; non-execution-time differences remain non-blocking after complete trade replay""",OpenCode (assistant),2026-07-18T13:40:16.915473+00:00,"Reviewed against locked signal, frozen qfq layer, remediation raw/hfq layers, and independent reconstruction."
STOCK_RS_PULLBACK_v1:688408.SH:2022-07-22:2022-07-25,LIMIT_PRICE_VERIFICATION,Board/date-specific limit price,BLOCKING_DATA,null,"{""branch_invariant_rows"": 5, ""known_rows"": 0}",,NOT_EVALUABLE_LIMIT_PRICE_BRANCH_INVARIANT,False,"""exact limits retained as check limitations; complete fail-closed trade replay determines materiality""",OpenCode (assistant),2026-07-18T13:40:16.915473+00:00,Confirmed blocking data limitation; no value imputed.
